version,1.3.0
info,team,England
info,team,Australia
info,gender,male
info,season,2017
info,date,2017/06/10
info,competition,ICC Champions Trophy
info,match_number,10
info,venue,Edgbaston
info,city,Birmingham
info,toss_winner,England
info,toss_decision,field
info,player_of_match,BA Stokes
info,umpire,HDPK Dharmasena
info,umpire,CB Gaffaney
info,reserve_umpire,M Erasmus
info,tv_umpire,S Ravi
info,match_referee,AJ Pycroft
info,winner,England
info,winner_runs,40
info,method,D/L
ball,1,0.1,Australia,DA Warner,AJ Finch,JT Ball,0,0,"",""
ball,1,0.2,Australia,DA Warner,AJ Finch,JT Ball,0,0,"",""
ball,1,0.3,Australia,DA Warner,AJ Finch,JT Ball,0,0,"",""
ball,1,0.4,Australia,DA Warner,AJ Finch,JT Ball,0,0,"",""
ball,1,0.5,Australia,DA Warner,AJ Finch,JT Ball,0,0,"",""
ball,1,0.6,Australia,DA Warner,AJ Finch,JT Ball,0,0,"",""
ball,1,1.1,Australia,AJ Finch,DA Warner,MA Wood,0,0,"",""
ball,1,1.2,Australia,AJ Finch,DA Warner,MA Wood,0,0,"",""
ball,1,1.3,Australia,AJ Finch,DA Warner,MA Wood,0,0,"",""
ball,1,1.4,Australia,AJ Finch,DA Warner,MA Wood,0,0,"",""
ball,1,1.5,Australia,AJ Finch,DA Warner,MA Wood,1,0,"",""
ball,1,1.6,Australia,DA Warner,AJ Finch,MA Wood,0,0,"",""
ball,1,2.1,Australia,AJ Finch,DA Warner,JT Ball,4,0,"",""
ball,1,2.2,Australia,AJ Finch,DA Warner,JT Ball,0,0,"",""
ball,1,2.3,Australia,AJ Finch,DA Warner,JT Ball,4,0,"",""
ball,1,2.4,Australia,AJ Finch,DA Warner,JT Ball,1,0,"",""
ball,1,2.5,Australia,DA Warner,AJ Finch,JT Ball,0,0,"",""
ball,1,2.6,Australia,DA Warner,AJ Finch,JT Ball,1,0,"",""
ball,1,3.1,Australia,DA Warner,AJ Finch,MA Wood,4,0,"",""
ball,1,3.2,Australia,DA Warner,AJ Finch,MA Wood,1,0,"",""
ball,1,3.3,Australia,AJ Finch,DA Warner,MA Wood,0,0,"",""
ball,1,3.4,Australia,AJ Finch,DA Warner,MA Wood,0,0,"",""
ball,1,3.5,Australia,AJ Finch,DA Warner,MA Wood,1,0,"",""
ball,1,3.6,Australia,DA Warner,AJ Finch,MA Wood,0,0,"",""
ball,1,4.1,Australia,AJ Finch,DA Warner,JT Ball,0,0,"",""
ball,1,4.2,Australia,AJ Finch,DA Warner,JT Ball,0,1,"",""
ball,1,4.3,Australia,AJ Finch,DA Warner,JT Ball,1,0,"",""
ball,1,4.4,Australia,DA Warner,AJ Finch,JT Ball,4,0,"",""
ball,1,4.5,Australia,DA Warner,AJ Finch,JT Ball,0,0,"",""
ball,1,4.6,Australia,DA Warner,AJ Finch,JT Ball,1,0,"",""
ball,1,4.7,Australia,AJ Finch,DA Warner,JT Ball,1,0,"",""
ball,1,5.1,Australia,AJ Finch,DA Warner,MA Wood,1,0,"",""
ball,1,5.2,Australia,DA Warner,AJ Finch,MA Wood,0,0,"",""
ball,1,5.3,Australia,DA Warner,AJ Finch,MA Wood,4,0,"",""
ball,1,5.4,Australia,DA Warner,AJ Finch,MA Wood,0,0,"",""
ball,1,5.5,Australia,DA Warner,AJ Finch,MA Wood,0,0,"",""
ball,1,5.6,Australia,DA Warner,AJ Finch,MA Wood,1,0,"",""
ball,1,6.1,Australia,DA Warner,AJ Finch,JT Ball,0,0,"",""
ball,1,6.2,Australia,DA Warner,AJ Finch,JT Ball,1,0,"",""
ball,1,6.3,Australia,AJ Finch,DA Warner,JT Ball,2,0,"",""
ball,1,6.4,Australia,AJ Finch,DA Warner,JT Ball,0,1,"",""
ball,1,6.5,Australia,DA Warner,AJ Finch,JT Ball,0,0,"",""
ball,1,6.6,Australia,DA Warner,AJ Finch,JT Ball,4,0,"",""
ball,1,7.1,Australia,AJ Finch,DA Warner,MA Wood,1,0,"",""
ball,1,7.2,Australia,DA Warner,AJ Finch,MA Wood,0,0,caught,DA Warner
ball,1,7.3,Australia,SPD Smith,AJ Finch,MA Wood,0,0,"",""
ball,1,7.4,Australia,SPD Smith,AJ Finch,MA Wood,0,0,"",""
ball,1,7.5,Australia,SPD Smith,AJ Finch,MA Wood,1,0,"",""
ball,1,7.6,Australia,AJ Finch,SPD Smith,MA Wood,4,0,"",""
ball,1,8.1,Australia,SPD Smith,AJ Finch,JT Ball,0,0,"",""
ball,1,8.2,Australia,SPD Smith,AJ Finch,JT Ball,1,0,"",""
ball,1,8.3,Australia,AJ Finch,SPD Smith,JT Ball,3,0,"",""
ball,1,8.4,Australia,SPD Smith,AJ Finch,JT Ball,0,0,"",""
ball,1,8.5,Australia,SPD Smith,AJ Finch,JT Ball,4,0,"",""
ball,1,8.6,Australia,SPD Smith,AJ Finch,JT Ball,2,0,"",""
ball,1,9.1,Australia,AJ Finch,SPD Smith,MA Wood,0,0,"",""
ball,1,9.2,Australia,AJ Finch,SPD Smith,MA Wood,0,0,"",""
ball,1,9.3,Australia,AJ Finch,SPD Smith,MA Wood,1,0,"",""
ball,1,9.4,Australia,SPD Smith,AJ Finch,MA Wood,0,0,"",""
ball,1,9.5,Australia,SPD Smith,AJ Finch,MA Wood,0,0,"",""
ball,1,9.6,Australia,SPD Smith,AJ Finch,MA Wood,0,0,"",""
ball,1,10.1,Australia,AJ Finch,SPD Smith,LE Plunkett,4,0,"",""
ball,1,10.2,Australia,AJ Finch,SPD Smith,LE Plunkett,1,0,"",""
ball,1,10.3,Australia,SPD Smith,AJ Finch,LE Plunkett,1,0,"",""
ball,1,10.4,Australia,AJ Finch,SPD Smith,LE Plunkett,4,0,"",""
ball,1,10.5,Australia,AJ Finch,SPD Smith,LE Plunkett,0,0,"",""
ball,1,10.6,Australia,AJ Finch,SPD Smith,LE Plunkett,1,0,"",""
ball,1,11.1,Australia,AJ Finch,SPD Smith,BA Stokes,0,0,"",""
ball,1,11.2,Australia,AJ Finch,SPD Smith,BA Stokes,0,0,"",""
ball,1,11.3,Australia,AJ Finch,SPD Smith,BA Stokes,1,0,"",""
ball,1,11.4,Australia,SPD Smith,AJ Finch,BA Stokes,0,0,"",""
ball,1,11.5,Australia,SPD Smith,AJ Finch,BA Stokes,1,0,"",""
ball,1,11.6,Australia,AJ Finch,SPD Smith,BA Stokes,1,0,"",""
ball,1,12.1,Australia,AJ Finch,SPD Smith,LE Plunkett,0,0,"",""
ball,1,12.2,Australia,AJ Finch,SPD Smith,LE Plunkett,0,0,"",""
ball,1,12.3,Australia,AJ Finch,SPD Smith,LE Plunkett,0,0,"",""
ball,1,12.4,Australia,AJ Finch,SPD Smith,LE Plunkett,0,1,"",""
ball,1,12.5,Australia,AJ Finch,SPD Smith,LE Plunkett,0,1,"",""
ball,1,12.6,Australia,SPD Smith,AJ Finch,LE Plunkett,0,0,"",""
ball,1,12.7,Australia,SPD Smith,AJ Finch,LE Plunkett,0,0,"",""
ball,1,13.1,Australia,AJ Finch,SPD Smith,BA Stokes,0,0,"",""
ball,1,13.2,Australia,AJ Finch,SPD Smith,BA Stokes,0,0,"",""
ball,1,13.3,Australia,AJ Finch,SPD Smith,BA Stokes,1,0,"",""
ball,1,13.4,Australia,SPD Smith,AJ Finch,BA Stokes,0,0,"",""
ball,1,13.5,Australia,SPD Smith,AJ Finch,BA Stokes,1,0,"",""
ball,1,13.6,Australia,AJ Finch,SPD Smith,BA Stokes,1,0,"",""
ball,1,14.1,Australia,AJ Finch,SPD Smith,LE Plunkett,1,0,"",""
ball,1,14.2,Australia,SPD Smith,AJ Finch,LE Plunkett,0,0,"",""
ball,1,14.3,Australia,SPD Smith,AJ Finch,LE Plunkett,0,0,"",""
ball,1,14.4,Australia,SPD Smith,AJ Finch,LE Plunkett,0,0,"",""
ball,1,14.5,Australia,SPD Smith,AJ Finch,LE Plunkett,0,0,"",""
ball,1,14.6,Australia,SPD Smith,AJ Finch,LE Plunkett,0,0,"",""
ball,1,15.1,Australia,AJ Finch,SPD Smith,BA Stokes,4,0,"",""
ball,1,15.2,Australia,AJ Finch,SPD Smith,BA Stokes,4,0,"",""
ball,1,15.3,Australia,AJ Finch,SPD Smith,BA Stokes,1,0,"",""
ball,1,15.4,Australia,SPD Smith,AJ Finch,BA Stokes,4,0,"",""
ball,1,15.5,Australia,SPD Smith,AJ Finch,BA Stokes,1,0,"",""
ball,1,15.6,Australia,AJ Finch,SPD Smith,BA Stokes,0,0,"",""
ball,1,16.1,Australia,SPD Smith,AJ Finch,LE Plunkett,0,0,"",""
ball,1,16.2,Australia,SPD Smith,AJ Finch,LE Plunkett,1,0,"",""
ball,1,16.3,Australia,AJ Finch,SPD Smith,LE Plunkett,1,0,"",""
ball,1,16.4,Australia,SPD Smith,AJ Finch,LE Plunkett,0,0,"",""
ball,1,16.5,Australia,SPD Smith,AJ Finch,LE Plunkett,0,0,"",""
ball,1,16.6,Australia,SPD Smith,AJ Finch,LE Plunkett,1,0,"",""
ball,1,17.1,Australia,SPD Smith,AJ Finch,AU Rashid,0,0,"",""
ball,1,17.2,Australia,SPD Smith,AJ Finch,AU Rashid,0,0,"",""
ball,1,17.3,Australia,SPD Smith,AJ Finch,AU Rashid,2,0,"",""
ball,1,17.4,Australia,SPD Smith,AJ Finch,AU Rashid,1,0,"",""
ball,1,17.5,Australia,AJ Finch,SPD Smith,AU Rashid,1,0,"",""
ball,1,17.6,Australia,SPD Smith,AJ Finch,AU Rashid,1,0,"",""
ball,1,18.1,Australia,SPD Smith,AJ Finch,LE Plunkett,2,1,"",""
ball,1,18.2,Australia,SPD Smith,AJ Finch,LE Plunkett,1,0,"",""
ball,1,18.3,Australia,AJ Finch,SPD Smith,LE Plunkett,2,0,"",""
ball,1,18.4,Australia,AJ Finch,SPD Smith,LE Plunkett,1,0,"",""
ball,1,18.5,Australia,SPD Smith,AJ Finch,LE Plunkett,4,0,"",""
ball,1,18.6,Australia,SPD Smith,AJ Finch,LE Plunkett,1,0,"",""
ball,1,18.7,Australia,AJ Finch,SPD Smith,LE Plunkett,1,0,"",""
ball,1,19.1,Australia,AJ Finch,SPD Smith,AU Rashid,1,0,"",""
ball,1,19.2,Australia,SPD Smith,AJ Finch,AU Rashid,1,0,"",""
ball,1,19.3,Australia,AJ Finch,SPD Smith,AU Rashid,0,0,"",""
ball,1,19.4,Australia,AJ Finch,SPD Smith,AU Rashid,0,0,"",""
ball,1,19.5,Australia,AJ Finch,SPD Smith,AU Rashid,0,0,"",""
ball,1,19.6,Australia,AJ Finch,SPD Smith,AU Rashid,1,0,"",""
ball,1,20.1,Australia,AJ Finch,SPD Smith,BA Stokes,1,0,"",""
ball,1,20.2,Australia,SPD Smith,AJ Finch,BA Stokes,0,0,"",""
ball,1,20.3,Australia,SPD Smith,AJ Finch,BA Stokes,4,0,"",""
ball,1,20.4,Australia,SPD Smith,AJ Finch,BA Stokes,0,0,"",""
ball,1,20.5,Australia,SPD Smith,AJ Finch,BA Stokes,0,0,"",""
ball,1,20.6,Australia,SPD Smith,AJ Finch,BA Stokes,0,1,"",""
ball,1,20.7,Australia,SPD Smith,AJ Finch,BA Stokes,1,0,"",""
ball,1,21.1,Australia,SPD Smith,AJ Finch,AU Rashid,1,0,"",""
ball,1,21.2,Australia,AJ Finch,SPD Smith,AU Rashid,2,0,"",""
ball,1,21.3,Australia,AJ Finch,SPD Smith,AU Rashid,0,0,"",""
ball,1,21.4,Australia,AJ Finch,SPD Smith,AU Rashid,2,0,"",""
ball,1,21.5,Australia,AJ Finch,SPD Smith,AU Rashid,1,0,"",""
ball,1,21.6,Australia,SPD Smith,AJ Finch,AU Rashid,1,0,"",""
ball,1,22.1,Australia,SPD Smith,AJ Finch,BA Stokes,1,0,"",""
ball,1,22.2,Australia,AJ Finch,SPD Smith,BA Stokes,4,0,"",""
ball,1,22.3,Australia,AJ Finch,SPD Smith,BA Stokes,0,1,"",""
ball,1,22.4,Australia,AJ Finch,SPD Smith,BA Stokes,1,0,"",""
ball,1,22.5,Australia,SPD Smith,AJ Finch,BA Stokes,1,0,"",""
ball,1,22.6,Australia,AJ Finch,SPD Smith,BA Stokes,0,0,caught,AJ Finch
ball,1,22.7,Australia,SPD Smith,MC Henriques,BA Stokes,0,0,"",""
ball,1,23.1,Australia,MC Henriques,SPD Smith,AU Rashid,0,0,"",""
ball,1,23.2,Australia,MC Henriques,SPD Smith,AU Rashid,0,0,"",""
ball,1,23.3,Australia,MC Henriques,SPD Smith,AU Rashid,0,0,"",""
ball,1,23.4,Australia,MC Henriques,SPD Smith,AU Rashid,0,0,"",""
ball,1,23.5,Australia,MC Henriques,SPD Smith,AU Rashid,0,0,"",""
ball,1,23.6,Australia,MC Henriques,SPD Smith,AU Rashid,0,0,"",""
ball,1,24.1,Australia,SPD Smith,MC Henriques,BA Stokes,1,0,"",""
ball,1,24.2,Australia,MC Henriques,SPD Smith,BA Stokes,0,0,"",""
ball,1,24.3,Australia,MC Henriques,SPD Smith,BA Stokes,4,0,"",""
ball,1,24.4,Australia,MC Henriques,SPD Smith,BA Stokes,4,0,"",""
ball,1,24.5,Australia,MC Henriques,SPD Smith,BA Stokes,0,1,"",""
ball,1,24.6,Australia,SPD Smith,MC Henriques,BA Stokes,0,1,"",""
ball,1,24.7,Australia,SPD Smith,MC Henriques,BA Stokes,0,0,"",""
ball,1,25.1,Australia,MC Henriques,SPD Smith,AU Rashid,0,0,"",""
ball,1,25.2,Australia,MC Henriques,SPD Smith,AU Rashid,2,0,"",""
ball,1,25.3,Australia,MC Henriques,SPD Smith,AU Rashid,1,0,"",""
ball,1,25.4,Australia,SPD Smith,MC Henriques,AU Rashid,1,0,"",""
ball,1,25.5,Australia,MC Henriques,SPD Smith,AU Rashid,1,0,"",""
ball,1,25.6,Australia,SPD Smith,MC Henriques,AU Rashid,1,0,"",""
ball,1,26.1,Australia,SPD Smith,MC Henriques,LE Plunkett,0,0,"",""
ball,1,26.2,Australia,SPD Smith,MC Henriques,LE Plunkett,1,0,"",""
ball,1,26.3,Australia,MC Henriques,SPD Smith,LE Plunkett,1,0,"",""
ball,1,26.4,Australia,SPD Smith,MC Henriques,LE Plunkett,1,0,"",""
ball,1,26.5,Australia,MC Henriques,SPD Smith,LE Plunkett,4,0,"",""
ball,1,26.6,Australia,MC Henriques,SPD Smith,LE Plunkett,0,0,"",""
ball,1,27.1,Australia,SPD Smith,MC Henriques,AU Rashid,0,0,"",""
ball,1,27.2,Australia,SPD Smith,MC Henriques,AU Rashid,1,0,"",""
ball,1,27.3,Australia,MC Henriques,SPD Smith,AU Rashid,0,0,"",""
ball,1,27.4,Australia,MC Henriques,SPD Smith,AU Rashid,0,0,caught,MC Henriques
ball,1,27.5,Australia,TM Head,SPD Smith,AU Rashid,1,0,"",""
ball,1,27.6,Australia,SPD Smith,TM Head,AU Rashid,1,0,"",""
ball,1,28.1,Australia,SPD Smith,TM Head,LE Plunkett,0,0,"",""
ball,1,28.2,Australia,SPD Smith,TM Head,LE Plunkett,1,0,"",""
ball,1,28.3,Australia,TM Head,SPD Smith,LE Plunkett,0,0,"",""
ball,1,28.4,Australia,TM Head,SPD Smith,LE Plunkett,4,0,"",""
ball,1,28.5,Australia,TM Head,SPD Smith,LE Plunkett,0,0,"",""
ball,1,28.6,Australia,TM Head,SPD Smith,LE Plunkett,2,0,"",""
ball,1,29.1,Australia,SPD Smith,TM Head,AU Rashid,0,0,"",""
ball,1,29.2,Australia,SPD Smith,TM Head,AU Rashid,0,0,"",""
ball,1,29.3,Australia,SPD Smith,TM Head,AU Rashid,0,0,"",""
ball,1,29.4,Australia,SPD Smith,TM Head,AU Rashid,0,0,"",""
ball,1,29.5,Australia,SPD Smith,TM Head,AU Rashid,1,0,"",""
ball,1,29.6,Australia,TM Head,SPD Smith,AU Rashid,1,0,"",""
ball,1,30.1,Australia,TM Head,SPD Smith,LE Plunkett,0,0,"",""
ball,1,30.2,Australia,TM Head,SPD Smith,LE Plunkett,1,0,"",""
ball,1,30.3,Australia,SPD Smith,TM Head,LE Plunkett,4,0,"",""
ball,1,30.4,Australia,SPD Smith,TM Head,LE Plunkett,0,0,"",""
ball,1,30.5,Australia,SPD Smith,TM Head,LE Plunkett,0,0,"",""
ball,1,30.6,Australia,SPD Smith,TM Head,LE Plunkett,1,0,"",""
ball,1,31.1,Australia,SPD Smith,TM Head,MM Ali,0,0,"",""
ball,1,31.2,Australia,SPD Smith,TM Head,MM Ali,0,0,"",""
ball,1,31.3,Australia,SPD Smith,TM Head,MM Ali,0,0,"",""
ball,1,31.4,Australia,SPD Smith,TM Head,MM Ali,1,0,"",""
ball,1,31.5,Australia,TM Head,SPD Smith,MM Ali,1,0,"",""
ball,1,31.6,Australia,SPD Smith,TM Head,MM Ali,1,0,"",""
ball,1,32.1,Australia,SPD Smith,TM Head,MA Wood,0,0,caught,SPD Smith
ball,1,32.2,Australia,GJ Maxwell,TM Head,MA Wood,0,0,"",""
ball,1,32.3,Australia,GJ Maxwell,TM Head,MA Wood,0,0,"",""
ball,1,32.4,Australia,GJ Maxwell,TM Head,MA Wood,0,0,"",""
ball,1,32.5,Australia,GJ Maxwell,TM Head,MA Wood,0,0,"",""
ball,1,32.6,Australia,GJ Maxwell,TM Head,MA Wood,0,0,"",""
ball,1,33.1,Australia,TM Head,GJ Maxwell,MM Ali,0,0,"",""
ball,1,33.2,Australia,TM Head,GJ Maxwell,MM Ali,0,0,"",""
ball,1,33.3,Australia,TM Head,GJ Maxwell,MM Ali,0,0,"",""
ball,1,33.4,Australia,TM Head,GJ Maxwell,MM Ali,1,0,"",""
ball,1,33.5,Australia,GJ Maxwell,TM Head,MM Ali,0,1,"",""
ball,1,33.6,Australia,GJ Maxwell,TM Head,MM Ali,0,0,"",""
ball,1,33.7,Australia,GJ Maxwell,TM Head,MM Ali,0,0,"",""
ball,1,34.1,Australia,TM Head,GJ Maxwell,MA Wood,0,0,"",""
ball,1,34.2,Australia,TM Head,GJ Maxwell,MA Wood,0,0,"",""
ball,1,34.3,Australia,TM Head,GJ Maxwell,MA Wood,1,0,"",""
ball,1,34.4,Australia,GJ Maxwell,TM Head,MA Wood,0,0,"",""
ball,1,34.5,Australia,GJ Maxwell,TM Head,MA Wood,1,0,"",""
ball,1,34.6,Australia,TM Head,GJ Maxwell,MA Wood,4,0,"",""
ball,1,35.1,Australia,GJ Maxwell,TM Head,MM Ali,0,1,"",""
ball,1,35.2,Australia,TM Head,GJ Maxwell,MM Ali,0,0,"",""
ball,1,35.3,Australia,TM Head,GJ Maxwell,MM Ali,0,0,"",""
ball,1,35.4,Australia,TM Head,GJ Maxwell,MM Ali,0,0,"",""
ball,1,35.5,Australia,TM Head,GJ Maxwell,MM Ali,1,0,"",""
ball,1,35.6,Australia,GJ Maxwell,TM Head,MM Ali,1,0,"",""
ball,1,36.1,Australia,GJ Maxwell,TM Head,JT Ball,0,1,"",""
ball,1,36.2,Australia,TM Head,GJ Maxwell,JT Ball,2,0,"",""
ball,1,36.3,Australia,TM Head,GJ Maxwell,JT Ball,0,0,"",""
ball,1,36.4,Australia,TM Head,GJ Maxwell,JT Ball,1,0,"",""
ball,1,36.5,Australia,GJ Maxwell,TM Head,JT Ball,0,0,"",""
ball,1,36.6,Australia,GJ Maxwell,TM Head,JT Ball,1,0,"",""
ball,1,37.1,Australia,GJ Maxwell,TM Head,MM Ali,1,0,"",""
ball,1,37.2,Australia,TM Head,GJ Maxwell,MM Ali,1,0,"",""
ball,1,37.3,Australia,GJ Maxwell,TM Head,MM Ali,0,0,"",""
ball,1,37.4,Australia,GJ Maxwell,TM Head,MM Ali,4,0,"",""
ball,1,37.5,Australia,GJ Maxwell,TM Head,MM Ali,1,0,"",""
ball,1,37.6,Australia,TM Head,GJ Maxwell,MM Ali,1,0,"",""
ball,1,38.1,Australia,TM Head,GJ Maxwell,JT Ball,0,1,"",""
ball,1,38.2,Australia,GJ Maxwell,TM Head,JT Ball,0,0,"",""
ball,1,38.3,Australia,GJ Maxwell,TM Head,JT Ball,1,0,"",""
ball,1,38.4,Australia,TM Head,GJ Maxwell,JT Ball,2,0,"",""
ball,1,38.5,Australia,TM Head,GJ Maxwell,JT Ball,1,0,"",""
ball,1,38.6,Australia,GJ Maxwell,TM Head,JT Ball,1,0,"",""
ball,1,39.1,Australia,GJ Maxwell,TM Head,MM Ali,1,0,"",""
ball,1,39.2,Australia,TM Head,GJ Maxwell,MM Ali,1,0,"",""
ball,1,39.3,Australia,GJ Maxwell,TM Head,MM Ali,4,0,"",""
ball,1,39.4,Australia,GJ Maxwell,TM Head,MM Ali,0,0,"",""
ball,1,39.5,Australia,GJ Maxwell,TM Head,MM Ali,2,0,"",""
ball,1,39.6,Australia,GJ Maxwell,TM Head,MM Ali,0,1,"",""
ball,1,39.7,Australia,GJ Maxwell,TM Head,MM Ali,0,0,"",""
ball,1,40.1,Australia,TM Head,GJ Maxwell,JT Ball,0,1,"",""
ball,1,40.2,Australia,GJ Maxwell,TM Head,JT Ball,1,0,"",""
ball,1,40.3,Australia,TM Head,GJ Maxwell,JT Ball,4,0,"",""
ball,1,40.4,Australia,TM Head,GJ Maxwell,JT Ball,4,0,"",""
ball,1,40.5,Australia,TM Head,GJ Maxwell,JT Ball,0,0,"",""
ball,1,40.6,Australia,TM Head,GJ Maxwell,JT Ball,1,0,"",""
ball,1,41.1,Australia,TM Head,GJ Maxwell,AU Rashid,2,0,"",""
ball,1,41.2,Australia,TM Head,GJ Maxwell,AU Rashid,0,0,"",""
ball,1,41.3,Australia,TM Head,GJ Maxwell,AU Rashid,2,0,"",""
ball,1,41.4,Australia,TM Head,GJ Maxwell,AU Rashid,1,0,"",""
ball,1,41.5,Australia,GJ Maxwell,TM Head,AU Rashid,1,0,"",""
ball,1,41.6,Australia,TM Head,GJ Maxwell,AU Rashid,2,0,"",""
ball,1,42.1,Australia,GJ Maxwell,TM Head,MA Wood,0,0,"",""
ball,1,42.2,Australia,GJ Maxwell,TM Head,MA Wood,0,0,"",""
ball,1,42.3,Australia,GJ Maxwell,TM Head,MA Wood,0,0,caught,GJ Maxwell
ball,1,42.4,Australia,TM Head,MS Wade,MA Wood,1,0,"",""
ball,1,42.5,Australia,MS Wade,TM Head,MA Wood,0,0,"",""
ball,1,42.6,Australia,MS Wade,TM Head,MA Wood,2,0,"",""
ball,1,43.1,Australia,TM Head,MS Wade,AU Rashid,2,0,"",""
ball,1,43.2,Australia,TM Head,MS Wade,AU Rashid,1,0,"",""
ball,1,43.3,Australia,MS Wade,TM Head,AU Rashid,0,0,caught and bowled,MS Wade
ball,1,43.4,Australia,MA Starc,TM Head,AU Rashid,0,0,"",""
ball,1,43.5,Australia,MA Starc,TM Head,AU Rashid,0,0,"",""
ball,1,43.6,Australia,MA Starc,TM Head,AU Rashid,0,0,caught,MA Starc
ball,1,44.1,Australia,TM Head,PJ Cummins,MA Wood,1,0,"",""
ball,1,44.2,Australia,PJ Cummins,TM Head,MA Wood,0,1,"",""
ball,1,44.3,Australia,TM Head,PJ Cummins,MA Wood,0,0,"",""
ball,1,44.4,Australia,TM Head,PJ Cummins,MA Wood,0,0,"",""
ball,1,44.5,Australia,TM Head,PJ Cummins,MA Wood,1,0,"",""
ball,1,44.6,Australia,PJ Cummins,TM Head,MA Wood,1,0,"",""
ball,1,45.1,Australia,PJ Cummins,TM Head,AU Rashid,1,0,"",""
ball,1,45.2,Australia,TM Head,PJ Cummins,AU Rashid,1,0,"",""
ball,1,45.3,Australia,PJ Cummins,TM Head,AU Rashid,2,0,"",""
ball,1,45.4,Australia,PJ Cummins,TM Head,AU Rashid,0,0,"",""
ball,1,45.5,Australia,PJ Cummins,TM Head,AU Rashid,0,0,"",""
ball,1,45.6,Australia,PJ Cummins,TM Head,AU Rashid,0,0,caught and bowled,PJ Cummins
ball,1,46.1,Australia,TM Head,A Zampa,MA Wood,1,0,"",""
ball,1,46.2,Australia,A Zampa,TM Head,MA Wood,0,0,"",""
ball,1,46.3,Australia,A Zampa,TM Head,MA Wood,0,0,"",""
ball,1,46.4,Australia,A Zampa,TM Head,MA Wood,0,0,bowled,A Zampa
ball,1,46.5,Australia,JR Hazlewood,TM Head,MA Wood,0,0,"",""
ball,1,46.6,Australia,JR Hazlewood,TM Head,MA Wood,0,0,"",""
ball,1,47.1,Australia,TM Head,JR Hazlewood,BA Stokes,0,1,"",""
ball,1,47.2,Australia,TM Head,JR Hazlewood,BA Stokes,1,0,"",""
ball,1,47.3,Australia,JR Hazlewood,TM Head,BA Stokes,0,0,"",""
ball,1,47.4,Australia,JR Hazlewood,TM Head,BA Stokes,0,0,"",""
ball,1,47.5,Australia,JR Hazlewood,TM Head,BA Stokes,1,0,"",""
ball,1,47.6,Australia,TM Head,JR Hazlewood,BA Stokes,0,0,"",""
ball,1,47.7,Australia,TM Head,JR Hazlewood,BA Stokes,1,0,"",""
ball,1,48.1,Australia,TM Head,JR Hazlewood,JT Ball,0,0,"",""
ball,1,48.2,Australia,TM Head,JR Hazlewood,JT Ball,0,0,"",""
ball,1,48.3,Australia,TM Head,JR Hazlewood,JT Ball,6,0,"",""
ball,1,48.4,Australia,TM Head,JR Hazlewood,JT Ball,0,0,"",""
ball,1,48.5,Australia,TM Head,JR Hazlewood,JT Ball,0,0,"",""
ball,1,48.6,Australia,TM Head,JR Hazlewood,JT Ball,1,0,"",""
ball,1,49.1,Australia,TM Head,JR Hazlewood,BA Stokes,6,0,"",""
ball,1,49.2,Australia,TM Head,JR Hazlewood,BA Stokes,0,0,"",""
ball,1,49.3,Australia,TM Head,JR Hazlewood,BA Stokes,4,0,"",""
ball,1,49.4,Australia,TM Head,JR Hazlewood,BA Stokes,0,0,"",""
ball,1,49.5,Australia,TM Head,JR Hazlewood,BA Stokes,0,0,"",""
ball,1,49.6,Australia,TM Head,JR Hazlewood,BA Stokes,2,0,"",""
ball,2,0.1,England,JJ Roy,AD Hales,MA Starc,4,0,"",""
ball,2,0.2,England,JJ Roy,AD Hales,MA Starc,0,0,lbw,JJ Roy
ball,2,0.3,England,JE Root,AD Hales,MA Starc,1,0,"",""
ball,2,0.4,England,AD Hales,JE Root,MA Starc,0,0,"",""
ball,2,0.5,England,AD Hales,JE Root,MA Starc,0,0,"",""
ball,2,0.6,England,AD Hales,JE Root,MA Starc,0,0,"",""
ball,2,1.1,England,JE Root,AD Hales,JR Hazlewood,1,0,"",""
ball,2,1.2,England,AD Hales,JE Root,JR Hazlewood,0,0,caught,AD Hales
ball,2,1.3,England,EJG Morgan,JE Root,JR Hazlewood,0,0,"",""
ball,2,1.4,England,EJG Morgan,JE Root,JR Hazlewood,0,0,"",""
ball,2,1.5,England,EJG Morgan,JE Root,JR Hazlewood,0,0,"",""
ball,2,1.6,England,EJG Morgan,JE Root,JR Hazlewood,0,0,"",""
ball,2,2.1,England,JE Root,EJG Morgan,MA Starc,0,0,"",""
ball,2,2.2,England,JE Root,EJG Morgan,MA Starc,0,0,"",""
ball,2,2.3,England,JE Root,EJG Morgan,MA Starc,0,0,"",""
ball,2,2.4,England,JE Root,EJG Morgan,MA Starc,0,0,"",""
ball,2,2.5,England,JE Root,EJG Morgan,MA Starc,4,0,"",""
ball,2,2.6,England,JE Root,EJG Morgan,MA Starc,0,0,"",""
ball,2,3.1,England,EJG Morgan,JE Root,JR Hazlewood,0,0,"",""
ball,2,3.2,England,EJG Morgan,JE Root,JR Hazlewood,4,0,"",""
ball,2,3.3,England,EJG Morgan,JE Root,JR Hazlewood,4,0,"",""
ball,2,3.4,England,EJG Morgan,JE Root,JR Hazlewood,0,0,"",""
ball,2,3.5,England,EJG Morgan,JE Root,JR Hazlewood,4,0,"",""
ball,2,3.6,England,EJG Morgan,JE Root,JR Hazlewood,2,0,"",""
ball,2,4.1,England,JE Root,EJG Morgan,MA Starc,4,0,"",""
ball,2,4.2,England,JE Root,EJG Morgan,MA Starc,3,0,"",""
ball,2,4.3,England,EJG Morgan,JE Root,MA Starc,0,0,"",""
ball,2,4.4,England,EJG Morgan,JE Root,MA Starc,0,0,"",""
ball,2,4.5,England,EJG Morgan,JE Root,MA Starc,0,0,"",""
ball,2,4.6,England,EJG Morgan,JE Root,MA Starc,0,0,"",""
ball,2,5.1,England,JE Root,EJG Morgan,JR Hazlewood,2,0,"",""
ball,2,5.2,England,JE Root,EJG Morgan,JR Hazlewood,0,0,"",""
ball,2,5.3,England,JE Root,EJG Morgan,JR Hazlewood,0,2,"",""
ball,2,5.4,England,JE Root,EJG Morgan,JR Hazlewood,0,0,caught,JE Root
ball,2,5.5,England,BA Stokes,EJG Morgan,JR Hazlewood,0,0,"",""
ball,2,5.6,England,BA Stokes,EJG Morgan,JR Hazlewood,0,0,"",""
ball,2,6.1,England,EJG Morgan,BA Stokes,MA Starc,4,0,"",""
ball,2,6.2,England,EJG Morgan,BA Stokes,MA Starc,4,0,"",""
ball,2,6.3,England,EJG Morgan,BA Stokes,MA Starc,0,0,"",""
ball,2,6.4,England,EJG Morgan,BA Stokes,MA Starc,0,0,"",""
ball,2,6.5,England,EJG Morgan,BA Stokes,MA Starc,0,0,"",""
ball,2,6.6,England,EJG Morgan,BA Stokes,MA Starc,1,0,"",""
ball,2,7.1,England,EJG Morgan,BA Stokes,JR Hazlewood,4,0,"",""
ball,2,7.2,England,EJG Morgan,BA Stokes,JR Hazlewood,0,0,"",""
ball,2,7.3,England,EJG Morgan,BA Stokes,JR Hazlewood,1,0,"",""
ball,2,7.4,England,BA Stokes,EJG Morgan,JR Hazlewood,2,0,"",""
ball,2,7.5,England,BA Stokes,EJG Morgan,JR Hazlewood,0,0,"",""
ball,2,7.6,England,BA Stokes,EJG Morgan,JR Hazlewood,0,0,"",""
ball,2,8.1,England,EJG Morgan,BA Stokes,PJ Cummins,0,0,"",""
ball,2,8.2,England,EJG Morgan,BA Stokes,PJ Cummins,0,0,"",""
ball,2,8.3,England,EJG Morgan,BA Stokes,PJ Cummins,0,0,"",""
ball,2,8.4,England,EJG Morgan,BA Stokes,PJ Cummins,0,0,"",""
ball,2,8.5,England,EJG Morgan,BA Stokes,PJ Cummins,0,0,"",""
ball,2,8.6,England,EJG Morgan,BA Stokes,PJ Cummins,0,0,"",""
ball,2,9.1,England,BA Stokes,EJG Morgan,JR Hazlewood,0,0,"",""
ball,2,9.2,England,BA Stokes,EJG Morgan,JR Hazlewood,0,0,"",""
ball,2,9.3,England,BA Stokes,EJG Morgan,JR Hazlewood,1,0,"",""
ball,2,9.4,England,EJG Morgan,BA Stokes,JR Hazlewood,6,0,"",""
ball,2,9.5,England,EJG Morgan,BA Stokes,JR Hazlewood,0,0,"",""
ball,2,9.6,England,EJG Morgan,BA Stokes,JR Hazlewood,0,0,"",""
ball,2,10.1,England,BA Stokes,EJG Morgan,PJ Cummins,0,0,"",""
ball,2,10.2,England,BA Stokes,EJG Morgan,PJ Cummins,2,0,"",""
ball,2,10.3,England,BA Stokes,EJG Morgan,PJ Cummins,4,0,"",""
ball,2,10.4,England,BA Stokes,EJG Morgan,PJ Cummins,4,0,"",""
ball,2,10.5,England,BA Stokes,EJG Morgan,PJ Cummins,1,0,"",""
ball,2,10.6,England,EJG Morgan,BA Stokes,PJ Cummins,0,0,"",""
ball,2,11.1,England,BA Stokes,EJG Morgan,JR Hazlewood,1,0,"",""
ball,2,11.2,England,EJG Morgan,BA Stokes,JR Hazlewood,0,0,"",""
ball,2,11.3,England,EJG Morgan,BA Stokes,JR Hazlewood,6,0,"",""
ball,2,11.4,England,EJG Morgan,BA Stokes,JR Hazlewood,0,0,"",""
ball,2,11.5,England,EJG Morgan,BA Stokes,JR Hazlewood,1,0,"",""
ball,2,11.6,England,BA Stokes,EJG Morgan,JR Hazlewood,0,0,"",""
ball,2,12.1,England,EJG Morgan,BA Stokes,PJ Cummins,1,0,"",""
ball,2,12.2,England,BA Stokes,EJG Morgan,PJ Cummins,0,0,"",""
ball,2,12.3,England,BA Stokes,EJG Morgan,PJ Cummins,1,0,"",""
ball,2,12.4,England,EJG Morgan,BA Stokes,PJ Cummins,1,0,"",""
ball,2,12.5,England,BA Stokes,EJG Morgan,PJ Cummins,4,0,"",""
ball,2,12.6,England,BA Stokes,EJG Morgan,PJ Cummins,2,0,"",""
ball,2,13.1,England,EJG Morgan,BA Stokes,TM Head,0,0,"",""
ball,2,13.2,England,EJG Morgan,BA Stokes,TM Head,1,0,"",""
ball,2,13.3,England,BA Stokes,EJG Morgan,TM Head,0,0,"",""
ball,2,13.4,England,BA Stokes,EJG Morgan,TM Head,0,0,"",""
ball,2,13.5,England,BA Stokes,EJG Morgan,TM Head,4,0,"",""
ball,2,13.6,England,BA Stokes,EJG Morgan,TM Head,0,0,"",""
ball,2,14.1,England,EJG Morgan,BA Stokes,PJ Cummins,1,0,"",""
ball,2,14.2,England,BA Stokes,EJG Morgan,PJ Cummins,4,0,"",""
ball,2,14.3,England,BA Stokes,EJG Morgan,PJ Cummins,0,0,"",""
ball,2,14.4,England,BA Stokes,EJG Morgan,PJ Cummins,4,0,"",""
ball,2,14.5,England,BA Stokes,EJG Morgan,PJ Cummins,0,0,"",""
ball,2,14.6,England,BA Stokes,EJG Morgan,PJ Cummins,4,0,"",""
ball,2,15.1,England,EJG Morgan,BA Stokes,TM Head,0,0,"",""
ball,2,15.2,England,EJG Morgan,BA Stokes,TM Head,1,0,"",""
ball,2,15.3,England,BA Stokes,EJG Morgan,TM Head,1,0,"",""
ball,2,15.4,England,EJG Morgan,BA Stokes,TM Head,0,0,"",""
ball,2,15.5,England,EJG Morgan,BA Stokes,TM Head,1,0,"",""
ball,2,15.6,England,BA Stokes,EJG Morgan,TM Head,1,0,"",""
ball,2,16.1,England,BA Stokes,EJG Morgan,MC Henriques,0,0,"",""
ball,2,16.2,England,BA Stokes,EJG Morgan,MC Henriques,0,0,"",""
ball,2,16.3,England,BA Stokes,EJG Morgan,MC Henriques,0,0,"",""
ball,2,16.4,England,BA Stokes,EJG Morgan,MC Henriques,2,0,"",""
ball,2,16.5,England,BA Stokes,EJG Morgan,MC Henriques,4,0,"",""
ball,2,16.6,England,BA Stokes,EJG Morgan,MC Henriques,0,0,"",""
ball,2,17.1,England,EJG Morgan,BA Stokes,MA Starc,0,0,"",""
ball,2,17.2,England,EJG Morgan,BA Stokes,MA Starc,1,0,"",""
ball,2,17.3,England,BA Stokes,EJG Morgan,MA Starc,0,0,"",""
ball,2,17.4,England,BA Stokes,EJG Morgan,MA Starc,0,0,"",""
ball,2,17.5,England,BA Stokes,EJG Morgan,MA Starc,6,0,"",""
ball,2,17.6,England,BA Stokes,EJG Morgan,MA Starc,0,0,"",""
ball,2,18.1,England,EJG Morgan,BA Stokes,A Zampa,0,0,"",""
ball,2,18.2,England,EJG Morgan,BA Stokes,A Zampa,1,0,"",""
ball,2,18.3,England,BA Stokes,EJG Morgan,A Zampa,1,0,"",""
ball,2,18.4,England,EJG Morgan,BA Stokes,A Zampa,1,0,"",""
ball,2,18.5,England,BA Stokes,EJG Morgan,A Zampa,0,0,"",""
ball,2,18.6,England,BA Stokes,EJG Morgan,A Zampa,0,0,"",""
ball,2,19.1,England,EJG Morgan,BA Stokes,MA Starc,0,0,"",""
ball,2,19.2,England,EJG Morgan,BA Stokes,MA Starc,1,0,"",""
ball,2,19.3,England,BA Stokes,EJG Morgan,MA Starc,0,0,"",""
ball,2,19.4,England,BA Stokes,EJG Morgan,MA Starc,0,0,"",""
ball,2,19.5,England,BA Stokes,EJG Morgan,MA Starc,1,0,"",""
ball,2,19.6,England,EJG Morgan,BA Stokes,MA Starc,0,0,"",""
ball,2,20.1,England,BA Stokes,EJG Morgan,A Zampa,0,0,"",""
ball,2,20.2,England,BA Stokes,EJG Morgan,A Zampa,0,0,"",""
ball,2,20.3,England,BA Stokes,EJG Morgan,A Zampa,1,0,"",""
ball,2,20.4,England,EJG Morgan,BA Stokes,A Zampa,1,0,"",""
ball,2,20.5,England,BA Stokes,EJG Morgan,A Zampa,4,0,"",""
ball,2,20.6,England,BA Stokes,EJG Morgan,A Zampa,0,0,"",""
ball,2,21.1,England,EJG Morgan,BA Stokes,GJ Maxwell,6,0,"",""
ball,2,21.2,England,EJG Morgan,BA Stokes,GJ Maxwell,0,0,"",""
ball,2,21.3,England,EJG Morgan,BA Stokes,GJ Maxwell,0,0,"",""
ball,2,21.4,England,EJG Morgan,BA Stokes,GJ Maxwell,0,0,"",""
ball,2,21.5,England,EJG Morgan,BA Stokes,GJ Maxwell,0,0,"",""
ball,2,21.6,England,EJG Morgan,BA Stokes,GJ Maxwell,0,0,"",""
ball,2,22.1,England,BA Stokes,EJG Morgan,A Zampa,1,0,"",""
ball,2,22.2,England,EJG Morgan,BA Stokes,A Zampa,4,0,"",""
ball,2,22.3,England,EJG Morgan,BA Stokes,A Zampa,0,0,"",""
ball,2,22.4,England,EJG Morgan,BA Stokes,A Zampa,1,0,"",""
ball,2,22.5,England,BA Stokes,EJG Morgan,A Zampa,0,0,"",""
ball,2,22.6,England,BA Stokes,EJG Morgan,A Zampa,0,0,"",""
ball,2,23.1,England,EJG Morgan,BA Stokes,GJ Maxwell,1,0,"",""
ball,2,23.2,England,BA Stokes,EJG Morgan,GJ Maxwell,0,0,"",""
ball,2,23.3,England,BA Stokes,EJG Morgan,GJ Maxwell,1,0,"",""
ball,2,23.4,England,EJG Morgan,BA Stokes,GJ Maxwell,0,0,"",""
ball,2,23.5,England,EJG Morgan,BA Stokes,GJ Maxwell,0,0,"",""
ball,2,23.6,England,EJG Morgan,BA Stokes,GJ Maxwell,6,0,"",""
ball,2,24.1,England,BA Stokes,EJG Morgan,A Zampa,1,0,"",""
ball,2,24.2,England,EJG Morgan,BA Stokes,A Zampa,0,1,"",""
ball,2,24.3,England,EJG Morgan,BA Stokes,A Zampa,1,0,"",""
ball,2,24.4,England,BA Stokes,EJG Morgan,A Zampa,6,0,"",""
ball,2,24.5,England,BA Stokes,EJG Morgan,A Zampa,0,0,"",""
ball,2,24.6,England,BA Stokes,EJG Morgan,A Zampa,1,0,"",""
ball,2,24.7,England,EJG Morgan,BA Stokes,A Zampa,1,0,"",""
ball,2,25.1,England,EJG Morgan,BA Stokes,PJ Cummins,1,0,"",""
ball,2,25.2,England,BA Stokes,EJG Morgan,PJ Cummins,4,0,"",""
ball,2,25.3,England,BA Stokes,EJG Morgan,PJ Cummins,0,0,"",""
ball,2,25.4,England,BA Stokes,EJG Morgan,PJ Cummins,0,0,"",""
ball,2,25.5,England,BA Stokes,EJG Morgan,PJ Cummins,0,0,"",""
ball,2,25.6,England,BA Stokes,EJG Morgan,PJ Cummins,1,0,"",""
ball,2,26.1,England,BA Stokes,EJG Morgan,JR Hazlewood,0,0,"",""
ball,2,26.2,England,BA Stokes,EJG Morgan,JR Hazlewood,0,0,"",""
ball,2,26.3,England,BA Stokes,EJG Morgan,JR Hazlewood,0,0,"",""
ball,2,26.4,England,BA Stokes,EJG Morgan,JR Hazlewood,0,0,"",""
ball,2,26.5,England,BA Stokes,EJG Morgan,JR Hazlewood,0,0,"",""
ball,2,26.6,England,BA Stokes,EJG Morgan,JR Hazlewood,1,0,"",""
ball,2,27.1,England,BA Stokes,EJG Morgan,PJ Cummins,0,0,"",""
ball,2,27.2,England,BA Stokes,EJG Morgan,PJ Cummins,1,0,"",""
ball,2,27.3,England,EJG Morgan,BA Stokes,PJ Cummins,0,0,"",""
ball,2,27.4,England,EJG Morgan,BA Stokes,PJ Cummins,4,0,"",""
ball,2,27.5,England,EJG Morgan,BA Stokes,PJ Cummins,0,0,"",""
ball,2,27.6,England,EJG Morgan,BA Stokes,PJ Cummins,2,0,"",""
ball,2,28.1,England,BA Stokes,EJG Morgan,JR Hazlewood,0,0,"",""
ball,2,28.2,England,BA Stokes,EJG Morgan,JR Hazlewood,0,0,"",""
ball,2,28.3,England,BA Stokes,EJG Morgan,JR Hazlewood,1,0,"",""
ball,2,28.4,England,EJG Morgan,BA Stokes,JR Hazlewood,0,0,"",""
ball,2,28.5,England,EJG Morgan,BA Stokes,JR Hazlewood,6,0,"",""
ball,2,28.6,England,EJG Morgan,BA Stokes,JR Hazlewood,0,0,"",""
ball,2,29.1,England,BA Stokes,EJG Morgan,MA Starc,0,0,"",""
ball,2,29.2,England,BA Stokes,EJG Morgan,MA Starc,2,0,"",""
ball,2,29.3,England,BA Stokes,EJG Morgan,MA Starc,0,0,"",""
ball,2,29.4,England,BA Stokes,EJG Morgan,MA Starc,0,0,"",""
ball,2,29.5,England,BA Stokes,EJG Morgan,MA Starc,0,0,"",""
ball,2,29.6,England,BA Stokes,EJG Morgan,MA Starc,1,0,"",""
ball,2,30.1,England,BA Stokes,EJG Morgan,PJ Cummins,4,0,"",""
ball,2,30.2,England,BA Stokes,EJG Morgan,PJ Cummins,0,0,"",""
ball,2,30.3,England,BA Stokes,EJG Morgan,PJ Cummins,1,0,"",""
ball,2,30.4,England,EJG Morgan,BA Stokes,PJ Cummins,1,0,"",""
ball,2,30.5,England,BA Stokes,EJG Morgan,PJ Cummins,0,0,"",""
ball,2,30.6,England,BA Stokes,EJG Morgan,PJ Cummins,0,0,"",""
ball,2,31.1,England,EJG Morgan,BA Stokes,MA Starc,0,0,"",""
ball,2,31.2,England,EJG Morgan,BA Stokes,MA Starc,1,0,"",""
ball,2,31.3,England,BA Stokes,EJG Morgan,MA Starc,0,0,"",""
ball,2,31.4,England,BA Stokes,EJG Morgan,MA Starc,0,0,"",""
ball,2,31.5,England,BA Stokes,EJG Morgan,MA Starc,0,0,run out,EJG Morgan
ball,2,31.6,England,JC Buttler,BA Stokes,MA Starc,1,0,"",""
ball,2,32.1,England,JC Buttler,BA Stokes,A Zampa,0,0,"",""
ball,2,32.2,England,JC Buttler,BA Stokes,A Zampa,0,0,"",""
ball,2,32.3,England,JC Buttler,BA Stokes,A Zampa,0,0,"",""
ball,2,32.4,England,JC Buttler,BA Stokes,A Zampa,0,0,"",""
ball,2,32.5,England,JC Buttler,BA Stokes,A Zampa,0,0,"",""
ball,2,32.6,England,JC Buttler,BA Stokes,A Zampa,1,0,"",""
ball,2,33.1,England,JC Buttler,BA Stokes,MA Starc,4,0,"",""
ball,2,33.2,England,JC Buttler,BA Stokes,MA Starc,1,0,"",""
ball,2,33.3,England,BA Stokes,JC Buttler,MA Starc,0,0,"",""
ball,2,33.4,England,BA Stokes,JC Buttler,MA Starc,1,0,"",""
ball,2,33.5,England,JC Buttler,BA Stokes,MA Starc,0,0,"",""
ball,2,33.6,England,JC Buttler,BA Stokes,MA Starc,1,0,"",""
ball,2,34.1,England,JC Buttler,BA Stokes,A Zampa,1,0,"",""
ball,2,34.2,England,BA Stokes,JC Buttler,A Zampa,1,0,"",""
ball,2,34.3,England,JC Buttler,BA Stokes,A Zampa,2,0,"",""
ball,2,34.4,England,JC Buttler,BA Stokes,A Zampa,1,0,"",""
ball,2,34.5,England,BA Stokes,JC Buttler,A Zampa,0,0,"",""
ball,2,34.6,England,BA Stokes,JC Buttler,A Zampa,0,0,"",""
ball,2,35.1,England,JC Buttler,BA Stokes,MA Starc,4,0,"",""
ball,2,35.2,England,JC Buttler,BA Stokes,MA Starc,0,0,"",""
ball,2,35.3,England,JC Buttler,BA Stokes,MA Starc,1,0,"",""
ball,2,35.4,England,BA Stokes,JC Buttler,MA Starc,0,0,"",""
ball,2,35.5,England,BA Stokes,JC Buttler,MA Starc,1,0,"",""
ball,2,35.6,England,JC Buttler,BA Stokes,MA Starc,0,0,"",""
ball,2,36.1,England,BA Stokes,JC Buttler,A Zampa,0,0,"",""
ball,2,36.2,England,BA Stokes,JC Buttler,A Zampa,4,0,"",""
ball,2,36.3,England,BA Stokes,JC Buttler,A Zampa,0,0,"",""
ball,2,36.4,England,BA Stokes,JC Buttler,A Zampa,1,0,"",""
ball,2,36.5,England,JC Buttler,BA Stokes,A Zampa,4,0,"",""
ball,2,36.6,England,JC Buttler,BA Stokes,A Zampa,0,0,"",""
ball,2,37.1,England,BA Stokes,JC Buttler,PJ Cummins,1,0,"",""
ball,2,37.2,England,JC Buttler,BA Stokes,PJ Cummins,0,0,"",""
ball,2,37.3,England,JC Buttler,BA Stokes,PJ Cummins,0,0,"",""
ball,2,37.4,England,JC Buttler,BA Stokes,PJ Cummins,1,0,"",""
ball,2,37.5,England,BA Stokes,JC Buttler,PJ Cummins,1,0,"",""
ball,2,37.6,England,JC Buttler,BA Stokes,PJ Cummins,0,0,"",""
ball,2,38.1,England,BA Stokes,JC Buttler,A Zampa,0,0,"",""
ball,2,38.2,England,BA Stokes,JC Buttler,A Zampa,1,0,"",""
ball,2,38.3,England,JC Buttler,BA Stokes,A Zampa,0,0,"",""
ball,2,38.4,England,JC Buttler,BA Stokes,A Zampa,0,0,"",""
ball,2,38.5,England,JC Buttler,BA Stokes,A Zampa,6,0,"",""
ball,2,38.6,England,JC Buttler,BA Stokes,A Zampa,0,0,"",""
ball,2,39.1,England,BA Stokes,JC Buttler,JR Hazlewood,1,0,"",""
ball,2,39.2,England,JC Buttler,BA Stokes,JR Hazlewood,0,0,"",""
ball,2,39.3,England,JC Buttler,BA Stokes,JR Hazlewood,1,0,"",""
ball,2,39.4,England,BA Stokes,JC Buttler,JR Hazlewood,1,0,"",""
ball,2,39.5,England,JC Buttler,BA Stokes,JR Hazlewood,0,0,"",""
ball,2,39.6,England,JC Buttler,BA Stokes,JR Hazlewood,0,0,"",""
ball,2,40.1,England,BA Stokes,JC Buttler,A Zampa,4,0,"",""
ball,2,40.2,England,BA Stokes,JC Buttler,A Zampa,0,0,"",""
