version,1.3.0
info,team,Pakistan
info,team,Sri Lanka
info,gender,male
info,season,2017
info,date,2017/06/12
info,competition,ICC Champions Trophy
info,match_number,12
info,venue,Sophia Gardens
info,city,Cardiff
info,neutralvenue,true
info,toss_winner,Pakistan
info,toss_decision,field
info,player_of_match,Sarfraz Ahmed
info,umpire,M Erasmus
info,umpire,BNJ Oxenford
info,reserve_umpire,IJ Gould
info,tv_umpire,CB Gaffaney
info,match_referee,BC Broad
info,winner,Pakistan
info,winner_wickets,3
ball,1,0.1,Sri Lanka,N Dickwella,MD Gunathilaka,Mohammad Amir,0,0,"",""
ball,1,0.2,Sri Lanka,N Dickwella,MD Gunathilaka,Mohammad Amir,0,0,"",""
ball,1,0.3,Sri Lanka,N Dickwella,MD Gunathilaka,Mohammad Amir,0,0,"",""
ball,1,0.4,Sri Lanka,N Dickwella,MD Gunathilaka,Mohammad Amir,0,0,"",""
ball,1,0.5,Sri Lanka,N Dickwella,MD Gunathilaka,Mohammad Amir,4,0,"",""
ball,1,0.6,Sri Lanka,N Dickwella,MD Gunathilaka,Mohammad Amir,0,0,"",""
ball,1,1.1,Sri Lanka,MD Gunathilaka,N Dickwella,Junaid Khan,0,0,"",""
ball,1,1.2,Sri Lanka,MD Gunathilaka,N Dickwella,Junaid Khan,0,0,"",""
ball,1,1.3,Sri Lanka,MD Gunathilaka,N Dickwella,Junaid Khan,0,0,"",""
ball,1,1.4,Sri Lanka,MD Gunathilaka,N Dickwella,Junaid Khan,0,0,"",""
ball,1,1.5,Sri Lanka,MD Gunathilaka,N Dickwella,Junaid Khan,0,0,"",""
ball,1,1.6,Sri Lanka,MD Gunathilaka,N Dickwella,Junaid Khan,0,0,"",""
ball,1,2.1,Sri Lanka,N Dickwella,MD Gunathilaka,Mohammad Amir,0,0,"",""
ball,1,2.2,Sri Lanka,N Dickwella,MD Gunathilaka,Mohammad Amir,2,0,"",""
ball,1,2.3,Sri Lanka,N Dickwella,MD Gunathilaka,Mohammad Amir,0,0,"",""
ball,1,2.4,Sri Lanka,N Dickwella,MD Gunathilaka,Mohammad Amir,3,0,"",""
ball,1,2.5,Sri Lanka,MD Gunathilaka,N Dickwella,Mohammad Amir,0,0,"",""
ball,1,2.6,Sri Lanka,MD Gunathilaka,N Dickwella,Mohammad Amir,3,0,"",""
ball,1,3.1,Sri Lanka,MD Gunathilaka,N Dickwella,Junaid Khan,4,0,"",""
ball,1,3.2,Sri Lanka,MD Gunathilaka,N Dickwella,Junaid Khan,0,0,"",""
ball,1,3.3,Sri Lanka,MD Gunathilaka,N Dickwella,Junaid Khan,4,0,"",""
ball,1,3.4,Sri Lanka,MD Gunathilaka,N Dickwella,Junaid Khan,0,0,"",""
ball,1,3.5,Sri Lanka,MD Gunathilaka,N Dickwella,Junaid Khan,1,0,"",""
ball,1,3.6,Sri Lanka,N Dickwella,MD Gunathilaka,Junaid Khan,4,0,"",""
ball,1,4.1,Sri Lanka,MD Gunathilaka,N Dickwella,Mohammad Amir,0,0,"",""
ball,1,4.2,Sri Lanka,MD Gunathilaka,N Dickwella,Mohammad Amir,0,0,"",""
ball,1,4.3,Sri Lanka,MD Gunathilaka,N Dickwella,Mohammad Amir,0,0,"",""
ball,1,4.4,Sri Lanka,MD Gunathilaka,N Dickwella,Mohammad Amir,0,0,"",""
ball,1,4.5,Sri Lanka,MD Gunathilaka,N Dickwella,Mohammad Amir,0,0,"",""
ball,1,4.6,Sri Lanka,MD Gunathilaka,N Dickwella,Mohammad Amir,1,0,"",""
ball,1,5.1,Sri Lanka,MD Gunathilaka,N Dickwella,Junaid Khan,0,0,caught,MD Gunathilaka
ball,1,5.2,Sri Lanka,BKG Mendis,N Dickwella,Junaid Khan,0,0,"",""
ball,1,5.3,Sri Lanka,BKG Mendis,N Dickwella,Junaid Khan,0,0,"",""
ball,1,5.4,Sri Lanka,BKG Mendis,N Dickwella,Junaid Khan,0,0,"",""
ball,1,5.5,Sri Lanka,BKG Mendis,N Dickwella,Junaid Khan,0,0,"",""
ball,1,5.6,Sri Lanka,BKG Mendis,N Dickwella,Junaid Khan,0,0,"",""
ball,1,6.1,Sri Lanka,N Dickwella,BKG Mendis,Mohammad Amir,0,0,"",""
ball,1,6.2,Sri Lanka,N Dickwella,BKG Mendis,Mohammad Amir,0,0,"",""
ball,1,6.3,Sri Lanka,N Dickwella,BKG Mendis,Mohammad Amir,3,0,"",""
ball,1,6.4,Sri Lanka,BKG Mendis,N Dickwella,Mohammad Amir,1,0,"",""
ball,1,6.5,Sri Lanka,N Dickwella,BKG Mendis,Mohammad Amir,0,0,"",""
ball,1,6.6,Sri Lanka,N Dickwella,BKG Mendis,Mohammad Amir,2,0,"",""
ball,1,7.1,Sri Lanka,BKG Mendis,N Dickwella,Junaid Khan,4,0,"",""
ball,1,7.2,Sri Lanka,BKG Mendis,N Dickwella,Junaid Khan,0,0,"",""
ball,1,7.3,Sri Lanka,BKG Mendis,N Dickwella,Junaid Khan,0,0,"",""
ball,1,7.4,Sri Lanka,BKG Mendis,N Dickwella,Junaid Khan,0,0,"",""
ball,1,7.5,Sri Lanka,BKG Mendis,N Dickwella,Junaid Khan,1,0,"",""
ball,1,7.6,Sri Lanka,N Dickwella,BKG Mendis,Junaid Khan,0,0,"",""
ball,1,8.1,Sri Lanka,BKG Mendis,N Dickwella,Imad Wasim,0,0,"",""
ball,1,8.2,Sri Lanka,BKG Mendis,N Dickwella,Imad Wasim,0,0,"",""
ball,1,8.3,Sri Lanka,BKG Mendis,N Dickwella,Imad Wasim,1,0,"",""
ball,1,8.4,Sri Lanka,N Dickwella,BKG Mendis,Imad Wasim,0,0,"",""
ball,1,8.5,Sri Lanka,N Dickwella,BKG Mendis,Imad Wasim,1,0,"",""
ball,1,8.6,Sri Lanka,BKG Mendis,N Dickwella,Imad Wasim,1,0,"",""
ball,1,9.1,Sri Lanka,BKG Mendis,N Dickwella,Junaid Khan,4,0,"",""
ball,1,9.2,Sri Lanka,BKG Mendis,N Dickwella,Junaid Khan,0,0,"",""
ball,1,9.3,Sri Lanka,BKG Mendis,N Dickwella,Junaid Khan,4,0,"",""
ball,1,9.4,Sri Lanka,BKG Mendis,N Dickwella,Junaid Khan,1,0,"",""
ball,1,9.5,Sri Lanka,N Dickwella,BKG Mendis,Junaid Khan,0,0,"",""
ball,1,9.6,Sri Lanka,N Dickwella,BKG Mendis,Junaid Khan,0,1,"",""
ball,1,9.7,Sri Lanka,N Dickwella,BKG Mendis,Junaid Khan,0,0,"",""
ball,1,10.1,Sri Lanka,BKG Mendis,N Dickwella,Imad Wasim,1,0,"",""
ball,1,10.2,Sri Lanka,N Dickwella,BKG Mendis,Imad Wasim,2,0,"",""
ball,1,10.3,Sri Lanka,N Dickwella,BKG Mendis,Imad Wasim,0,0,"",""
ball,1,10.4,Sri Lanka,N Dickwella,BKG Mendis,Imad Wasim,4,0,"",""
ball,1,10.5,Sri Lanka,N Dickwella,BKG Mendis,Imad Wasim,2,0,"",""
ball,1,10.6,Sri Lanka,N Dickwella,BKG Mendis,Imad Wasim,1,0,"",""
ball,1,11.1,Sri Lanka,N Dickwella,BKG Mendis,Fahim Ashraf,2,0,"",""
ball,1,11.2,Sri Lanka,N Dickwella,BKG Mendis,Fahim Ashraf,2,0,"",""
ball,1,11.3,Sri Lanka,N Dickwella,BKG Mendis,Fahim Ashraf,0,0,"",""
ball,1,11.4,Sri Lanka,N Dickwella,BKG Mendis,Fahim Ashraf,0,0,"",""
ball,1,11.5,Sri Lanka,N Dickwella,BKG Mendis,Fahim Ashraf,2,0,"",""
ball,1,11.6,Sri Lanka,N Dickwella,BKG Mendis,Fahim Ashraf,0,0,"",""
ball,1,12.1,Sri Lanka,BKG Mendis,N Dickwella,Hasan Ali,4,0,"",""
ball,1,12.2,Sri Lanka,BKG Mendis,N Dickwella,Hasan Ali,1,0,"",""
ball,1,12.3,Sri Lanka,N Dickwella,BKG Mendis,Hasan Ali,1,0,"",""
ball,1,12.4,Sri Lanka,BKG Mendis,N Dickwella,Hasan Ali,1,0,"",""
ball,1,12.5,Sri Lanka,N Dickwella,BKG Mendis,Hasan Ali,1,0,"",""
ball,1,12.6,Sri Lanka,BKG Mendis,N Dickwella,Hasan Ali,0,0,"",""
ball,1,13.1,Sri Lanka,N Dickwella,BKG Mendis,Fahim Ashraf,0,0,"",""
ball,1,13.2,Sri Lanka,N Dickwella,BKG Mendis,Fahim Ashraf,1,0,"",""
ball,1,13.3,Sri Lanka,BKG Mendis,N Dickwella,Fahim Ashraf,2,0,"",""
ball,1,13.4,Sri Lanka,BKG Mendis,N Dickwella,Fahim Ashraf,1,0,"",""
ball,1,13.5,Sri Lanka,N Dickwella,BKG Mendis,Fahim Ashraf,2,0,"",""
ball,1,13.6,Sri Lanka,N Dickwella,BKG Mendis,Fahim Ashraf,1,0,"",""
ball,1,14.1,Sri Lanka,N Dickwella,BKG Mendis,Hasan Ali,0,0,"",""
ball,1,14.2,Sri Lanka,N Dickwella,BKG Mendis,Hasan Ali,1,0,"",""
ball,1,14.3,Sri Lanka,BKG Mendis,N Dickwella,Hasan Ali,0,0,"",""
ball,1,14.4,Sri Lanka,BKG Mendis,N Dickwella,Hasan Ali,0,0,"",""
ball,1,14.5,Sri Lanka,BKG Mendis,N Dickwella,Hasan Ali,0,0,bowled,BKG Mendis
ball,1,14.6,Sri Lanka,LD Chandimal,N Dickwella,Hasan Ali,0,1,"",""
ball,1,15.1,Sri Lanka,LD Chandimal,N Dickwella,Fahim Ashraf,0,0,bowled,LD Chandimal
ball,1,15.2,Sri Lanka,AD Mathews,N Dickwella,Fahim Ashraf,0,0,"",""
ball,1,15.3,Sri Lanka,AD Mathews,N Dickwella,Fahim Ashraf,0,0,"",""
ball,1,15.4,Sri Lanka,AD Mathews,N Dickwella,Fahim Ashraf,0,0,"",""
ball,1,15.5,Sri Lanka,AD Mathews,N Dickwella,Fahim Ashraf,1,0,"",""
ball,1,15.6,Sri Lanka,N Dickwella,AD Mathews,Fahim Ashraf,1,0,"",""
ball,1,16.1,Sri Lanka,N Dickwella,AD Mathews,Hasan Ali,1,0,"",""
ball,1,16.2,Sri Lanka,AD Mathews,N Dickwella,Hasan Ali,0,0,"",""
ball,1,16.3,Sri Lanka,AD Mathews,N Dickwella,Hasan Ali,0,0,"",""
ball,1,16.4,Sri Lanka,AD Mathews,N Dickwella,Hasan Ali,0,0,"",""
ball,1,16.5,Sri Lanka,AD Mathews,N Dickwella,Hasan Ali,0,0,"",""
ball,1,16.6,Sri Lanka,AD Mathews,N Dickwella,Hasan Ali,0,0,"",""
ball,1,17.1,Sri Lanka,N Dickwella,AD Mathews,Fahim Ashraf,2,0,"",""
ball,1,17.2,Sri Lanka,N Dickwella,AD Mathews,Fahim Ashraf,0,0,"",""
ball,1,17.3,Sri Lanka,N Dickwella,AD Mathews,Fahim Ashraf,0,1,"",""
ball,1,17.4,Sri Lanka,N Dickwella,AD Mathews,Fahim Ashraf,0,1,"",""
ball,1,17.5,Sri Lanka,N Dickwella,AD Mathews,Fahim Ashraf,0,0,"",""
ball,1,17.6,Sri Lanka,N Dickwella,AD Mathews,Fahim Ashraf,1,0,"",""
ball,1,17.7,Sri Lanka,AD Mathews,N Dickwella,Fahim Ashraf,1,0,"",""
ball,1,17.8,Sri Lanka,N Dickwella,AD Mathews,Fahim Ashraf,1,0,"",""
ball,1,18.1,Sri Lanka,N Dickwella,AD Mathews,Hasan Ali,1,0,"",""
ball,1,18.2,Sri Lanka,AD Mathews,N Dickwella,Hasan Ali,1,0,"",""
ball,1,18.3,Sri Lanka,N Dickwella,AD Mathews,Hasan Ali,0,0,"",""
ball,1,18.4,Sri Lanka,N Dickwella,AD Mathews,Hasan Ali,1,0,"",""
ball,1,18.5,Sri Lanka,AD Mathews,N Dickwella,Hasan Ali,0,0,"",""
ball,1,18.6,Sri Lanka,AD Mathews,N Dickwella,Hasan Ali,0,0,"",""
ball,1,19.1,Sri Lanka,N Dickwella,AD Mathews,Mohammad Hafeez,0,0,"",""
ball,1,19.2,Sri Lanka,N Dickwella,AD Mathews,Mohammad Hafeez,1,0,"",""
ball,1,19.3,Sri Lanka,AD Mathews,N Dickwella,Mohammad Hafeez,2,0,"",""
ball,1,19.4,Sri Lanka,AD Mathews,N Dickwella,Mohammad Hafeez,0,0,"",""
ball,1,19.5,Sri Lanka,AD Mathews,N Dickwella,Mohammad Hafeez,1,0,"",""
ball,1,19.6,Sri Lanka,N Dickwella,AD Mathews,Mohammad Hafeez,0,0,"",""
ball,1,20.1,Sri Lanka,AD Mathews,N Dickwella,Fahim Ashraf,0,0,"",""
ball,1,20.2,Sri Lanka,AD Mathews,N Dickwella,Fahim Ashraf,0,0,"",""
ball,1,20.3,Sri Lanka,AD Mathews,N Dickwella,Fahim Ashraf,1,0,"",""
ball,1,20.4,Sri Lanka,N Dickwella,AD Mathews,Fahim Ashraf,1,0,"",""
ball,1,20.5,Sri Lanka,AD Mathews,N Dickwella,Fahim Ashraf,0,0,"",""
ball,1,20.6,Sri Lanka,AD Mathews,N Dickwella,Fahim Ashraf,0,0,"",""
ball,1,21.1,Sri Lanka,N Dickwella,AD Mathews,Mohammad Hafeez,0,0,"",""
ball,1,21.2,Sri Lanka,N Dickwella,AD Mathews,Mohammad Hafeez,1,0,"",""
ball,1,21.3,Sri Lanka,AD Mathews,N Dickwella,Mohammad Hafeez,0,0,"",""
ball,1,21.4,Sri Lanka,AD Mathews,N Dickwella,Mohammad Hafeez,0,1,"",""
ball,1,21.5,Sri Lanka,AD Mathews,N Dickwella,Mohammad Hafeez,0,1,"",""
ball,1,21.6,Sri Lanka,N Dickwella,AD Mathews,Mohammad Hafeez,1,0,"",""
ball,1,21.7,Sri Lanka,AD Mathews,N Dickwella,Mohammad Hafeez,0,0,"",""
ball,1,22.1,Sri Lanka,N Dickwella,AD Mathews,Fahim Ashraf,1,1,"",""
ball,1,22.2,Sri Lanka,AD Mathews,N Dickwella,Fahim Ashraf,4,0,"",""
ball,1,22.3,Sri Lanka,AD Mathews,N Dickwella,Fahim Ashraf,1,0,"",""
ball,1,22.4,Sri Lanka,N Dickwella,AD Mathews,Fahim Ashraf,1,0,"",""
ball,1,22.5,Sri Lanka,AD Mathews,N Dickwella,Fahim Ashraf,1,0,"",""
ball,1,22.6,Sri Lanka,N Dickwella,AD Mathews,Fahim Ashraf,2,0,"",""
ball,1,22.7,Sri Lanka,N Dickwella,AD Mathews,Fahim Ashraf,1,0,"",""
ball,1,23.1,Sri Lanka,N Dickwella,AD Mathews,Mohammad Hafeez,0,0,"",""
ball,1,23.2,Sri Lanka,N Dickwella,AD Mathews,Mohammad Hafeez,0,0,"",""
ball,1,23.3,Sri Lanka,N Dickwella,AD Mathews,Mohammad Hafeez,0,0,"",""
ball,1,23.4,Sri Lanka,N Dickwella,AD Mathews,Mohammad Hafeez,2,0,"",""
ball,1,23.5,Sri Lanka,N Dickwella,AD Mathews,Mohammad Hafeez,1,0,"",""
ball,1,23.6,Sri Lanka,AD Mathews,N Dickwella,Mohammad Hafeez,1,0,"",""
ball,1,24.1,Sri Lanka,AD Mathews,N Dickwella,Imad Wasim,2,0,"",""
ball,1,24.2,Sri Lanka,AD Mathews,N Dickwella,Imad Wasim,0,0,"",""
ball,1,24.3,Sri Lanka,AD Mathews,N Dickwella,Imad Wasim,1,0,"",""
ball,1,24.4,Sri Lanka,N Dickwella,AD Mathews,Imad Wasim,1,0,"",""
ball,1,24.5,Sri Lanka,AD Mathews,N Dickwella,Imad Wasim,0,0,"",""
ball,1,24.6,Sri Lanka,AD Mathews,N Dickwella,Imad Wasim,1,0,"",""
ball,1,25.1,Sri Lanka,AD Mathews,N Dickwella,Mohammad Hafeez,6,0,"",""
ball,1,25.2,Sri Lanka,AD Mathews,N Dickwella,Mohammad Hafeez,1,0,"",""
ball,1,25.3,Sri Lanka,N Dickwella,AD Mathews,Mohammad Hafeez,0,1,"",""
ball,1,25.4,Sri Lanka,AD Mathews,N Dickwella,Mohammad Hafeez,0,0,"",""
ball,1,25.5,Sri Lanka,AD Mathews,N Dickwella,Mohammad Hafeez,1,0,"",""
ball,1,25.6,Sri Lanka,N Dickwella,AD Mathews,Mohammad Hafeez,0,0,"",""
ball,1,26.1,Sri Lanka,AD Mathews,N Dickwella,Imad Wasim,0,0,"",""
ball,1,26.2,Sri Lanka,AD Mathews,N Dickwella,Imad Wasim,0,0,"",""
ball,1,26.3,Sri Lanka,AD Mathews,N Dickwella,Imad Wasim,1,0,"",""
ball,1,26.4,Sri Lanka,N Dickwella,AD Mathews,Imad Wasim,0,0,"",""
ball,1,26.5,Sri Lanka,N Dickwella,AD Mathews,Imad Wasim,0,0,"",""
ball,1,26.6,Sri Lanka,N Dickwella,AD Mathews,Imad Wasim,1,0,"",""
ball,1,27.1,Sri Lanka,N Dickwella,AD Mathews,Mohammad Hafeez,1,0,"",""
ball,1,27.2,Sri Lanka,AD Mathews,N Dickwella,Mohammad Hafeez,1,0,"",""
ball,1,27.3,Sri Lanka,N Dickwella,AD Mathews,Mohammad Hafeez,0,0,"",""
ball,1,27.4,Sri Lanka,N Dickwella,AD Mathews,Mohammad Hafeez,3,0,"",""
ball,1,27.5,Sri Lanka,AD Mathews,N Dickwella,Mohammad Hafeez,0,0,"",""
ball,1,27.6,Sri Lanka,AD Mathews,N Dickwella,Mohammad Hafeez,0,0,"",""
ball,1,28.1,Sri Lanka,N Dickwella,AD Mathews,Imad Wasim,1,0,"",""
ball,1,28.2,Sri Lanka,AD Mathews,N Dickwella,Imad Wasim,1,0,"",""
ball,1,28.3,Sri Lanka,N Dickwella,AD Mathews,Imad Wasim,0,0,"",""
ball,1,28.4,Sri Lanka,N Dickwella,AD Mathews,Imad Wasim,1,0,"",""
ball,1,28.5,Sri Lanka,AD Mathews,N Dickwella,Imad Wasim,1,0,"",""
ball,1,28.6,Sri Lanka,N Dickwella,AD Mathews,Imad Wasim,4,0,"",""
ball,1,29.1,Sri Lanka,AD Mathews,N Dickwella,Mohammad Amir,4,0,"",""
ball,1,29.2,Sri Lanka,AD Mathews,N Dickwella,Mohammad Amir,0,0,"",""
ball,1,29.3,Sri Lanka,AD Mathews,N Dickwella,Mohammad Amir,2,0,"",""
ball,1,29.4,Sri Lanka,AD Mathews,N Dickwella,Mohammad Amir,1,0,"",""
ball,1,29.5,Sri Lanka,N Dickwella,AD Mathews,Mohammad Amir,0,1,"",""
ball,1,29.6,Sri Lanka,AD Mathews,N Dickwella,Mohammad Amir,1,0,"",""
ball,1,30.1,Sri Lanka,AD Mathews,N Dickwella,Junaid Khan,0,0,"",""
ball,1,30.2,Sri Lanka,AD Mathews,N Dickwella,Junaid Khan,1,0,"",""
ball,1,30.3,Sri Lanka,N Dickwella,AD Mathews,Junaid Khan,0,0,"",""
ball,1,30.4,Sri Lanka,N Dickwella,AD Mathews,Junaid Khan,0,0,"",""
ball,1,30.5,Sri Lanka,N Dickwella,AD Mathews,Junaid Khan,0,0,"",""
ball,1,30.6,Sri Lanka,N Dickwella,AD Mathews,Junaid Khan,0,0,"",""
ball,1,31.1,Sri Lanka,AD Mathews,N Dickwella,Mohammad Amir,0,0,"",""
ball,1,31.2,Sri Lanka,AD Mathews,N Dickwella,Mohammad Amir,0,0,bowled,AD Mathews
ball,1,31.3,Sri Lanka,DM de Silva,N Dickwella,Mohammad Amir,0,0,"",""
ball,1,31.4,Sri Lanka,DM de Silva,N Dickwella,Mohammad Amir,0,0,"",""
ball,1,31.5,Sri Lanka,DM de Silva,N Dickwella,Mohammad Amir,1,0,"",""
ball,1,31.6,Sri Lanka,N Dickwella,DM de Silva,Mohammad Amir,0,0,"",""
ball,1,32.1,Sri Lanka,DM de Silva,N Dickwella,Junaid Khan,0,0,"",""
ball,1,32.2,Sri Lanka,DM de Silva,N Dickwella,Junaid Khan,0,0,"",""
ball,1,32.3,Sri Lanka,DM de Silva,N Dickwella,Junaid Khan,0,0,caught,DM de Silva
ball,1,32.4,Sri Lanka,DAS Gunaratne,N Dickwella,Junaid Khan,0,0,"",""
ball,1,32.5,Sri Lanka,DAS Gunaratne,N Dickwella,Junaid Khan,0,0,"",""
ball,1,32.6,Sri Lanka,DAS Gunaratne,N Dickwella,Junaid Khan,0,0,"",""
ball,1,33.1,Sri Lanka,N Dickwella,DAS Gunaratne,Mohammad Amir,0,0,caught,N Dickwella
ball,1,33.2,Sri Lanka,NLTC Perera,DAS Gunaratne,Mohammad Amir,0,1,"",""
ball,1,33.3,Sri Lanka,DAS Gunaratne,NLTC Perera,Mohammad Amir,2,0,"",""
ball,1,33.4,Sri Lanka,DAS Gunaratne,NLTC Perera,Mohammad Amir,0,0,"",""
ball,1,33.5,Sri Lanka,DAS Gunaratne,NLTC Perera,Mohammad Amir,0,0,"",""
ball,1,33.6,Sri Lanka,DAS Gunaratne,NLTC Perera,Mohammad Amir,0,0,"",""
ball,1,34.1,Sri Lanka,NLTC Perera,DAS Gunaratne,Junaid Khan,0,0,"",""
ball,1,34.2,Sri Lanka,NLTC Perera,DAS Gunaratne,Junaid Khan,0,0,"",""
ball,1,34.3,Sri Lanka,NLTC Perera,DAS Gunaratne,Junaid Khan,1,0,"",""
ball,1,34.4,Sri Lanka,DAS Gunaratne,NLTC Perera,Junaid Khan,0,0,"",""
ball,1,34.5,Sri Lanka,DAS Gunaratne,NLTC Perera,Junaid Khan,1,0,"",""
ball,1,34.6,Sri Lanka,NLTC Perera,DAS Gunaratne,Junaid Khan,0,0,caught,NLTC Perera
ball,1,35.1,Sri Lanka,DAS Gunaratne,RAS Lakmal,Mohammad Amir,0,0,"",""
ball,1,35.2,Sri Lanka,DAS Gunaratne,RAS Lakmal,Mohammad Amir,0,0,"",""
ball,1,35.3,Sri Lanka,DAS Gunaratne,RAS Lakmal,Mohammad Amir,0,5,"",""
ball,1,35.4,Sri Lanka,DAS Gunaratne,RAS Lakmal,Mohammad Amir,1,0,"",""
ball,1,35.5,Sri Lanka,RAS Lakmal,DAS Gunaratne,Mohammad Amir,0,0,"",""
ball,1,35.6,Sri Lanka,RAS Lakmal,DAS Gunaratne,Mohammad Amir,1,0,"",""
ball,1,35.7,Sri Lanka,DAS Gunaratne,RAS Lakmal,Mohammad Amir,0,0,"",""
ball,1,36.1,Sri Lanka,RAS Lakmal,DAS Gunaratne,Junaid Khan,0,0,"",""
ball,1,36.2,Sri Lanka,RAS Lakmal,DAS Gunaratne,Junaid Khan,0,0,"",""
ball,1,36.3,Sri Lanka,RAS Lakmal,DAS Gunaratne,Junaid Khan,1,0,"",""
ball,1,36.4,Sri Lanka,DAS Gunaratne,RAS Lakmal,Junaid Khan,1,0,"",""
ball,1,36.5,Sri Lanka,RAS Lakmal,DAS Gunaratne,Junaid Khan,2,0,"",""
ball,1,36.6,Sri Lanka,RAS Lakmal,DAS Gunaratne,Junaid Khan,1,0,"",""
ball,1,37.1,Sri Lanka,RAS Lakmal,DAS Gunaratne,Hasan Ali,1,0,"",""
ball,1,37.2,Sri Lanka,DAS Gunaratne,RAS Lakmal,Hasan Ali,0,0,"",""
ball,1,37.3,Sri Lanka,DAS Gunaratne,RAS Lakmal,Hasan Ali,1,0,"",""
ball,1,37.4,Sri Lanka,RAS Lakmal,DAS Gunaratne,Hasan Ali,0,0,"",""
ball,1,37.5,Sri Lanka,RAS Lakmal,DAS Gunaratne,Hasan Ali,1,0,"",""
ball,1,37.6,Sri Lanka,DAS Gunaratne,RAS Lakmal,Hasan Ali,2,0,"",""
ball,1,38.1,Sri Lanka,RAS Lakmal,DAS Gunaratne,Imad Wasim,0,0,"",""
ball,1,38.2,Sri Lanka,RAS Lakmal,DAS Gunaratne,Imad Wasim,0,0,"",""
ball,1,38.3,Sri Lanka,RAS Lakmal,DAS Gunaratne,Imad Wasim,0,0,"",""
ball,1,38.4,Sri Lanka,RAS Lakmal,DAS Gunaratne,Imad Wasim,0,0,"",""
ball,1,38.5,Sri Lanka,RAS Lakmal,DAS Gunaratne,Imad Wasim,0,0,"",""
ball,1,38.6,Sri Lanka,RAS Lakmal,DAS Gunaratne,Imad Wasim,0,0,"",""
ball,1,39.1,Sri Lanka,DAS Gunaratne,RAS Lakmal,Hasan Ali,0,0,"",""
ball,1,39.2,Sri Lanka,DAS Gunaratne,RAS Lakmal,Hasan Ali,0,0,"",""
ball,1,39.3,Sri Lanka,DAS Gunaratne,RAS Lakmal,Hasan Ali,0,0,"",""
ball,1,39.4,Sri Lanka,DAS Gunaratne,RAS Lakmal,Hasan Ali,1,0,"",""
ball,1,39.5,Sri Lanka,RAS Lakmal,DAS Gunaratne,Hasan Ali,0,0,"",""
ball,1,39.6,Sri Lanka,RAS Lakmal,DAS Gunaratne,Hasan Ali,0,0,"",""
ball,1,40.1,Sri Lanka,DAS Gunaratne,RAS Lakmal,Imad Wasim,1,0,"",""
ball,1,40.2,Sri Lanka,RAS Lakmal,DAS Gunaratne,Imad Wasim,0,0,"",""
ball,1,40.3,Sri Lanka,RAS Lakmal,DAS Gunaratne,Imad Wasim,0,0,"",""
ball,1,40.4,Sri Lanka,RAS Lakmal,DAS Gunaratne,Imad Wasim,1,0,"",""
ball,1,40.5,Sri Lanka,DAS Gunaratne,RAS Lakmal,Imad Wasim,0,0,"",""
ball,1,40.6,Sri Lanka,DAS Gunaratne,RAS Lakmal,Imad Wasim,0,0,"",""
ball,1,41.1,Sri Lanka,RAS Lakmal,DAS Gunaratne,Hasan Ali,0,0,"",""
ball,1,41.2,Sri Lanka,RAS Lakmal,DAS Gunaratne,Hasan Ali,4,0,"",""
ball,1,41.3,Sri Lanka,RAS Lakmal,DAS Gunaratne,Hasan Ali,0,1,"",""
ball,1,41.4,Sri Lanka,DAS Gunaratne,RAS Lakmal,Hasan Ali,0,0,"",""
ball,1,41.5,Sri Lanka,DAS Gunaratne,RAS Lakmal,Hasan Ali,1,0,"",""
ball,1,41.6,Sri Lanka,RAS Lakmal,DAS Gunaratne,Hasan Ali,4,0,"",""
ball,1,42.1,Sri Lanka,DAS Gunaratne,RAS Lakmal,Imad Wasim,0,0,"",""
ball,1,42.2,Sri Lanka,DAS Gunaratne,RAS Lakmal,Imad Wasim,0,0,"",""
ball,1,42.3,Sri Lanka,DAS Gunaratne,RAS Lakmal,Imad Wasim,1,0,"",""
ball,1,42.4,Sri Lanka,RAS Lakmal,DAS Gunaratne,Imad Wasim,0,0,"",""
ball,1,42.5,Sri Lanka,RAS Lakmal,DAS Gunaratne,Imad Wasim,0,0,"",""
ball,1,42.6,Sri Lanka,RAS Lakmal,DAS Gunaratne,Imad Wasim,2,0,"",""
ball,1,43.1,Sri Lanka,DAS Gunaratne,RAS Lakmal,Mohammad Amir,3,0,"",""
ball,1,43.2,Sri Lanka,RAS Lakmal,DAS Gunaratne,Mohammad Amir,0,0,"",""
ball,1,43.3,Sri Lanka,RAS Lakmal,DAS Gunaratne,Mohammad Amir,2,0,"",""
ball,1,43.4,Sri Lanka,RAS Lakmal,DAS Gunaratne,Mohammad Amir,4,0,"",""
ball,1,43.5,Sri Lanka,RAS Lakmal,DAS Gunaratne,Mohammad Amir,1,0,"",""
ball,1,43.6,Sri Lanka,DAS Gunaratne,RAS Lakmal,Mohammad Amir,0,0,"",""
ball,1,44.1,Sri Lanka,RAS Lakmal,DAS Gunaratne,Hasan Ali,1,0,"",""
ball,1,44.2,Sri Lanka,DAS Gunaratne,RAS Lakmal,Hasan Ali,0,1,"",""
ball,1,44.3,Sri Lanka,DAS Gunaratne,RAS Lakmal,Hasan Ali,1,0,"",""
ball,1,44.4,Sri Lanka,RAS Lakmal,DAS Gunaratne,Hasan Ali,0,0,bowled,RAS Lakmal
ball,1,44.5,Sri Lanka,SL Malinga,DAS Gunaratne,Hasan Ali,0,0,"",""
ball,1,44.6,Sri Lanka,SL Malinga,DAS Gunaratne,Hasan Ali,1,0,"",""
ball,1,44.7,Sri Lanka,DAS Gunaratne,SL Malinga,Hasan Ali,0,0,"",""
ball,1,45.1,Sri Lanka,SL Malinga,DAS Gunaratne,Junaid Khan,0,0,"",""
ball,1,45.2,Sri Lanka,SL Malinga,DAS Gunaratne,Junaid Khan,1,0,"",""
ball,1,45.3,Sri Lanka,DAS Gunaratne,SL Malinga,Junaid Khan,0,0,"",""
ball,1,45.4,Sri Lanka,DAS Gunaratne,SL Malinga,Junaid Khan,0,1,"",""
ball,1,45.5,Sri Lanka,DAS Gunaratne,SL Malinga,Junaid Khan,1,0,"",""
ball,1,45.6,Sri Lanka,SL Malinga,DAS Gunaratne,Junaid Khan,0,0,"",""
ball,1,45.7,Sri Lanka,SL Malinga,DAS Gunaratne,Junaid Khan,1,0,"",""
ball,1,46.1,Sri Lanka,SL Malinga,DAS Gunaratne,Hasan Ali,0,0,"",""
ball,1,46.2,Sri Lanka,SL Malinga,DAS Gunaratne,Hasan Ali,1,0,"",""
ball,1,46.3,Sri Lanka,DAS Gunaratne,SL Malinga,Hasan Ali,1,0,"",""
ball,1,46.4,Sri Lanka,SL Malinga,DAS Gunaratne,Hasan Ali,1,0,"",""
ball,1,46.5,Sri Lanka,DAS Gunaratne,SL Malinga,Hasan Ali,4,0,"",""
ball,1,46.6,Sri Lanka,DAS Gunaratne,SL Malinga,Hasan Ali,1,0,"",""
ball,1,47.1,Sri Lanka,DAS Gunaratne,SL Malinga,Mohammad Amir,0,0,"",""
ball,1,47.2,Sri Lanka,DAS Gunaratne,SL Malinga,Mohammad Amir,1,0,"",""
ball,1,47.3,Sri Lanka,SL Malinga,DAS Gunaratne,Mohammad Amir,1,0,"",""
ball,1,47.4,Sri Lanka,DAS Gunaratne,SL Malinga,Mohammad Amir,0,0,"",""
ball,1,47.5,Sri Lanka,DAS Gunaratne,SL Malinga,Mohammad Amir,2,0,"",""
ball,1,47.6,Sri Lanka,DAS Gunaratne,SL Malinga,Mohammad Amir,0,1,"",""
ball,1,47.7,Sri Lanka,DAS Gunaratne,SL Malinga,Mohammad Amir,1,0,"",""
ball,1,48.1,Sri Lanka,DAS Gunaratne,SL Malinga,Hasan Ali,0,0,caught,DAS Gunaratne
ball,1,48.2,Sri Lanka,SL Malinga,N Pradeep,Hasan Ali,1,0,"",""
ball,1,48.3,Sri Lanka,N Pradeep,SL Malinga,Hasan Ali,1,0,"",""
ball,1,48.4,Sri Lanka,SL Malinga,N Pradeep,Hasan Ali,0,0,"",""
ball,1,48.5,Sri Lanka,SL Malinga,N Pradeep,Hasan Ali,1,0,"",""
ball,1,48.6,Sri Lanka,N Pradeep,SL Malinga,Hasan Ali,0,0,"",""
ball,1,49.1,Sri Lanka,SL Malinga,N Pradeep,Fahim Ashraf,1,0,"",""
ball,1,49.2,Sri Lanka,N Pradeep,SL Malinga,Fahim Ashraf,0,0,caught and bowled,N Pradeep
ball,2,0.1,Pakistan,Azhar Ali,Fakhar Zaman,SL Malinga,0,0,"",""
ball,2,0.2,Pakistan,Azhar Ali,Fakhar Zaman,SL Malinga,0,0,"",""
ball,2,0.3,Pakistan,Azhar Ali,Fakhar Zaman,SL Malinga,0,0,"",""
ball,2,0.4,Pakistan,Azhar Ali,Fakhar Zaman,SL Malinga,0,0,"",""
ball,2,0.5,Pakistan,Azhar Ali,Fakhar Zaman,SL Malinga,0,0,"",""
ball,2,0.6,Pakistan,Azhar Ali,Fakhar Zaman,SL Malinga,0,0,"",""
ball,2,1.1,Pakistan,Fakhar Zaman,Azhar Ali,RAS Lakmal,0,1,"",""
ball,2,1.2,Pakistan,Fakhar Zaman,Azhar Ali,RAS Lakmal,0,0,"",""
ball,2,1.3,Pakistan,Fakhar Zaman,Azhar Ali,RAS Lakmal,1,0,"",""
ball,2,1.4,Pakistan,Azhar Ali,Fakhar Zaman,RAS Lakmal,0,0,"",""
ball,2,1.5,Pakistan,Azhar Ali,Fakhar Zaman,RAS Lakmal,0,0,"",""
ball,2,1.6,Pakistan,Azhar Ali,Fakhar Zaman,RAS Lakmal,0,0,"",""
ball,2,1.7,Pakistan,Azhar Ali,Fakhar Zaman,RAS Lakmal,0,0,"",""
ball,2,2.1,Pakistan,Fakhar Zaman,Azhar Ali,SL Malinga,0,0,"",""
ball,2,2.2,Pakistan,Fakhar Zaman,Azhar Ali,SL Malinga,4,0,"",""
ball,2,2.3,Pakistan,Fakhar Zaman,Azhar Ali,SL Malinga,4,0,"",""
ball,2,2.4,Pakistan,Fakhar Zaman,Azhar Ali,SL Malinga,0,0,"",""
ball,2,2.5,Pakistan,Fakhar Zaman,Azhar Ali,SL Malinga,4,0,"",""
ball,2,2.6,Pakistan,Fakhar Zaman,Azhar Ali,SL Malinga,0,0,"",""
ball,2,3.1,Pakistan,Azhar Ali,Fakhar Zaman,RAS Lakmal,0,0,"",""
ball,2,3.2,Pakistan,Azhar Ali,Fakhar Zaman,RAS Lakmal,0,0,"",""
ball,2,3.3,Pakistan,Azhar Ali,Fakhar Zaman,RAS Lakmal,0,0,"",""
ball,2,3.4,Pakistan,Azhar Ali,Fakhar Zaman,RAS Lakmal,0,0,"",""
ball,2,3.5,Pakistan,Azhar Ali,Fakhar Zaman,RAS Lakmal,1,0,"",""
ball,2,3.6,Pakistan,Fakhar Zaman,Azhar Ali,RAS Lakmal,4,0,"",""
ball,2,4.1,Pakistan,Azhar Ali,Fakhar Zaman,SL Malinga,0,0,"",""
ball,2,4.2,Pakistan,Azhar Ali,Fakhar Zaman,SL Malinga,1,0,"",""
ball,2,4.3,Pakistan,Fakhar Zaman,Azhar Ali,SL Malinga,0,0,"",""
ball,2,4.4,Pakistan,Fakhar Zaman,Azhar Ali,SL Malinga,0,0,"",""
ball,2,4.5,Pakistan,Fakhar Zaman,Azhar Ali,SL Malinga,1,0,"",""
ball,2,4.6,Pakistan,Azhar Ali,Fakhar Zaman,SL Malinga,0,0,"",""
ball,2,5.1,Pakistan,Fakhar Zaman,Azhar Ali,RAS Lakmal,0,0,"",""
ball,2,5.2,Pakistan,Fakhar Zaman,Azhar Ali,RAS Lakmal,0,1,"",""
ball,2,5.3,Pakistan,Azhar Ali,Fakhar Zaman,RAS Lakmal,0,0,"",""
ball,2,5.4,Pakistan,Azhar Ali,Fakhar Zaman,RAS Lakmal,4,0,"",""
ball,2,5.5,Pakistan,Azhar Ali,Fakhar Zaman,RAS Lakmal,0,0,"",""
ball,2,5.6,Pakistan,Azhar Ali,Fakhar Zaman,RAS Lakmal,1,0,"",""
ball,2,6.1,Pakistan,Azhar Ali,Fakhar Zaman,N Pradeep,0,0,"",""
ball,2,6.2,Pakistan,Azhar Ali,Fakhar Zaman,N Pradeep,1,0,"",""
ball,2,6.3,Pakistan,Fakhar Zaman,Azhar Ali,N Pradeep,0,0,"",""
ball,2,6.4,Pakistan,Fakhar Zaman,Azhar Ali,N Pradeep,0,1,"",""
ball,2,6.5,Pakistan,Fakhar Zaman,Azhar Ali,N Pradeep,1,0,"",""
ball,2,6.6,Pakistan,Azhar Ali,Fakhar Zaman,N Pradeep,0,0,"",""
ball,2,6.7,Pakistan,Azhar Ali,Fakhar Zaman,N Pradeep,1,0,"",""
ball,2,7.1,Pakistan,Azhar Ali,Fakhar Zaman,NLTC Perera,6,0,"",""
ball,2,7.2,Pakistan,Azhar Ali,Fakhar Zaman,NLTC Perera,0,0,"",""
ball,2,7.3,Pakistan,Azhar Ali,Fakhar Zaman,NLTC Perera,1,0,"",""
ball,2,7.4,Pakistan,Fakhar Zaman,Azhar Ali,NLTC Perera,4,0,"",""
ball,2,7.5,Pakistan,Fakhar Zaman,Azhar Ali,NLTC Perera,0,1,"",""
ball,2,7.6,Pakistan,Fakhar Zaman,Azhar Ali,NLTC Perera,0,0,"",""
ball,2,7.7,Pakistan,Fakhar Zaman,Azhar Ali,NLTC Perera,1,0,"",""
ball,2,8.1,Pakistan,Fakhar Zaman,Azhar Ali,N Pradeep,4,0,"",""
ball,2,8.2,Pakistan,Fakhar Zaman,Azhar Ali,N Pradeep,0,0,"",""
ball,2,8.3,Pakistan,Fakhar Zaman,Azhar Ali,N Pradeep,1,0,"",""
ball,2,8.4,Pakistan,Azhar Ali,Fakhar Zaman,N Pradeep,0,1,"",""
ball,2,8.5,Pakistan,Fakhar Zaman,Azhar Ali,N Pradeep,6,0,"",""
ball,2,8.6,Pakistan,Fakhar Zaman,Azhar Ali,N Pradeep,1,0,"",""
ball,2,9.1,Pakistan,Fakhar Zaman,Azhar Ali,RAS Lakmal,0,0,"",""
ball,2,9.2,Pakistan,Fakhar Zaman,Azhar Ali,RAS Lakmal,4,0,"",""
ball,2,9.3,Pakistan,Fakhar Zaman,Azhar Ali,RAS Lakmal,0,0,"",""
ball,2,9.4,Pakistan,Fakhar Zaman,Azhar Ali,RAS Lakmal,2,0,"",""
ball,2,9.5,Pakistan,Fakhar Zaman,Azhar Ali,RAS Lakmal,0,0,"",""
ball,2,9.6,Pakistan,Fakhar Zaman,Azhar Ali,RAS Lakmal,0,1,"",""
ball,2,9.7,Pakistan,Fakhar Zaman,Azhar Ali,RAS Lakmal,1,0,"",""
ball,2,10.1,Pakistan,Fakhar Zaman,Azhar Ali,DAS Gunaratne,1,0,"",""
ball,2,10.2,Pakistan,Azhar Ali,Fakhar Zaman,DAS Gunaratne,1,0,"",""
ball,2,10.3,Pakistan,Fakhar Zaman,Azhar Ali,DAS Gunaratne,1,0,"",""
ball,2,10.4,Pakistan,Azhar Ali,Fakhar Zaman,DAS Gunaratne,1,0,"",""
ball,2,10.5,Pakistan,Fakhar Zaman,Azhar Ali,DAS Gunaratne,4,0,"",""
ball,2,10.6,Pakistan,Fakhar Zaman,Azhar Ali,DAS Gunaratne,1,0,"",""
ball,2,11.1,Pakistan,Fakhar Zaman,Azhar Ali,N Pradeep,0,0,"",""
ball,2,11.2,Pakistan,Fakhar Zaman,Azhar Ali,N Pradeep,0,0,caught,Fakhar Zaman
ball,2,11.3,Pakistan,Babar Azam,Azhar Ali,N Pradeep,0,0,"",""
ball,2,11.4,Pakistan,Babar Azam,Azhar Ali,N Pradeep,0,0,"",""
ball,2,11.5,Pakistan,Babar Azam,Azhar Ali,N Pradeep,0,0,"",""
ball,2,11.6,Pakistan,Babar Azam,Azhar Ali,N Pradeep,4,0,"",""
ball,2,12.1,Pakistan,Azhar Ali,Babar Azam,NLTC Perera,0,0,"",""
ball,2,12.2,Pakistan,Azhar Ali,Babar Azam,NLTC Perera,1,0,"",""
ball,2,12.3,Pakistan,Babar Azam,Azhar Ali,NLTC Perera,0,1,"",""
ball,2,12.4,Pakistan,Babar Azam,Azhar Ali,NLTC Perera,0,0,"",""
ball,2,12.5,Pakistan,Babar Azam,Azhar Ali,NLTC Perera,0,0,"",""
ball,2,12.6,Pakistan,Babar Azam,Azhar Ali,NLTC Perera,0,0,"",""
ball,2,12.7,Pakistan,Babar Azam,Azhar Ali,NLTC Perera,0,0,"",""
ball,2,13.1,Pakistan,Azhar Ali,Babar Azam,N Pradeep,0,0,"",""
ball,2,13.2,Pakistan,Azhar Ali,Babar Azam,N Pradeep,1,0,"",""
ball,2,13.3,Pakistan,Babar Azam,Azhar Ali,N Pradeep,0,0,"",""
ball,2,13.4,Pakistan,Babar Azam,Azhar Ali,N Pradeep,3,0,"",""
ball,2,13.5,Pakistan,Azhar Ali,Babar Azam,N Pradeep,1,0,"",""
ball,2,13.6,Pakistan,Babar Azam,Azhar Ali,N Pradeep,2,0,"",""
ball,2,14.1,Pakistan,Azhar Ali,Babar Azam,NLTC Perera,1,0,"",""
ball,2,14.2,Pakistan,Babar Azam,Azhar Ali,NLTC Perera,0,0,"",""
ball,2,14.3,Pakistan,Babar Azam,Azhar Ali,NLTC Perera,1,0,"",""
ball,2,14.4,Pakistan,Azhar Ali,Babar Azam,NLTC Perera,1,0,"",""
ball,2,14.5,Pakistan,Babar Azam,Azhar Ali,NLTC Perera,0,0,"",""
ball,2,14.6,Pakistan,Babar Azam,Azhar Ali,NLTC Perera,0,0,"",""
ball,2,15.1,Pakistan,Azhar Ali,Babar Azam,N Pradeep,1,0,"",""
ball,2,15.2,Pakistan,Babar Azam,Azhar Ali,N Pradeep,0,0,"",""
ball,2,15.3,Pakistan,Babar Azam,Azhar Ali,N Pradeep,0,0,"",""
ball,2,15.4,Pakistan,Babar Azam,Azhar Ali,N Pradeep,0,1,"",""
ball,2,15.5,Pakistan,Babar Azam,Azhar Ali,N Pradeep,0,0,caught,Babar Azam
ball,2,15.6,Pakistan,Mohammad Hafeez,Azhar Ali,N Pradeep,1,0,"",""
ball,2,15.7,Pakistan,Azhar Ali,Mohammad Hafeez,N Pradeep,1,0,"",""
ball,2,16.1,Pakistan,Azhar Ali,Mohammad Hafeez,NLTC Perera,1,0,"",""
ball,2,16.2,Pakistan,Mohammad Hafeez,Azhar Ali,NLTC Perera,0,0,"",""
ball,2,16.3,Pakistan,Mohammad Hafeez,Azhar Ali,NLTC Perera,0,0,"",""
ball,2,16.4,Pakistan,Mohammad Hafeez,Azhar Ali,NLTC Perera,0,0,"",""
ball,2,16.5,Pakistan,Mohammad Hafeez,Azhar Ali,NLTC Perera,0,0,caught,Mohammad Hafeez
ball,2,16.6,Pakistan,Shoaib Malik,Azhar Ali,NLTC Perera,4,0,"",""
ball,2,17.1,Pakistan,Azhar Ali,Shoaib Malik,N Pradeep,0,0,"",""
ball,2,17.2,Pakistan,Azhar Ali,Shoaib Malik,N Pradeep,4,0,"",""
ball,2,17.3,Pakistan,Azhar Ali,Shoaib Malik,N Pradeep,1,0,"",""
ball,2,17.4,Pakistan,Shoaib Malik,Azhar Ali,N Pradeep,1,0,"",""
ball,2,17.5,Pakistan,Azhar Ali,Shoaib Malik,N Pradeep,1,0,"",""
ball,2,17.6,Pakistan,Shoaib Malik,Azhar Ali,N Pradeep,0,0,"",""
ball,2,18.1,Pakistan,Azhar Ali,Shoaib Malik,NLTC Perera,1,0,"",""
ball,2,18.2,Pakistan,Shoaib Malik,Azhar Ali,NLTC Perera,0,0,"",""
ball,2,18.3,Pakistan,Shoaib Malik,Azhar Ali,NLTC Perera,0,0,"",""
ball,2,18.4,Pakistan,Shoaib Malik,Azhar Ali,NLTC Perera,1,0,"",""
ball,2,18.5,Pakistan,Azhar Ali,Shoaib Malik,NLTC Perera,1,0,"",""
ball,2,18.6,Pakistan,Shoaib Malik,Azhar Ali,NLTC Perera,0,1,"",""
ball,2,18.7,Pakistan,Shoaib Malik,Azhar Ali,NLTC Perera,0,0,"",""
ball,2,19.1,Pakistan,Azhar Ali,Shoaib Malik,RAS Lakmal,0,0,"",""
ball,2,19.2,Pakistan,Azhar Ali,Shoaib Malik,RAS Lakmal,0,0,caught,Azhar Ali
ball,2,19.3,Pakistan,Sarfraz Ahmed,Shoaib Malik,RAS Lakmal,0,0,"",""
ball,2,19.4,Pakistan,Sarfraz Ahmed,Shoaib Malik,RAS Lakmal,0,0,"",""
ball,2,19.5,Pakistan,Sarfraz Ahmed,Shoaib Malik,RAS Lakmal,0,0,"",""
ball,2,19.6,Pakistan,Sarfraz Ahmed,Shoaib Malik,RAS Lakmal,1,0,"",""
ball,2,20.1,Pakistan,Sarfraz Ahmed,Shoaib Malik,SL Malinga,1,0,"",""
ball,2,20.2,Pakistan,Shoaib Malik,Sarfraz Ahmed,SL Malinga,1,0,"",""
ball,2,20.3,Pakistan,Sarfraz Ahmed,Shoaib Malik,SL Malinga,0,1,"",""
ball,2,20.4,Pakistan,Sarfraz Ahmed,Shoaib Malik,SL Malinga,4,0,"",""
ball,2,20.5,Pakistan,Sarfraz Ahmed,Shoaib Malik,SL Malinga,1,0,"",""
ball,2,20.6,Pakistan,Shoaib Malik,Sarfraz Ahmed,SL Malinga,0,0,"",""
ball,2,20.7,Pakistan,Shoaib Malik,Sarfraz Ahmed,SL Malinga,0,0,"",""
ball,2,21.1,Pakistan,Sarfraz Ahmed,Shoaib Malik,RAS Lakmal,1,0,"",""
ball,2,21.2,Pakistan,Shoaib Malik,Sarfraz Ahmed,RAS Lakmal,1,0,"",""
ball,2,21.3,Pakistan,Sarfraz Ahmed,Shoaib Malik,RAS Lakmal,1,0,"",""
ball,2,21.4,Pakistan,Shoaib Malik,Sarfraz Ahmed,RAS Lakmal,1,0,"",""
ball,2,21.5,Pakistan,Sarfraz Ahmed,Shoaib Malik,RAS Lakmal,1,0,"",""
ball,2,21.6,Pakistan,Shoaib Malik,Sarfraz Ahmed,RAS Lakmal,0,0,"",""
ball,2,22.1,Pakistan,Sarfraz Ahmed,Shoaib Malik,SL Malinga,0,0,"",""
ball,2,22.2,Pakistan,Sarfraz Ahmed,Shoaib Malik,SL Malinga,0,0,"",""
ball,2,22.3,Pakistan,Sarfraz Ahmed,Shoaib Malik,SL Malinga,0,0,"",""
ball,2,22.4,Pakistan,Sarfraz Ahmed,Shoaib Malik,SL Malinga,0,0,"",""
ball,2,22.5,Pakistan,Sarfraz Ahmed,Shoaib Malik,SL Malinga,0,0,"",""
ball,2,22.6,Pakistan,Sarfraz Ahmed,Shoaib Malik,SL Malinga,0,0,"",""
ball,2,23.1,Pakistan,Shoaib Malik,Sarfraz Ahmed,RAS Lakmal,0,0,"",""
ball,2,23.2,Pakistan,Shoaib Malik,Sarfraz Ahmed,RAS Lakmal,0,0,"",""
ball,2,23.3,Pakistan,Shoaib Malik,Sarfraz Ahmed,RAS Lakmal,1,0,"",""
ball,2,23.4,Pakistan,Sarfraz Ahmed,Shoaib Malik,RAS Lakmal,3,0,"",""
ball,2,23.5,Pakistan,Shoaib Malik,Sarfraz Ahmed,RAS Lakmal,0,0,"",""
ball,2,23.6,Pakistan,Shoaib Malik,Sarfraz Ahmed,RAS Lakmal,0,0,"",""
ball,2,24.1,Pakistan,Sarfraz Ahmed,Shoaib Malik,SL Malinga,0,0,"",""
ball,2,24.2,Pakistan,Sarfraz Ahmed,Shoaib Malik,SL Malinga,1,0,"",""
ball,2,24.3,Pakistan,Shoaib Malik,Sarfraz Ahmed,SL Malinga,1,0,"",""
ball,2,24.4,Pakistan,Sarfraz Ahmed,Shoaib Malik,SL Malinga,1,0,"",""
ball,2,24.5,Pakistan,Shoaib Malik,Sarfraz Ahmed,SL Malinga,0,0,caught,Shoaib Malik
ball,2,24.6,Pakistan,Imad Wasim,Sarfraz Ahmed,SL Malinga,0,1,"",""
ball,2,24.7,Pakistan,Imad Wasim,Sarfraz Ahmed,SL Malinga,0,0,"",""
ball,2,25.1,Pakistan,Sarfraz Ahmed,Imad Wasim,N Pradeep,0,0,"",""
ball,2,25.2,Pakistan,Sarfraz Ahmed,Imad Wasim,N Pradeep,1,0,"",""
ball,2,25.3,Pakistan,Imad Wasim,Sarfraz Ahmed,N Pradeep,4,0,"",""
ball,2,25.4,Pakistan,Imad Wasim,Sarfraz Ahmed,N Pradeep,0,0,caught,Imad Wasim
ball,2,25.5,Pakistan,Fahim Ashraf,Sarfraz Ahmed,N Pradeep,0,0,"",""
ball,2,25.6,Pakistan,Fahim Ashraf,Sarfraz Ahmed,N Pradeep,0,0,"",""
ball,2,26.1,Pakistan,Sarfraz Ahmed,Fahim Ashraf,SL Malinga,1,0,"",""
ball,2,26.2,Pakistan,Fahim Ashraf,Sarfraz Ahmed,SL Malinga,0,0,"",""
ball,2,26.3,Pakistan,Fahim Ashraf,Sarfraz Ahmed,SL Malinga,0,0,"",""
ball,2,26.4,Pakistan,Fahim Ashraf,Sarfraz Ahmed,SL Malinga,0,0,"",""
ball,2,26.5,Pakistan,Fahim Ashraf,Sarfraz Ahmed,SL Malinga,6,0,"",""
ball,2,26.6,Pakistan,Fahim Ashraf,Sarfraz Ahmed,SL Malinga,1,0,"",""
ball,2,27.1,Pakistan,Fahim Ashraf,Sarfraz Ahmed,N Pradeep,4,0,"",""
ball,2,27.2,Pakistan,Fahim Ashraf,Sarfraz Ahmed,N Pradeep,1,0,"",""
ball,2,27.3,Pakistan,Sarfraz Ahmed,Fahim Ashraf,N Pradeep,2,0,"",""
ball,2,27.4,Pakistan,Sarfraz Ahmed,Fahim Ashraf,N Pradeep,1,0,"",""
ball,2,27.5,Pakistan,Fahim Ashraf,Sarfraz Ahmed,N Pradeep,0,0,"",""
ball,2,27.6,Pakistan,Fahim Ashraf,Sarfraz Ahmed,N Pradeep,0,4,"",""
ball,2,28.1,Pakistan,Sarfraz Ahmed,Fahim Ashraf,DAS Gunaratne,0,0,"",""
ball,2,28.2,Pakistan,Sarfraz Ahmed,Fahim Ashraf,DAS Gunaratne,0,0,"",""
ball,2,28.3,Pakistan,Sarfraz Ahmed,Fahim Ashraf,DAS Gunaratne,0,0,"",""
ball,2,28.4,Pakistan,Sarfraz Ahmed,Fahim Ashraf,DAS Gunaratne,1,0,"",""
ball,2,28.5,Pakistan,Fahim Ashraf,Sarfraz Ahmed,DAS Gunaratne,0,0,"",""
ball,2,28.6,Pakistan,Fahim Ashraf,Sarfraz Ahmed,DAS Gunaratne,0,0,"",""
ball,2,29.1,Pakistan,Sarfraz Ahmed,Fahim Ashraf,NLTC Perera,0,0,"",""
ball,2,29.2,Pakistan,Sarfraz Ahmed,Fahim Ashraf,NLTC Perera,1,0,"",""
ball,2,29.3,Pakistan,Fahim Ashraf,Sarfraz Ahmed,NLTC Perera,2,0,"",""
ball,2,29.4,Pakistan,Fahim Ashraf,Sarfraz Ahmed,NLTC Perera,1,0,"",""
ball,2,29.5,Pakistan,Sarfraz Ahmed,Fahim Ashraf,NLTC Perera,0,0,run out,Fahim Ashraf
ball,2,29.6,Pakistan,Sarfraz Ahmed,Mohammad Amir,NLTC Perera,0,0,"",""
ball,2,30.1,Pakistan,Mohammad Amir,Sarfraz Ahmed,MD Gunathilaka,1,0,"",""
ball,2,30.2,Pakistan,Sarfraz Ahmed,Mohammad Amir,MD Gunathilaka,0,0,"",""
ball,2,30.3,Pakistan,Sarfraz Ahmed,Mohammad Amir,MD Gunathilaka,0,0,"",""
ball,2,30.4,Pakistan,Sarfraz Ahmed,Mohammad Amir,MD Gunathilaka,1,0,"",""
ball,2,30.5,Pakistan,Mohammad Amir,Sarfraz Ahmed,MD Gunathilaka,0,0,"",""
ball,2,30.6,Pakistan,Mohammad Amir,Sarfraz Ahmed,MD Gunathilaka,0,0,"",""
ball,2,31.1,Pakistan,Sarfraz Ahmed,Mohammad Amir,NLTC Perera,2,0,"",""
ball,2,31.2,Pakistan,Sarfraz Ahmed,Mohammad Amir,NLTC Perera,0,0,"",""
ball,2,31.3,Pakistan,Sarfraz Ahmed,Mohammad Amir,NLTC Perera,1,0,"",""
ball,2,31.4,Pakistan,Mohammad Amir,Sarfraz Ahmed,NLTC Perera,0,0,"",""
ball,2,31.5,Pakistan,Mohammad Amir,Sarfraz Ahmed,NLTC Perera,0,0,"",""
ball,2,31.6,Pakistan,Mohammad Amir,Sarfraz Ahmed,NLTC Perera,0,0,"",""
ball,2,32.1,Pakistan,Sarfraz Ahmed,Mohammad Amir,DAS Gunaratne,0,0,"",""
ball,2,32.2,Pakistan,Sarfraz Ahmed,Mohammad Amir,DAS Gunaratne,0,0,"",""
ball,2,32.3,Pakistan,Sarfraz Ahmed,Mohammad Amir,DAS Gunaratne,0,0,"",""
ball,2,32.4,Pakistan,Sarfraz Ahmed,Mohammad Amir,DAS Gunaratne,1,0,"",""
ball,2,32.5,Pakistan,Mohammad Amir,Sarfraz Ahmed,DAS Gunaratne,0,0,"",""
ball,2,32.6,Pakistan,Mohammad Amir,Sarfraz Ahmed,DAS Gunaratne,0,0,"",""
ball,2,33.1,Pakistan,Sarfraz Ahmed,Mohammad Amir,N Pradeep,0,0,"",""
ball,2,33.2,Pakistan,Sarfraz Ahmed,Mohammad Amir,N Pradeep,0,1,"",""
ball,2,33.3,Pakistan,Sarfraz Ahmed,Mohammad Amir,N Pradeep,1,0,"",""
ball,2,33.4,Pakistan,Mohammad Amir,Sarfraz Ahmed,N Pradeep,0,0,"",""
ball,2,33.5,Pakistan,Mohammad Amir,Sarfraz Ahmed,N Pradeep,2,0,"",""
ball,2,33.6,Pakistan,Mohammad Amir,Sarfraz Ahmed,N Pradeep,0,0,"",""
ball,2,33.7,Pakistan,Mohammad Amir,Sarfraz Ahmed,N Pradeep,1,0,"",""
ball,2,34.1,Pakistan,Mohammad Amir,Sarfraz Ahmed,DAS Gunaratne,0,0,"",""
ball,2,34.2,Pakistan,Mohammad Amir,Sarfraz Ahmed,DAS Gunaratne,0,0,"",""
ball,2,34.3,Pakistan,Mohammad Amir,Sarfraz Ahmed,DAS Gunaratne,0,0,"",""
ball,2,34.4,Pakistan,Mohammad Amir,Sarfraz Ahmed,DAS Gunaratne,1,0,"",""
ball,2,34.5,Pakistan,Sarfraz Ahmed,Mohammad Amir,DAS Gunaratne,1,0,"",""
ball,2,34.6,Pakistan,Mohammad Amir,Sarfraz Ahmed,DAS Gunaratne,0,0,"",""
ball,2,35.1,Pakistan,Sarfraz Ahmed,Mohammad Amir,NLTC Perera,0,0,"",""
ball,2,35.2,Pakistan,Sarfraz Ahmed,Mohammad Amir,NLTC Perera,2,0,"",""
ball,2,35.3,Pakistan,Sarfraz Ahmed,Mohammad Amir,NLTC Perera,1,0,"",""
ball,2,35.4,Pakistan,Mohammad Amir,Sarfraz Ahmed,NLTC Perera,5,0,"",""
ball,2,35.5,Pakistan,Sarfraz Ahmed,Mohammad Amir,NLTC Perera,0,1,"",""
ball,2,35.6,Pakistan,Sarfraz Ahmed,Mohammad Amir,NLTC Perera,0,0,"",""
ball,2,35.7,Pakistan,Sarfraz Ahmed,Mohammad Amir,NLTC Perera,0,0,"",""
ball,2,36.1,Pakistan,Mohammad Amir,Sarfraz Ahmed,N Pradeep,0,0,"",""
ball,2,36.2,Pakistan,Mohammad Amir,Sarfraz Ahmed,N Pradeep,3,0,"",""
ball,2,36.3,Pakistan,Sarfraz Ahmed,Mohammad Amir,N Pradeep,0,0,"",""
ball,2,36.4,Pakistan,Sarfraz Ahmed,Mohammad Amir,N Pradeep,1,0,"",""
ball,2,36.5,Pakistan,Mohammad Amir,Sarfraz Ahmed,N Pradeep,0,0,"",""
ball,2,36.6,Pakistan,Mohammad Amir,Sarfraz Ahmed,N Pradeep,0,0,"",""
ball,2,37.1,Pakistan,Sarfraz Ahmed,Mohammad Amir,RAS Lakmal,4,0,"",""
ball,2,37.2,Pakistan,Sarfraz Ahmed,Mohammad Amir,RAS Lakmal,0,0,"",""
ball,2,37.3,Pakistan,Sarfraz Ahmed,Mohammad Amir,RAS Lakmal,0,0,"",""
ball,2,37.4,Pakistan,Sarfraz Ahmed,Mohammad Amir,RAS Lakmal,0,0,"",""
ball,2,37.5,Pakistan,Sarfraz Ahmed,Mohammad Amir,RAS Lakmal,1,0,"",""
ball,2,37.6,Pakistan,Mohammad Amir,Sarfraz Ahmed,RAS Lakmal,0,0,"",""
ball,2,38.1,Pakistan,Sarfraz Ahmed,Mohammad Amir,SL Malinga,0,0,"",""
ball,2,38.2,Pakistan,Sarfraz Ahmed,Mohammad Amir,SL Malinga,0,1,"",""
ball,2,38.3,Pakistan,Sarfraz Ahmed,Mohammad Amir,SL Malinga,0,0,"",""
ball,2,38.4,Pakistan,Sarfraz Ahmed,Mohammad Amir,SL Malinga,1,0,"",""
ball,2,38.5,Pakistan,Mohammad Amir,Sarfraz Ahmed,SL Malinga,1,0,"",""
ball,2,38.6,Pakistan,Sarfraz Ahmed,Mohammad Amir,SL Malinga,0,0,"",""
ball,2,38.7,Pakistan,Sarfraz Ahmed,Mohammad Amir,SL Malinga,0,0,"",""
ball,2,39.1,Pakistan,Mohammad Amir,Sarfraz Ahmed,RAS Lakmal,1,0,"",""
ball,2,39.2,Pakistan,Sarfraz Ahmed,Mohammad Amir,RAS Lakmal,0,0,"",""
ball,2,39.3,Pakistan,Sarfraz Ahmed,Mohammad Amir,RAS Lakmal,0,0,"",""
ball,2,39.4,Pakistan,Sarfraz Ahmed,Mohammad Amir,RAS Lakmal,1,0,"",""
ball,2,39.5,Pakistan,Mohammad Amir,Sarfraz Ahmed,RAS Lakmal,0,0,"",""
ball,2,39.6,Pakistan,Mohammad Amir,Sarfraz Ahmed,RAS Lakmal,0,0,"",""
ball,2,40.1,Pakistan,Sarfraz Ahmed,Mohammad Amir,SL Malinga,1,0,"",""
ball,2,40.2,Pakistan,Mohammad Amir,Sarfraz Ahmed,SL Malinga,2,0,"",""
ball,2,40.3,Pakistan,Mohammad Amir,Sarfraz Ahmed,SL Malinga,0,0,"",""
ball,2,40.4,Pakistan,Mohammad Amir,Sarfraz Ahmed,SL Malinga,0,4,"",""
ball,2,40.5,Pakistan,Mohammad Amir,Sarfraz Ahmed,SL Malinga,1,0,"",""
ball,2,40.6,Pakistan,Sarfraz Ahmed,Mohammad Amir,SL Malinga,0,0,"",""
ball,2,41.1,Pakistan,Mohammad Amir,Sarfraz Ahmed,RAS Lakmal,1,0,"",""
ball,2,41.2,Pakistan,Sarfraz Ahmed,Mohammad Amir,RAS Lakmal,4,0,"",""
ball,2,41.3,Pakistan,Sarfraz Ahmed,Mohammad Amir,RAS Lakmal,1,0,"",""
ball,2,41.4,Pakistan,Mohammad Amir,Sarfraz Ahmed,RAS Lakmal,1,0,"",""
ball,2,41.5,Pakistan,Sarfraz Ahmed,Mohammad Amir,RAS Lakmal,4,0,"",""
ball,2,41.6,Pakistan,Sarfraz Ahmed,Mohammad Amir,RAS Lakmal,0,0,"",""
ball,2,42.1,Pakistan,Mohammad Amir,Sarfraz Ahmed,DM de Silva,0,0,"",""
ball,2,42.2,Pakistan,Mohammad Amir,Sarfraz Ahmed,DM de Silva,0,0,"",""
ball,2,42.3,Pakistan,Mohammad Amir,Sarfraz Ahmed,DM de Silva,1,0,"",""
ball,2,42.4,Pakistan,Sarfraz Ahmed,Mohammad Amir,DM de Silva,0,0,"",""
ball,2,42.5,Pakistan,Sarfraz Ahmed,Mohammad Amir,DM de Silva,1,0,"",""
ball,2,42.6,Pakistan,Mohammad Amir,Sarfraz Ahmed,DM de Silva,1,0,"",""
ball,2,43.1,Pakistan,Mohammad Amir,Sarfraz Ahmed,DAS Gunaratne,0,0,"",""
ball,2,43.2,Pakistan,Mohammad Amir,Sarfraz Ahmed,DAS Gunaratne,0,0,"",""
ball,2,43.3,Pakistan,Mohammad Amir,Sarfraz Ahmed,DAS Gunaratne,1,0,"",""
ball,2,43.4,Pakistan,Sarfraz Ahmed,Mohammad Amir,DAS Gunaratne,1,0,"",""
ball,2,43.5,Pakistan,Mohammad Amir,Sarfraz Ahmed,DAS Gunaratne,0,0,"",""
ball,2,43.6,Pakistan,Mohammad Amir,Sarfraz Ahmed,DAS Gunaratne,4,0,"",""
ball,2,44.1,Pakistan,Sarfraz Ahmed,Mohammad Amir,SL Malinga,1,0,"",""
ball,2,44.2,Pakistan,Mohammad Amir,Sarfraz Ahmed,SL Malinga,0,1,"",""
ball,2,44.3,Pakistan,Mohammad Amir,Sarfraz Ahmed,SL Malinga,1,0,"",""
ball,2,44.4,Pakistan,Sarfraz Ahmed,Mohammad Amir,SL Malinga,2,0,"",""
ball,2,44.5,Pakistan,Sarfraz Ahmed,Mohammad Amir,SL Malinga,2,0,"",""
ball,2,44.6,Pakistan,Sarfraz Ahmed,Mohammad Amir,SL Malinga,4,0,"",""
