version,1.3.0
info,team,Ireland
info,team,Bangladesh
info,gender,male
info,season,2017
info,date,2017/05/12
info,series,Ireland Tri-Nation Series
info,match_number,1
info,venue,Malahide
info,city,Dublin
info,toss_winner,Ireland
info,toss_decision,field
info,umpire,IJ Gould
info,umpire,M Hawthorne
info,reserve_umpire,AJ Neill
info,tv_umpire,NJ Llong
info,match_referee,RS Madugalle
info,outcome,no result
ball,1,0.1,Bangladesh,Tamim Iqbal,Soumya Sarkar,TJ Murtagh,2,0,"",""
ball,1,0.2,Bangladesh,Tamim Iqbal,Soumya Sarkar,TJ Murtagh,1,0,"",""
ball,1,0.3,Bangladesh,Soumya Sarkar,Tamim Iqbal,TJ Murtagh,0,0,"",""
ball,1,0.4,Bangladesh,Soumya Sarkar,Tamim Iqbal,TJ Murtagh,1,0,"",""
ball,1,0.5,Bangladesh,Tamim Iqbal,Soumya Sarkar,TJ Murtagh,0,0,"",""
ball,1,0.6,Bangladesh,Tamim Iqbal,Soumya Sarkar,TJ Murtagh,0,0,"",""
ball,1,1.1,Bangladesh,Soumya Sarkar,Tamim Iqbal,PKD Chase,0,0,"",""
ball,1,1.2,Bangladesh,Soumya Sarkar,Tamim Iqbal,PKD Chase,0,0,"",""
ball,1,1.3,Bangladesh,Soumya Sarkar,Tamim Iqbal,PKD Chase,4,0,"",""
ball,1,1.4,Bangladesh,Soumya Sarkar,Tamim Iqbal,PKD Chase,0,0,"",""
ball,1,1.5,Bangladesh,Soumya Sarkar,Tamim Iqbal,PKD Chase,0,0,caught,Soumya Sarkar
ball,1,1.6,Bangladesh,Sabbir Rahman,Tamim Iqbal,PKD Chase,0,0,"",""
ball,1,2.1,Bangladesh,Tamim Iqbal,Sabbir Rahman,TJ Murtagh,0,0,"",""
ball,1,2.2,Bangladesh,Tamim Iqbal,Sabbir Rahman,TJ Murtagh,0,0,"",""
ball,1,2.3,Bangladesh,Tamim Iqbal,Sabbir Rahman,TJ Murtagh,0,0,"",""
ball,1,2.4,Bangladesh,Tamim Iqbal,Sabbir Rahman,TJ Murtagh,0,1,"",""
ball,1,2.5,Bangladesh,Tamim Iqbal,Sabbir Rahman,TJ Murtagh,0,0,"",""
ball,1,2.6,Bangladesh,Tamim Iqbal,Sabbir Rahman,TJ Murtagh,0,0,"",""
ball,1,2.7,Bangladesh,Tamim Iqbal,Sabbir Rahman,TJ Murtagh,0,0,"",""
ball,1,3.1,Bangladesh,Sabbir Rahman,Tamim Iqbal,PKD Chase,0,0,"",""
ball,1,3.2,Bangladesh,Sabbir Rahman,Tamim Iqbal,PKD Chase,0,0,caught,Sabbir Rahman
ball,1,3.3,Bangladesh,Mushfiqur Rahim,Tamim Iqbal,PKD Chase,1,0,"",""
ball,1,3.4,Bangladesh,Tamim Iqbal,Mushfiqur Rahim,PKD Chase,0,0,"",""
ball,1,3.5,Bangladesh,Tamim Iqbal,Mushfiqur Rahim,PKD Chase,0,0,"",""
ball,1,3.6,Bangladesh,Tamim Iqbal,Mushfiqur Rahim,PKD Chase,0,0,"",""
ball,1,4.1,Bangladesh,Mushfiqur Rahim,Tamim Iqbal,TJ Murtagh,0,0,"",""
ball,1,4.2,Bangladesh,Mushfiqur Rahim,Tamim Iqbal,TJ Murtagh,0,0,"",""
ball,1,4.3,Bangladesh,Mushfiqur Rahim,Tamim Iqbal,TJ Murtagh,0,0,"",""
ball,1,4.4,Bangladesh,Mushfiqur Rahim,Tamim Iqbal,TJ Murtagh,4,0,"",""
ball,1,4.5,Bangladesh,Mushfiqur Rahim,Tamim Iqbal,TJ Murtagh,0,0,"",""
ball,1,4.6,Bangladesh,Mushfiqur Rahim,Tamim Iqbal,TJ Murtagh,0,0,"",""
ball,1,5.1,Bangladesh,Tamim Iqbal,Mushfiqur Rahim,PKD Chase,0,0,"",""
ball,1,5.2,Bangladesh,Tamim Iqbal,Mushfiqur Rahim,PKD Chase,4,0,"",""
ball,1,5.3,Bangladesh,Tamim Iqbal,Mushfiqur Rahim,PKD Chase,0,0,"",""
ball,1,5.4,Bangladesh,Tamim Iqbal,Mushfiqur Rahim,PKD Chase,1,0,"",""
ball,1,5.5,Bangladesh,Mushfiqur Rahim,Tamim Iqbal,PKD Chase,0,0,"",""
ball,1,5.6,Bangladesh,Mushfiqur Rahim,Tamim Iqbal,PKD Chase,0,1,"",""
ball,1,5.7,Bangladesh,Mushfiqur Rahim,Tamim Iqbal,PKD Chase,0,0,"",""
ball,1,6.1,Bangladesh,Tamim Iqbal,Mushfiqur Rahim,TJ Murtagh,0,0,"",""
ball,1,6.2,Bangladesh,Tamim Iqbal,Mushfiqur Rahim,TJ Murtagh,0,0,"",""
ball,1,6.3,Bangladesh,Tamim Iqbal,Mushfiqur Rahim,TJ Murtagh,0,0,"",""
ball,1,6.4,Bangladesh,Tamim Iqbal,Mushfiqur Rahim,TJ Murtagh,0,0,"",""
ball,1,6.5,Bangladesh,Tamim Iqbal,Mushfiqur Rahim,TJ Murtagh,0,1,"",""
ball,1,6.6,Bangladesh,Mushfiqur Rahim,Tamim Iqbal,TJ Murtagh,0,0,"",""
ball,1,7.1,Bangladesh,Tamim Iqbal,Mushfiqur Rahim,PKD Chase,0,1,"",""
ball,1,7.2,Bangladesh,Tamim Iqbal,Mushfiqur Rahim,PKD Chase,4,0,"",""
ball,1,7.3,Bangladesh,Tamim Iqbal,Mushfiqur Rahim,PKD Chase,0,0,"",""
ball,1,7.4,Bangladesh,Tamim Iqbal,Mushfiqur Rahim,PKD Chase,0,0,"",""
ball,1,7.5,Bangladesh,Tamim Iqbal,Mushfiqur Rahim,PKD Chase,0,0,"",""
ball,1,7.6,Bangladesh,Tamim Iqbal,Mushfiqur Rahim,PKD Chase,0,0,"",""
ball,1,7.7,Bangladesh,Tamim Iqbal,Mushfiqur Rahim,PKD Chase,1,0,"",""
ball,1,8.1,Bangladesh,Tamim Iqbal,Mushfiqur Rahim,TJ Murtagh,0,0,"",""
ball,1,8.2,Bangladesh,Tamim Iqbal,Mushfiqur Rahim,TJ Murtagh,0,0,"",""
ball,1,8.3,Bangladesh,Tamim Iqbal,Mushfiqur Rahim,TJ Murtagh,0,0,"",""
ball,1,8.4,Bangladesh,Tamim Iqbal,Mushfiqur Rahim,TJ Murtagh,4,0,"",""
ball,1,8.5,Bangladesh,Tamim Iqbal,Mushfiqur Rahim,TJ Murtagh,4,0,"",""
ball,1,8.6,Bangladesh,Tamim Iqbal,Mushfiqur Rahim,TJ Murtagh,0,0,"",""
ball,1,9.1,Bangladesh,Mushfiqur Rahim,Tamim Iqbal,BJ McCarthy,4,0,"",""
ball,1,9.2,Bangladesh,Mushfiqur Rahim,Tamim Iqbal,BJ McCarthy,4,0,"",""
ball,1,9.3,Bangladesh,Mushfiqur Rahim,Tamim Iqbal,BJ McCarthy,0,0,"",""
ball,1,9.4,Bangladesh,Mushfiqur Rahim,Tamim Iqbal,BJ McCarthy,0,0,"",""
ball,1,9.5,Bangladesh,Mushfiqur Rahim,Tamim Iqbal,BJ McCarthy,0,0,"",""
ball,1,9.6,Bangladesh,Mushfiqur Rahim,Tamim Iqbal,BJ McCarthy,0,0,"",""
ball,1,10.1,Bangladesh,Tamim Iqbal,Mushfiqur Rahim,TJ Murtagh,4,0,"",""
ball,1,10.2,Bangladesh,Tamim Iqbal,Mushfiqur Rahim,TJ Murtagh,0,0,"",""
ball,1,10.3,Bangladesh,Tamim Iqbal,Mushfiqur Rahim,TJ Murtagh,0,0,"",""
ball,1,10.4,Bangladesh,Tamim Iqbal,Mushfiqur Rahim,TJ Murtagh,0,0,"",""
ball,1,10.5,Bangladesh,Tamim Iqbal,Mushfiqur Rahim,TJ Murtagh,0,0,"",""
ball,1,10.6,Bangladesh,Tamim Iqbal,Mushfiqur Rahim,TJ Murtagh,0,0,"",""
ball,1,11.1,Bangladesh,Mushfiqur Rahim,Tamim Iqbal,BJ McCarthy,0,0,caught,Mushfiqur Rahim
ball,1,11.2,Bangladesh,Shakib Al Hasan,Tamim Iqbal,BJ McCarthy,1,0,"",""
ball,1,11.3,Bangladesh,Tamim Iqbal,Shakib Al Hasan,BJ McCarthy,0,1,"",""
ball,1,11.4,Bangladesh,Tamim Iqbal,Shakib Al Hasan,BJ McCarthy,0,1,"",""
ball,1,11.5,Bangladesh,Tamim Iqbal,Shakib Al Hasan,BJ McCarthy,1,0,"",""
ball,1,11.6,Bangladesh,Shakib Al Hasan,Tamim Iqbal,BJ McCarthy,0,1,"",""
ball,1,11.7,Bangladesh,Shakib Al Hasan,Tamim Iqbal,BJ McCarthy,0,0,"",""
ball,1,11.8,Bangladesh,Shakib Al Hasan,Tamim Iqbal,BJ McCarthy,0,0,"",""
ball,1,11.9,Bangladesh,Shakib Al Hasan,Tamim Iqbal,BJ McCarthy,0,0,"",""
ball,1,12.1,Bangladesh,Tamim Iqbal,Shakib Al Hasan,PKD Chase,0,1,"",""
ball,1,12.2,Bangladesh,Tamim Iqbal,Shakib Al Hasan,PKD Chase,1,0,"",""
ball,1,12.3,Bangladesh,Shakib Al Hasan,Tamim Iqbal,PKD Chase,1,0,"",""
ball,1,12.4,Bangladesh,Tamim Iqbal,Shakib Al Hasan,PKD Chase,1,0,"",""
ball,1,12.5,Bangladesh,Shakib Al Hasan,Tamim Iqbal,PKD Chase,1,0,"",""
ball,1,12.6,Bangladesh,Tamim Iqbal,Shakib Al Hasan,PKD Chase,1,0,"",""
ball,1,12.7,Bangladesh,Shakib Al Hasan,Tamim Iqbal,PKD Chase,2,0,"",""
ball,1,13.1,Bangladesh,Tamim Iqbal,Shakib Al Hasan,BJ McCarthy,1,0,"",""
ball,1,13.2,Bangladesh,Shakib Al Hasan,Tamim Iqbal,BJ McCarthy,0,0,"",""
ball,1,13.3,Bangladesh,Shakib Al Hasan,Tamim Iqbal,BJ McCarthy,0,0,"",""
ball,1,13.4,Bangladesh,Shakib Al Hasan,Tamim Iqbal,BJ McCarthy,0,0,"",""
ball,1,13.5,Bangladesh,Shakib Al Hasan,Tamim Iqbal,BJ McCarthy,1,0,"",""
ball,1,13.6,Bangladesh,Tamim Iqbal,Shakib Al Hasan,BJ McCarthy,0,0,"",""
ball,1,14.1,Bangladesh,Shakib Al Hasan,Tamim Iqbal,PKD Chase,0,0,"",""
ball,1,14.2,Bangladesh,Shakib Al Hasan,Tamim Iqbal,PKD Chase,0,0,"",""
ball,1,14.3,Bangladesh,Shakib Al Hasan,Tamim Iqbal,PKD Chase,4,0,"",""
ball,1,14.4,Bangladesh,Shakib Al Hasan,Tamim Iqbal,PKD Chase,4,0,"",""
ball,1,14.5,Bangladesh,Shakib Al Hasan,Tamim Iqbal,PKD Chase,0,0,caught,Shakib Al Hasan
ball,1,14.6,Bangladesh,Mahmudullah,Tamim Iqbal,PKD Chase,0,0,"",""
ball,1,15.1,Bangladesh,Tamim Iqbal,Mahmudullah,BJ McCarthy,1,0,"",""
ball,1,15.2,Bangladesh,Mahmudullah,Tamim Iqbal,BJ McCarthy,4,0,"",""
ball,1,15.3,Bangladesh,Mahmudullah,Tamim Iqbal,BJ McCarthy,1,0,"",""
ball,1,15.4,Bangladesh,Tamim Iqbal,Mahmudullah,BJ McCarthy,0,1,"",""
ball,1,15.5,Bangladesh,Tamim Iqbal,Mahmudullah,BJ McCarthy,0,0,"",""
ball,1,15.6,Bangladesh,Tamim Iqbal,Mahmudullah,BJ McCarthy,0,0,"",""
ball,1,15.7,Bangladesh,Tamim Iqbal,Mahmudullah,BJ McCarthy,1,0,"",""
ball,1,16.1,Bangladesh,Tamim Iqbal,Mahmudullah,KJ O'Brien,0,2,"",""
ball,1,16.2,Bangladesh,Mahmudullah,Tamim Iqbal,KJ O'Brien,1,0,"",""
ball,1,16.3,Bangladesh,Tamim Iqbal,Mahmudullah,KJ O'Brien,1,0,"",""
ball,1,16.4,Bangladesh,Mahmudullah,Tamim Iqbal,KJ O'Brien,0,1,"",""
ball,1,16.5,Bangladesh,Mahmudullah,Tamim Iqbal,KJ O'Brien,0,0,"",""
ball,1,16.6,Bangladesh,Mahmudullah,Tamim Iqbal,KJ O'Brien,0,0,"",""
ball,1,16.7,Bangladesh,Mahmudullah,Tamim Iqbal,KJ O'Brien,1,0,"",""
ball,1,16.8,Bangladesh,Tamim Iqbal,Mahmudullah,KJ O'Brien,0,0,"",""
ball,1,17.1,Bangladesh,Mahmudullah,Tamim Iqbal,SR Thompson,0,0,"",""
ball,1,17.2,Bangladesh,Mahmudullah,Tamim Iqbal,SR Thompson,4,0,"",""
ball,1,17.3,Bangladesh,Mahmudullah,Tamim Iqbal,SR Thompson,0,0,"",""
ball,1,17.4,Bangladesh,Mahmudullah,Tamim Iqbal,SR Thompson,0,0,"",""
ball,1,17.5,Bangladesh,Mahmudullah,Tamim Iqbal,SR Thompson,0,0,"",""
ball,1,17.6,Bangladesh,Mahmudullah,Tamim Iqbal,SR Thompson,0,0,"",""
ball,1,18.1,Bangladesh,Tamim Iqbal,Mahmudullah,KJ O'Brien,2,0,"",""
ball,1,18.2,Bangladesh,Tamim Iqbal,Mahmudullah,KJ O'Brien,1,0,"",""
ball,1,18.3,Bangladesh,Mahmudullah,Tamim Iqbal,KJ O'Brien,0,1,"",""
ball,1,18.4,Bangladesh,Tamim Iqbal,Mahmudullah,KJ O'Brien,0,0,"",""
ball,1,18.5,Bangladesh,Tamim Iqbal,Mahmudullah,KJ O'Brien,0,1,"",""
ball,1,18.6,Bangladesh,Tamim Iqbal,Mahmudullah,KJ O'Brien,1,0,"",""
ball,1,18.7,Bangladesh,Mahmudullah,Tamim Iqbal,KJ O'Brien,1,0,"",""
ball,1,19.1,Bangladesh,Mahmudullah,Tamim Iqbal,SR Thompson,1,0,"",""
ball,1,19.2,Bangladesh,Tamim Iqbal,Mahmudullah,SR Thompson,0,1,"",""
ball,1,19.3,Bangladesh,Tamim Iqbal,Mahmudullah,SR Thompson,0,0,"",""
ball,1,19.4,Bangladesh,Tamim Iqbal,Mahmudullah,SR Thompson,0,0,"",""
ball,1,19.5,Bangladesh,Tamim Iqbal,Mahmudullah,SR Thompson,1,0,"",""
ball,1,19.6,Bangladesh,Mahmudullah,Tamim Iqbal,SR Thompson,0,0,"",""
ball,1,19.7,Bangladesh,Mahmudullah,Tamim Iqbal,SR Thompson,1,0,"",""
ball,1,20.1,Bangladesh,Mahmudullah,Tamim Iqbal,GH Dockrell,2,0,"",""
ball,1,20.2,Bangladesh,Mahmudullah,Tamim Iqbal,GH Dockrell,6,0,"",""
ball,1,20.3,Bangladesh,Mahmudullah,Tamim Iqbal,GH Dockrell,0,0,"",""
ball,1,20.4,Bangladesh,Mahmudullah,Tamim Iqbal,GH Dockrell,0,0,"",""
ball,1,20.5,Bangladesh,Mahmudullah,Tamim Iqbal,GH Dockrell,0,0,"",""
ball,1,20.6,Bangladesh,Mahmudullah,Tamim Iqbal,GH Dockrell,0,0,"",""
ball,1,21.1,Bangladesh,Tamim Iqbal,Mahmudullah,SR Thompson,0,0,"",""
ball,1,21.2,Bangladesh,Tamim Iqbal,Mahmudullah,SR Thompson,0,1,"",""
ball,1,21.3,Bangladesh,Mahmudullah,Tamim Iqbal,SR Thompson,0,0,"",""
ball,1,21.4,Bangladesh,Mahmudullah,Tamim Iqbal,SR Thompson,4,0,"",""
ball,1,21.5,Bangladesh,Mahmudullah,Tamim Iqbal,SR Thompson,1,0,"",""
ball,1,21.6,Bangladesh,Tamim Iqbal,Mahmudullah,SR Thompson,0,1,"",""
ball,1,21.7,Bangladesh,Tamim Iqbal,Mahmudullah,SR Thompson,0,0,"",""
ball,1,22.1,Bangladesh,Mahmudullah,Tamim Iqbal,GH Dockrell,0,0,"",""
ball,1,22.2,Bangladesh,Mahmudullah,Tamim Iqbal,GH Dockrell,0,0,"",""
ball,1,22.3,Bangladesh,Mahmudullah,Tamim Iqbal,GH Dockrell,0,0,"",""
ball,1,22.4,Bangladesh,Mahmudullah,Tamim Iqbal,GH Dockrell,0,0,"",""
ball,1,22.5,Bangladesh,Mahmudullah,Tamim Iqbal,GH Dockrell,0,1,"",""
ball,1,22.6,Bangladesh,Mahmudullah,Tamim Iqbal,GH Dockrell,0,0,"",""
ball,1,22.7,Bangladesh,Mahmudullah,Tamim Iqbal,GH Dockrell,0,0,"",""
ball,1,23.1,Bangladesh,Tamim Iqbal,Mahmudullah,SR Thompson,0,0,"",""
ball,1,23.2,Bangladesh,Tamim Iqbal,Mahmudullah,SR Thompson,1,0,"",""
ball,1,23.3,Bangladesh,Mahmudullah,Tamim Iqbal,SR Thompson,3,0,"",""
ball,1,23.4,Bangladesh,Tamim Iqbal,Mahmudullah,SR Thompson,0,0,"",""
ball,1,23.5,Bangladesh,Tamim Iqbal,Mahmudullah,SR Thompson,1,0,"",""
ball,1,23.6,Bangladesh,Mahmudullah,Tamim Iqbal,SR Thompson,0,0,"",""
ball,1,24.1,Bangladesh,Tamim Iqbal,Mahmudullah,GH Dockrell,2,0,"",""
ball,1,24.2,Bangladesh,Tamim Iqbal,Mahmudullah,GH Dockrell,0,0,"",""
ball,1,24.3,Bangladesh,Tamim Iqbal,Mahmudullah,GH Dockrell,0,0,"",""
ball,1,24.4,Bangladesh,Tamim Iqbal,Mahmudullah,GH Dockrell,0,0,"",""
ball,1,24.5,Bangladesh,Tamim Iqbal,Mahmudullah,GH Dockrell,0,0,"",""
ball,1,24.6,Bangladesh,Tamim Iqbal,Mahmudullah,GH Dockrell,1,0,"",""
ball,1,25.1,Bangladesh,Tamim Iqbal,Mahmudullah,BJ McCarthy,1,0,"",""
ball,1,25.2,Bangladesh,Mahmudullah,Tamim Iqbal,BJ McCarthy,1,0,"",""
ball,1,25.3,Bangladesh,Tamim Iqbal,Mahmudullah,BJ McCarthy,4,0,"",""
ball,1,25.4,Bangladesh,Tamim Iqbal,Mahmudullah,BJ McCarthy,1,0,"",""
ball,1,25.5,Bangladesh,Mahmudullah,Tamim Iqbal,BJ McCarthy,1,0,"",""
ball,1,25.6,Bangladesh,Tamim Iqbal,Mahmudullah,BJ McCarthy,4,0,"",""
ball,1,26.1,Bangladesh,Mahmudullah,Tamim Iqbal,GH Dockrell,1,0,"",""
ball,1,26.2,Bangladesh,Tamim Iqbal,Mahmudullah,GH Dockrell,1,0,"",""
ball,1,26.3,Bangladesh,Mahmudullah,Tamim Iqbal,GH Dockrell,0,0,"",""
ball,1,26.4,Bangladesh,Mahmudullah,Tamim Iqbal,GH Dockrell,0,0,"",""
ball,1,26.5,Bangladesh,Mahmudullah,Tamim Iqbal,GH Dockrell,4,0,"",""
ball,1,26.6,Bangladesh,Mahmudullah,Tamim Iqbal,GH Dockrell,0,0,"",""
ball,1,27.1,Bangladesh,Tamim Iqbal,Mahmudullah,BJ McCarthy,0,0,"",""
ball,1,27.2,Bangladesh,Tamim Iqbal,Mahmudullah,BJ McCarthy,1,0,"",""
ball,1,27.3,Bangladesh,Mahmudullah,Tamim Iqbal,BJ McCarthy,1,0,"",""
ball,1,27.4,Bangladesh,Tamim Iqbal,Mahmudullah,BJ McCarthy,4,0,"",""
ball,1,27.5,Bangladesh,Tamim Iqbal,Mahmudullah,BJ McCarthy,1,0,"",""
ball,1,27.6,Bangladesh,Mahmudullah,Tamim Iqbal,BJ McCarthy,1,0,"",""
ball,1,28.1,Bangladesh,Mahmudullah,Tamim Iqbal,GH Dockrell,0,0,"",""
ball,1,28.2,Bangladesh,Mahmudullah,Tamim Iqbal,GH Dockrell,0,0,"",""
ball,1,28.3,Bangladesh,Mahmudullah,Tamim Iqbal,GH Dockrell,0,0,"",""
ball,1,28.4,Bangladesh,Mahmudullah,Tamim Iqbal,GH Dockrell,1,0,"",""
ball,1,28.5,Bangladesh,Tamim Iqbal,Mahmudullah,GH Dockrell,1,0,"",""
ball,1,28.6,Bangladesh,Mahmudullah,Tamim Iqbal,GH Dockrell,0,0,"",""
ball,1,29.1,Bangladesh,Tamim Iqbal,Mahmudullah,TJ Murtagh,0,0,"",""
ball,1,29.2,Bangladesh,Tamim Iqbal,Mahmudullah,TJ Murtagh,1,0,"",""
ball,1,29.3,Bangladesh,Mahmudullah,Tamim Iqbal,TJ Murtagh,0,0,"",""
ball,1,29.4,Bangladesh,Mahmudullah,Tamim Iqbal,TJ Murtagh,0,0,"",""
ball,1,29.5,Bangladesh,Mahmudullah,Tamim Iqbal,TJ Murtagh,0,0,"",""
ball,1,29.6,Bangladesh,Mahmudullah,Tamim Iqbal,TJ Murtagh,0,0,"",""
ball,1,30.1,Bangladesh,Tamim Iqbal,Mahmudullah,GH Dockrell,0,0,"",""
ball,1,30.2,Bangladesh,Tamim Iqbal,Mahmudullah,GH Dockrell,1,0,"",""
ball,1,30.3,Bangladesh,Mahmudullah,Tamim Iqbal,GH Dockrell,1,0,"",""
ball,1,30.4,Bangladesh,Tamim Iqbal,Mahmudullah,GH Dockrell,1,0,"",""
ball,1,30.5,Bangladesh,Mahmudullah,Tamim Iqbal,GH Dockrell,1,0,"",""
ball,1,30.6,Bangladesh,Tamim Iqbal,Mahmudullah,GH Dockrell,0,0,"",""
ball,1,31.1,Bangladesh,Mahmudullah,Tamim Iqbal,TJ Murtagh,1,0,"",""
