version,1.3.0
info,team,West Indies
info,team,Afghanistan
info,gender,male
info,season,2017
info,date,2017/06/09
info,series,Afghanistan in West Indies ODI Series
info,match_number,1
info,venue,"Darren Sammy National Cricket Stadium, Gros Islet"
info,city,St Lucia
info,toss_winner,Afghanistan
info,toss_decision,bat
info,player_of_match,Rashid Khan
info,umpire,C Shamshuddin
info,umpire,JS Wilson
info,reserve_umpire,N Duguid
info,tv_umpire,LS Reifer
info,match_referee,JJ Crowe
info,winner,Afghanistan
info,winner_runs,63
ball,1,0.1,Afghanistan,Noor Ali Zadran,Javed Ahmadi,ST Gabriel,0,0,"",""
ball,1,0.2,Afghanistan,Noor Ali Zadran,Javed Ahmadi,ST Gabriel,0,0,"",""
ball,1,0.3,Afghanistan,Noor Ali Zadran,Javed Ahmadi,ST Gabriel,0,0,"",""
ball,1,0.4,Afghanistan,Noor Ali Zadran,Javed Ahmadi,ST Gabriel,0,0,"",""
ball,1,0.5,Afghanistan,Noor Ali Zadran,Javed Ahmadi,ST Gabriel,0,0,"",""
ball,1,0.6,Afghanistan,Noor Ali Zadran,Javed Ahmadi,ST Gabriel,0,0,"",""
ball,1,1.1,Afghanistan,Javed Ahmadi,Noor Ali Zadran,JO Holder,0,0,"",""
ball,1,1.2,Afghanistan,Javed Ahmadi,Noor Ali Zadran,JO Holder,0,0,"",""
ball,1,1.3,Afghanistan,Javed Ahmadi,Noor Ali Zadran,JO Holder,2,0,"",""
ball,1,1.4,Afghanistan,Javed Ahmadi,Noor Ali Zadran,JO Holder,0,0,"",""
ball,1,1.5,Afghanistan,Javed Ahmadi,Noor Ali Zadran,JO Holder,2,0,"",""
ball,1,1.6,Afghanistan,Javed Ahmadi,Noor Ali Zadran,JO Holder,2,0,"",""
ball,1,2.1,Afghanistan,Noor Ali Zadran,Javed Ahmadi,ST Gabriel,1,0,"",""
ball,1,2.2,Afghanistan,Javed Ahmadi,Noor Ali Zadran,ST Gabriel,0,0,"",""
ball,1,2.3,Afghanistan,Javed Ahmadi,Noor Ali Zadran,ST Gabriel,1,0,"",""
ball,1,2.4,Afghanistan,Noor Ali Zadran,Javed Ahmadi,ST Gabriel,0,0,"",""
ball,1,2.5,Afghanistan,Noor Ali Zadran,Javed Ahmadi,ST Gabriel,0,0,"",""
ball,1,2.6,Afghanistan,Noor Ali Zadran,Javed Ahmadi,ST Gabriel,1,0,"",""
ball,1,3.1,Afghanistan,Noor Ali Zadran,Javed Ahmadi,JO Holder,2,0,"",""
ball,1,3.2,Afghanistan,Noor Ali Zadran,Javed Ahmadi,JO Holder,0,0,"",""
ball,1,3.3,Afghanistan,Noor Ali Zadran,Javed Ahmadi,JO Holder,0,0,"",""
ball,1,3.4,Afghanistan,Noor Ali Zadran,Javed Ahmadi,JO Holder,1,0,"",""
ball,1,3.5,Afghanistan,Javed Ahmadi,Noor Ali Zadran,JO Holder,0,0,"",""
ball,1,3.6,Afghanistan,Javed Ahmadi,Noor Ali Zadran,JO Holder,1,0,"",""
ball,1,4.1,Afghanistan,Javed Ahmadi,Noor Ali Zadran,ST Gabriel,0,0,"",""
ball,1,4.2,Afghanistan,Javed Ahmadi,Noor Ali Zadran,ST Gabriel,0,0,"",""
ball,1,4.3,Afghanistan,Javed Ahmadi,Noor Ali Zadran,ST Gabriel,0,0,"",""
ball,1,4.4,Afghanistan,Javed Ahmadi,Noor Ali Zadran,ST Gabriel,0,0,"",""
ball,1,4.5,Afghanistan,Javed Ahmadi,Noor Ali Zadran,ST Gabriel,0,0,"",""
ball,1,4.6,Afghanistan,Javed Ahmadi,Noor Ali Zadran,ST Gabriel,0,0,"",""
ball,1,5.1,Afghanistan,Noor Ali Zadran,Javed Ahmadi,JO Holder,0,0,caught,Noor Ali Zadran
ball,1,5.2,Afghanistan,Rahmat Shah,Javed Ahmadi,JO Holder,1,0,"",""
ball,1,5.3,Afghanistan,Javed Ahmadi,Rahmat Shah,JO Holder,0,0,"",""
ball,1,5.4,Afghanistan,Javed Ahmadi,Rahmat Shah,JO Holder,0,0,"",""
ball,1,5.5,Afghanistan,Javed Ahmadi,Rahmat Shah,JO Holder,1,0,"",""
ball,1,5.6,Afghanistan,Rahmat Shah,Javed Ahmadi,JO Holder,0,0,"",""
ball,1,6.1,Afghanistan,Javed Ahmadi,Rahmat Shah,ST Gabriel,1,0,"",""
ball,1,6.2,Afghanistan,Rahmat Shah,Javed Ahmadi,ST Gabriel,0,0,"",""
ball,1,6.3,Afghanistan,Rahmat Shah,Javed Ahmadi,ST Gabriel,0,0,"",""
ball,1,6.4,Afghanistan,Rahmat Shah,Javed Ahmadi,ST Gabriel,0,0,"",""
ball,1,6.5,Afghanistan,Rahmat Shah,Javed Ahmadi,ST Gabriel,0,0,"",""
ball,1,6.6,Afghanistan,Rahmat Shah,Javed Ahmadi,ST Gabriel,0,0,"",""
ball,1,7.1,Afghanistan,Javed Ahmadi,Rahmat Shah,JO Holder,0,0,"",""
ball,1,7.2,Afghanistan,Javed Ahmadi,Rahmat Shah,JO Holder,4,0,"",""
ball,1,7.3,Afghanistan,Javed Ahmadi,Rahmat Shah,JO Holder,1,0,"",""
ball,1,7.4,Afghanistan,Rahmat Shah,Javed Ahmadi,JO Holder,0,0,"",""
ball,1,7.5,Afghanistan,Rahmat Shah,Javed Ahmadi,JO Holder,0,0,"",""
ball,1,7.6,Afghanistan,Rahmat Shah,Javed Ahmadi,JO Holder,0,0,"",""
ball,1,8.1,Afghanistan,Javed Ahmadi,Rahmat Shah,ML Cummins,0,0,"",""
ball,1,8.2,Afghanistan,Javed Ahmadi,Rahmat Shah,ML Cummins,0,0,"",""
ball,1,8.3,Afghanistan,Javed Ahmadi,Rahmat Shah,ML Cummins,0,0,"",""
ball,1,8.4,Afghanistan,Javed Ahmadi,Rahmat Shah,ML Cummins,0,0,"",""
ball,1,8.5,Afghanistan,Javed Ahmadi,Rahmat Shah,ML Cummins,0,0,"",""
ball,1,8.6,Afghanistan,Javed Ahmadi,Rahmat Shah,ML Cummins,0,0,"",""
ball,1,9.1,Afghanistan,Rahmat Shah,Javed Ahmadi,JO Holder,0,0,"",""
ball,1,9.2,Afghanistan,Rahmat Shah,Javed Ahmadi,JO Holder,1,0,"",""
ball,1,9.3,Afghanistan,Javed Ahmadi,Rahmat Shah,JO Holder,2,0,"",""
ball,1,9.4,Afghanistan,Javed Ahmadi,Rahmat Shah,JO Holder,0,0,"",""
ball,1,9.5,Afghanistan,Javed Ahmadi,Rahmat Shah,JO Holder,0,0,"",""
ball,1,9.6,Afghanistan,Javed Ahmadi,Rahmat Shah,JO Holder,0,0,"",""
ball,1,10.1,Afghanistan,Rahmat Shah,Javed Ahmadi,ML Cummins,0,0,"",""
ball,1,10.2,Afghanistan,Rahmat Shah,Javed Ahmadi,ML Cummins,0,0,"",""
ball,1,10.3,Afghanistan,Rahmat Shah,Javed Ahmadi,ML Cummins,0,0,"",""
ball,1,10.4,Afghanistan,Rahmat Shah,Javed Ahmadi,ML Cummins,1,0,"",""
ball,1,10.5,Afghanistan,Javed Ahmadi,Rahmat Shah,ML Cummins,0,0,"",""
ball,1,10.6,Afghanistan,Javed Ahmadi,Rahmat Shah,ML Cummins,0,0,"",""
ball,1,11.1,Afghanistan,Rahmat Shah,Javed Ahmadi,AS Joseph,0,0,"",""
ball,1,11.2,Afghanistan,Rahmat Shah,Javed Ahmadi,AS Joseph,0,0,"",""
ball,1,11.3,Afghanistan,Rahmat Shah,Javed Ahmadi,AS Joseph,0,0,"",""
ball,1,11.4,Afghanistan,Rahmat Shah,Javed Ahmadi,AS Joseph,4,0,"",""
ball,1,11.5,Afghanistan,Rahmat Shah,Javed Ahmadi,AS Joseph,0,0,"",""
ball,1,11.6,Afghanistan,Rahmat Shah,Javed Ahmadi,AS Joseph,1,0,"",""
ball,1,12.1,Afghanistan,Rahmat Shah,Javed Ahmadi,ML Cummins,0,1,"",""
ball,1,12.2,Afghanistan,Rahmat Shah,Javed Ahmadi,ML Cummins,0,0,"",""
ball,1,12.3,Afghanistan,Rahmat Shah,Javed Ahmadi,ML Cummins,0,0,"",""
ball,1,12.4,Afghanistan,Rahmat Shah,Javed Ahmadi,ML Cummins,0,0,"",""
ball,1,12.5,Afghanistan,Rahmat Shah,Javed Ahmadi,ML Cummins,0,0,"",""
ball,1,12.6,Afghanistan,Rahmat Shah,Javed Ahmadi,ML Cummins,1,0,"",""
ball,1,12.7,Afghanistan,Javed Ahmadi,Rahmat Shah,ML Cummins,0,1,"",""
ball,1,12.8,Afghanistan,Javed Ahmadi,Rahmat Shah,ML Cummins,0,0,"",""
ball,1,13.1,Afghanistan,Rahmat Shah,Javed Ahmadi,AS Joseph,0,0,"",""
ball,1,13.2,Afghanistan,Rahmat Shah,Javed Ahmadi,AS Joseph,1,0,"",""
ball,1,13.3,Afghanistan,Javed Ahmadi,Rahmat Shah,AS Joseph,0,0,"",""
ball,1,13.4,Afghanistan,Javed Ahmadi,Rahmat Shah,AS Joseph,0,0,"",""
ball,1,13.5,Afghanistan,Javed Ahmadi,Rahmat Shah,AS Joseph,0,0,"",""
ball,1,13.6,Afghanistan,Javed Ahmadi,Rahmat Shah,AS Joseph,4,0,"",""
ball,1,14.1,Afghanistan,Rahmat Shah,Javed Ahmadi,ML Cummins,0,0,"",""
ball,1,14.2,Afghanistan,Rahmat Shah,Javed Ahmadi,ML Cummins,0,0,"",""
ball,1,14.3,Afghanistan,Rahmat Shah,Javed Ahmadi,ML Cummins,0,0,"",""
ball,1,14.4,Afghanistan,Rahmat Shah,Javed Ahmadi,ML Cummins,0,1,"",""
ball,1,14.5,Afghanistan,Rahmat Shah,Javed Ahmadi,ML Cummins,2,0,"",""
ball,1,14.6,Afghanistan,Rahmat Shah,Javed Ahmadi,ML Cummins,0,0,"",""
ball,1,14.7,Afghanistan,Rahmat Shah,Javed Ahmadi,ML Cummins,0,0,"",""
ball,1,15.1,Afghanistan,Javed Ahmadi,Rahmat Shah,AS Joseph,4,0,"",""
ball,1,15.2,Afghanistan,Javed Ahmadi,Rahmat Shah,AS Joseph,0,0,"",""
ball,1,15.3,Afghanistan,Javed Ahmadi,Rahmat Shah,AS Joseph,1,0,"",""
ball,1,15.4,Afghanistan,Rahmat Shah,Javed Ahmadi,AS Joseph,0,0,"",""
ball,1,15.5,Afghanistan,Rahmat Shah,Javed Ahmadi,AS Joseph,0,0,"",""
ball,1,15.6,Afghanistan,Rahmat Shah,Javed Ahmadi,AS Joseph,0,0,"",""
ball,1,16.1,Afghanistan,Javed Ahmadi,Rahmat Shah,JO Holder,4,0,"",""
ball,1,16.2,Afghanistan,Javed Ahmadi,Rahmat Shah,JO Holder,0,0,"",""
ball,1,16.3,Afghanistan,Javed Ahmadi,Rahmat Shah,JO Holder,2,0,"",""
ball,1,16.4,Afghanistan,Javed Ahmadi,Rahmat Shah,JO Holder,1,0,"",""
ball,1,16.5,Afghanistan,Rahmat Shah,Javed Ahmadi,JO Holder,0,0,"",""
ball,1,16.6,Afghanistan,Rahmat Shah,Javed Ahmadi,JO Holder,0,0,"",""
ball,1,17.1,Afghanistan,Javed Ahmadi,Rahmat Shah,AS Joseph,0,0,"",""
ball,1,17.2,Afghanistan,Javed Ahmadi,Rahmat Shah,AS Joseph,0,0,"",""
ball,1,17.3,Afghanistan,Javed Ahmadi,Rahmat Shah,AS Joseph,1,0,"",""
ball,1,17.4,Afghanistan,Rahmat Shah,Javed Ahmadi,AS Joseph,0,0,"",""
ball,1,17.5,Afghanistan,Rahmat Shah,Javed Ahmadi,AS Joseph,2,0,"",""
ball,1,17.6,Afghanistan,Rahmat Shah,Javed Ahmadi,AS Joseph,0,0,"",""
ball,1,18.1,Afghanistan,Javed Ahmadi,Rahmat Shah,JO Holder,1,0,"",""
ball,1,18.2,Afghanistan,Rahmat Shah,Javed Ahmadi,JO Holder,1,0,"",""
ball,1,18.3,Afghanistan,Javed Ahmadi,Rahmat Shah,JO Holder,0,0,"",""
ball,1,18.4,Afghanistan,Javed Ahmadi,Rahmat Shah,JO Holder,0,0,"",""
ball,1,18.5,Afghanistan,Javed Ahmadi,Rahmat Shah,JO Holder,0,0,"",""
ball,1,18.6,Afghanistan,Javed Ahmadi,Rahmat Shah,JO Holder,0,0,"",""
ball,1,19.1,Afghanistan,Rahmat Shah,Javed Ahmadi,AS Joseph,0,0,"",""
ball,1,19.2,Afghanistan,Rahmat Shah,Javed Ahmadi,AS Joseph,0,0,"",""
ball,1,19.3,Afghanistan,Rahmat Shah,Javed Ahmadi,AS Joseph,1,0,"",""
ball,1,19.4,Afghanistan,Javed Ahmadi,Rahmat Shah,AS Joseph,0,0,"",""
ball,1,19.5,Afghanistan,Javed Ahmadi,Rahmat Shah,AS Joseph,0,1,"",""
ball,1,19.6,Afghanistan,Javed Ahmadi,Rahmat Shah,AS Joseph,6,0,"",""
ball,1,19.7,Afghanistan,Javed Ahmadi,Rahmat Shah,AS Joseph,0,0,"",""
ball,1,20.1,Afghanistan,Rahmat Shah,Javed Ahmadi,ST Gabriel,0,0,"",""
ball,1,20.2,Afghanistan,Rahmat Shah,Javed Ahmadi,ST Gabriel,1,0,"",""
ball,1,20.3,Afghanistan,Javed Ahmadi,Rahmat Shah,ST Gabriel,1,0,"",""
ball,1,20.4,Afghanistan,Rahmat Shah,Javed Ahmadi,ST Gabriel,0,0,"",""
ball,1,20.5,Afghanistan,Rahmat Shah,Javed Ahmadi,ST Gabriel,0,0,caught,Rahmat Shah
ball,1,20.6,Afghanistan,Asghar Stanikzai,Javed Ahmadi,ST Gabriel,0,0,"",""
ball,1,21.1,Afghanistan,Javed Ahmadi,Asghar Stanikzai,AR Nurse,1,0,"",""
ball,1,21.2,Afghanistan,Asghar Stanikzai,Javed Ahmadi,AR Nurse,0,0,"",""
ball,1,21.3,Afghanistan,Asghar Stanikzai,Javed Ahmadi,AR Nurse,1,0,"",""
ball,1,21.4,Afghanistan,Javed Ahmadi,Asghar Stanikzai,AR Nurse,1,0,"",""
ball,1,21.5,Afghanistan,Asghar Stanikzai,Javed Ahmadi,AR Nurse,0,0,"",""
ball,1,21.6,Afghanistan,Asghar Stanikzai,Javed Ahmadi,AR Nurse,0,0,"",""
ball,1,22.1,Afghanistan,Javed Ahmadi,Asghar Stanikzai,ST Gabriel,0,0,"",""
ball,1,22.2,Afghanistan,Javed Ahmadi,Asghar Stanikzai,ST Gabriel,0,0,"",""
ball,1,22.3,Afghanistan,Javed Ahmadi,Asghar Stanikzai,ST Gabriel,2,0,"",""
ball,1,22.4,Afghanistan,Javed Ahmadi,Asghar Stanikzai,ST Gabriel,0,0,"",""
ball,1,22.5,Afghanistan,Javed Ahmadi,Asghar Stanikzai,ST Gabriel,1,0,"",""
ball,1,22.6,Afghanistan,Asghar Stanikzai,Javed Ahmadi,ST Gabriel,0,0,"",""
ball,1,23.1,Afghanistan,Javed Ahmadi,Asghar Stanikzai,AR Nurse,2,0,"",""
ball,1,23.2,Afghanistan,Javed Ahmadi,Asghar Stanikzai,AR Nurse,0,0,"",""
ball,1,23.3,Afghanistan,Javed Ahmadi,Asghar Stanikzai,AR Nurse,0,0,"",""
ball,1,23.4,Afghanistan,Javed Ahmadi,Asghar Stanikzai,AR Nurse,0,0,"",""
ball,1,23.5,Afghanistan,Javed Ahmadi,Asghar Stanikzai,AR Nurse,0,0,"",""
ball,1,23.6,Afghanistan,Javed Ahmadi,Asghar Stanikzai,AR Nurse,4,0,"",""
ball,1,24.1,Afghanistan,Asghar Stanikzai,Javed Ahmadi,ST Gabriel,0,0,"",""
ball,1,24.2,Afghanistan,Asghar Stanikzai,Javed Ahmadi,ST Gabriel,0,0,"",""
ball,1,24.3,Afghanistan,Asghar Stanikzai,Javed Ahmadi,ST Gabriel,0,0,"",""
ball,1,24.4,Afghanistan,Asghar Stanikzai,Javed Ahmadi,ST Gabriel,1,0,"",""
ball,1,24.5,Afghanistan,Javed Ahmadi,Asghar Stanikzai,ST Gabriel,6,0,"",""
ball,1,24.6,Afghanistan,Javed Ahmadi,Asghar Stanikzai,ST Gabriel,0,0,"",""
ball,1,25.1,Afghanistan,Asghar Stanikzai,Javed Ahmadi,AR Nurse,0,0,lbw,Asghar Stanikzai
ball,1,25.2,Afghanistan,Samiullah Shenwari,Javed Ahmadi,AR Nurse,0,0,"",""
ball,1,25.3,Afghanistan,Samiullah Shenwari,Javed Ahmadi,AR Nurse,0,0,"",""
ball,1,25.4,Afghanistan,Samiullah Shenwari,Javed Ahmadi,AR Nurse,2,0,"",""
ball,1,25.5,Afghanistan,Samiullah Shenwari,Javed Ahmadi,AR Nurse,0,0,"",""
ball,1,25.6,Afghanistan,Samiullah Shenwari,Javed Ahmadi,AR Nurse,0,0,"",""
ball,1,26.1,Afghanistan,Javed Ahmadi,Samiullah Shenwari,ML Cummins,4,0,"",""
ball,1,26.2,Afghanistan,Javed Ahmadi,Samiullah Shenwari,ML Cummins,0,0,"",""
ball,1,26.3,Afghanistan,Javed Ahmadi,Samiullah Shenwari,ML Cummins,0,0,"",""
ball,1,26.4,Afghanistan,Javed Ahmadi,Samiullah Shenwari,ML Cummins,1,0,"",""
ball,1,26.5,Afghanistan,Samiullah Shenwari,Javed Ahmadi,ML Cummins,0,0,"",""
ball,1,26.6,Afghanistan,Samiullah Shenwari,Javed Ahmadi,ML Cummins,2,0,"",""
ball,1,27.1,Afghanistan,Javed Ahmadi,Samiullah Shenwari,AR Nurse,1,0,"",""
ball,1,27.2,Afghanistan,Samiullah Shenwari,Javed Ahmadi,AR Nurse,0,0,"",""
ball,1,27.3,Afghanistan,Samiullah Shenwari,Javed Ahmadi,AR Nurse,1,0,"",""
ball,1,27.4,Afghanistan,Javed Ahmadi,Samiullah Shenwari,AR Nurse,4,0,"",""
ball,1,27.5,Afghanistan,Javed Ahmadi,Samiullah Shenwari,AR Nurse,0,0,"",""
ball,1,27.6,Afghanistan,Javed Ahmadi,Samiullah Shenwari,AR Nurse,0,0,"",""
ball,1,28.1,Afghanistan,Samiullah Shenwari,Javed Ahmadi,ML Cummins,1,0,"",""
ball,1,28.2,Afghanistan,Javed Ahmadi,Samiullah Shenwari,ML Cummins,0,0,"",""
ball,1,28.3,Afghanistan,Javed Ahmadi,Samiullah Shenwari,ML Cummins,0,0,"",""
ball,1,28.4,Afghanistan,Javed Ahmadi,Samiullah Shenwari,ML Cummins,2,0,"",""
ball,1,28.5,Afghanistan,Javed Ahmadi,Samiullah Shenwari,ML Cummins,1,0,"",""
ball,1,28.6,Afghanistan,Samiullah Shenwari,Javed Ahmadi,ML Cummins,2,0,"",""
ball,1,29.1,Afghanistan,Javed Ahmadi,Samiullah Shenwari,AR Nurse,0,0,"",""
ball,1,29.2,Afghanistan,Javed Ahmadi,Samiullah Shenwari,AR Nurse,1,0,"",""
ball,1,29.3,Afghanistan,Samiullah Shenwari,Javed Ahmadi,AR Nurse,0,0,"",""
ball,1,29.4,Afghanistan,Samiullah Shenwari,Javed Ahmadi,AR Nurse,0,0,"",""
ball,1,29.5,Afghanistan,Samiullah Shenwari,Javed Ahmadi,AR Nurse,0,0,"",""
ball,1,29.6,Afghanistan,Samiullah Shenwari,Javed Ahmadi,AR Nurse,0,0,"",""
ball,1,30.1,Afghanistan,Javed Ahmadi,Samiullah Shenwari,ML Cummins,0,0,"",""
ball,1,30.2,Afghanistan,Javed Ahmadi,Samiullah Shenwari,ML Cummins,1,0,"",""
ball,1,30.3,Afghanistan,Samiullah Shenwari,Javed Ahmadi,ML Cummins,0,0,"",""
ball,1,30.4,Afghanistan,Samiullah Shenwari,Javed Ahmadi,ML Cummins,0,0,"",""
ball,1,30.5,Afghanistan,Samiullah Shenwari,Javed Ahmadi,ML Cummins,0,0,"",""
ball,1,30.6,Afghanistan,Samiullah Shenwari,Javed Ahmadi,ML Cummins,1,0,"",""
ball,1,31.1,Afghanistan,Samiullah Shenwari,Javed Ahmadi,AR Nurse,0,0,"",""
ball,1,31.2,Afghanistan,Samiullah Shenwari,Javed Ahmadi,AR Nurse,0,0,"",""
ball,1,31.3,Afghanistan,Samiullah Shenwari,Javed Ahmadi,AR Nurse,0,0,"",""
ball,1,31.4,Afghanistan,Samiullah Shenwari,Javed Ahmadi,AR Nurse,1,0,"",""
ball,1,31.5,Afghanistan,Javed Ahmadi,Samiullah Shenwari,AR Nurse,0,0,"",""
ball,1,31.6,Afghanistan,Javed Ahmadi,Samiullah Shenwari,AR Nurse,0,0,"",""
ball,1,32.1,Afghanistan,Samiullah Shenwari,Javed Ahmadi,ML Cummins,0,0,"",""
ball,1,32.2,Afghanistan,Samiullah Shenwari,Javed Ahmadi,ML Cummins,1,0,"",""
ball,1,32.3,Afghanistan,Javed Ahmadi,Samiullah Shenwari,ML Cummins,0,0,"",""
ball,1,32.4,Afghanistan,Javed Ahmadi,Samiullah Shenwari,ML Cummins,1,0,"",""
ball,1,32.5,Afghanistan,Samiullah Shenwari,Javed Ahmadi,ML Cummins,0,0,"",""
ball,1,32.6,Afghanistan,Samiullah Shenwari,Javed Ahmadi,ML Cummins,1,0,"",""
ball,1,33.1,Afghanistan,Samiullah Shenwari,Javed Ahmadi,AR Nurse,0,0,"",""
ball,1,33.2,Afghanistan,Samiullah Shenwari,Javed Ahmadi,AR Nurse,0,0,"",""
ball,1,33.3,Afghanistan,Samiullah Shenwari,Javed Ahmadi,AR Nurse,0,0,"",""
ball,1,33.4,Afghanistan,Samiullah Shenwari,Javed Ahmadi,AR Nurse,0,0,"",""
ball,1,33.5,Afghanistan,Samiullah Shenwari,Javed Ahmadi,AR Nurse,0,0,"",""
ball,1,33.6,Afghanistan,Samiullah Shenwari,Javed Ahmadi,AR Nurse,0,0,"",""
ball,1,34.1,Afghanistan,Javed Ahmadi,Samiullah Shenwari,ML Cummins,4,0,"",""
ball,1,34.2,Afghanistan,Javed Ahmadi,Samiullah Shenwari,ML Cummins,0,0,"",""
ball,1,34.3,Afghanistan,Javed Ahmadi,Samiullah Shenwari,ML Cummins,1,0,"",""
ball,1,34.4,Afghanistan,Samiullah Shenwari,Javed Ahmadi,ML Cummins,1,0,"",""
ball,1,34.5,Afghanistan,Javed Ahmadi,Samiullah Shenwari,ML Cummins,0,0,"",""
ball,1,34.6,Afghanistan,Javed Ahmadi,Samiullah Shenwari,ML Cummins,0,0,"",""
ball,1,35.1,Afghanistan,Samiullah Shenwari,Javed Ahmadi,AR Nurse,6,0,"",""
ball,1,35.2,Afghanistan,Samiullah Shenwari,Javed Ahmadi,AR Nurse,1,0,"",""
ball,1,35.3,Afghanistan,Javed Ahmadi,Samiullah Shenwari,AR Nurse,1,0,"",""
ball,1,35.4,Afghanistan,Samiullah Shenwari,Javed Ahmadi,AR Nurse,0,0,"",""
ball,1,35.5,Afghanistan,Samiullah Shenwari,Javed Ahmadi,AR Nurse,1,0,"",""
ball,1,35.6,Afghanistan,Javed Ahmadi,Samiullah Shenwari,AR Nurse,0,0,"",""
ball,1,36.1,Afghanistan,Samiullah Shenwari,Javed Ahmadi,ML Cummins,0,0,"",""
ball,1,36.2,Afghanistan,Samiullah Shenwari,Javed Ahmadi,ML Cummins,0,0,"",""
ball,1,36.3,Afghanistan,Samiullah Shenwari,Javed Ahmadi,ML Cummins,1,0,"",""
ball,1,36.4,Afghanistan,Javed Ahmadi,Samiullah Shenwari,ML Cummins,0,0,caught,Javed Ahmadi
ball,1,36.5,Afghanistan,Mohammad Nabi,Samiullah Shenwari,ML Cummins,0,0,"",""
ball,1,36.6,Afghanistan,Mohammad Nabi,Samiullah Shenwari,ML Cummins,0,0,"",""
ball,1,37.1,Afghanistan,Samiullah Shenwari,Mohammad Nabi,AR Nurse,0,0,"",""
ball,1,37.2,Afghanistan,Samiullah Shenwari,Mohammad Nabi,AR Nurse,0,0,"",""
ball,1,37.3,Afghanistan,Samiullah Shenwari,Mohammad Nabi,AR Nurse,0,0,"",""
ball,1,37.4,Afghanistan,Samiullah Shenwari,Mohammad Nabi,AR Nurse,0,0,"",""
ball,1,37.5,Afghanistan,Samiullah Shenwari,Mohammad Nabi,AR Nurse,0,0,caught,Samiullah Shenwari
ball,1,37.6,Afghanistan,Afsar Zazai,Mohammad Nabi,AR Nurse,1,0,"",""
ball,1,38.1,Afghanistan,Afsar Zazai,Mohammad Nabi,AS Joseph,0,0,"",""
ball,1,38.2,Afghanistan,Afsar Zazai,Mohammad Nabi,AS Joseph,1,0,"",""
ball,1,38.3,Afghanistan,Mohammad Nabi,Afsar Zazai,AS Joseph,0,0,"",""
ball,1,38.4,Afghanistan,Mohammad Nabi,Afsar Zazai,AS Joseph,0,0,"",""
ball,1,38.5,Afghanistan,Mohammad Nabi,Afsar Zazai,AS Joseph,1,0,"",""
ball,1,38.6,Afghanistan,Afsar Zazai,Mohammad Nabi,AS Joseph,1,0,"",""
ball,1,39.1,Afghanistan,Afsar Zazai,Mohammad Nabi,AR Nurse,0,0,"",""
ball,1,39.2,Afghanistan,Afsar Zazai,Mohammad Nabi,AR Nurse,1,0,"",""
ball,1,39.3,Afghanistan,Mohammad Nabi,Afsar Zazai,AR Nurse,1,0,"",""
ball,1,39.4,Afghanistan,Afsar Zazai,Mohammad Nabi,AR Nurse,0,0,"",""
ball,1,39.5,Afghanistan,Afsar Zazai,Mohammad Nabi,AR Nurse,2,0,"",""
ball,1,39.6,Afghanistan,Afsar Zazai,Mohammad Nabi,AR Nurse,1,0,"",""
ball,1,40.1,Afghanistan,Afsar Zazai,Mohammad Nabi,AS Joseph,1,0,"",""
ball,1,40.2,Afghanistan,Mohammad Nabi,Afsar Zazai,AS Joseph,3,0,"",""
ball,1,40.3,Afghanistan,Afsar Zazai,Mohammad Nabi,AS Joseph,1,0,"",""
ball,1,40.4,Afghanistan,Mohammad Nabi,Afsar Zazai,AS Joseph,1,0,"",""
ball,1,40.5,Afghanistan,Afsar Zazai,Mohammad Nabi,AS Joseph,1,0,"",""
ball,1,40.6,Afghanistan,Mohammad Nabi,Afsar Zazai,AS Joseph,1,0,"",""
ball,1,41.1,Afghanistan,Mohammad Nabi,Afsar Zazai,RL Chase,0,0,"",""
ball,1,41.2,Afghanistan,Mohammad Nabi,Afsar Zazai,RL Chase,1,0,"",""
ball,1,41.3,Afghanistan,Afsar Zazai,Mohammad Nabi,RL Chase,1,0,"",""
ball,1,41.4,Afghanistan,Mohammad Nabi,Afsar Zazai,RL Chase,0,0,"",""
ball,1,41.5,Afghanistan,Mohammad Nabi,Afsar Zazai,RL Chase,1,0,"",""
ball,1,41.6,Afghanistan,Afsar Zazai,Mohammad Nabi,RL Chase,1,0,"",""
ball,1,42.1,Afghanistan,Afsar Zazai,Mohammad Nabi,AS Joseph,0,0,"",""
ball,1,42.2,Afghanistan,Afsar Zazai,Mohammad Nabi,AS Joseph,1,0,"",""
ball,1,42.3,Afghanistan,Mohammad Nabi,Afsar Zazai,AS Joseph,1,0,"",""
ball,1,42.4,Afghanistan,Afsar Zazai,Mohammad Nabi,AS Joseph,0,0,caught,Afsar Zazai
ball,1,42.5,Afghanistan,Gulbadin Naib,Mohammad Nabi,AS Joseph,1,0,"",""
ball,1,42.6,Afghanistan,Mohammad Nabi,Gulbadin Naib,AS Joseph,1,0,"",""
ball,1,43.1,Afghanistan,Mohammad Nabi,Gulbadin Naib,RL Chase,0,0,"",""
ball,1,43.2,Afghanistan,Mohammad Nabi,Gulbadin Naib,RL Chase,1,0,"",""
ball,1,43.3,Afghanistan,Gulbadin Naib,Mohammad Nabi,RL Chase,1,0,"",""
ball,1,43.4,Afghanistan,Mohammad Nabi,Gulbadin Naib,RL Chase,1,0,"",""
ball,1,43.5,Afghanistan,Gulbadin Naib,Mohammad Nabi,RL Chase,0,0,"",""
ball,1,43.6,Afghanistan,Gulbadin Naib,Mohammad Nabi,RL Chase,1,0,"",""
ball,1,44.1,Afghanistan,Gulbadin Naib,Mohammad Nabi,AS Joseph,0,0,"",""
ball,1,44.2,Afghanistan,Gulbadin Naib,Mohammad Nabi,AS Joseph,4,0,"",""
ball,1,44.3,Afghanistan,Gulbadin Naib,Mohammad Nabi,AS Joseph,1,0,"",""
ball,1,44.4,Afghanistan,Mohammad Nabi,Gulbadin Naib,AS Joseph,1,0,"",""
ball,1,44.5,Afghanistan,Gulbadin Naib,Mohammad Nabi,AS Joseph,1,0,"",""
ball,1,44.6,Afghanistan,Mohammad Nabi,Gulbadin Naib,AS Joseph,0,0,"",""
ball,1,45.1,Afghanistan,Gulbadin Naib,Mohammad Nabi,JO Holder,0,0,"",""
ball,1,45.2,Afghanistan,Gulbadin Naib,Mohammad Nabi,JO Holder,2,0,"",""
ball,1,45.3,Afghanistan,Gulbadin Naib,Mohammad Nabi,JO Holder,6,0,"",""
ball,1,45.4,Afghanistan,Gulbadin Naib,Mohammad Nabi,JO Holder,2,0,"",""
ball,1,45.5,Afghanistan,Gulbadin Naib,Mohammad Nabi,JO Holder,4,0,"",""
ball,1,45.6,Afghanistan,Gulbadin Naib,Mohammad Nabi,JO Holder,0,0,"",""
ball,1,46.1,Afghanistan,Mohammad Nabi,Gulbadin Naib,AS Joseph,1,0,"",""
ball,1,46.2,Afghanistan,Gulbadin Naib,Mohammad Nabi,AS Joseph,0,0,"",""
ball,1,46.3,Afghanistan,Gulbadin Naib,Mohammad Nabi,AS Joseph,0,0,"",""
ball,1,46.4,Afghanistan,Gulbadin Naib,Mohammad Nabi,AS Joseph,1,0,"",""
ball,1,46.5,Afghanistan,Mohammad Nabi,Gulbadin Naib,AS Joseph,1,0,"",""
ball,1,46.6,Afghanistan,Gulbadin Naib,Mohammad Nabi,AS Joseph,1,0,"",""
ball,1,47.1,Afghanistan,Gulbadin Naib,Mohammad Nabi,JO Holder,0,0,"",""
ball,1,47.2,Afghanistan,Gulbadin Naib,Mohammad Nabi,JO Holder,4,0,"",""
ball,1,47.3,Afghanistan,Gulbadin Naib,Mohammad Nabi,JO Holder,1,0,"",""
ball,1,47.4,Afghanistan,Mohammad Nabi,Gulbadin Naib,JO Holder,0,0,"",""
ball,1,47.5,Afghanistan,Mohammad Nabi,Gulbadin Naib,JO Holder,4,0,"",""
ball,1,47.6,Afghanistan,Mohammad Nabi,Gulbadin Naib,JO Holder,4,0,"",""
ball,1,48.1,Afghanistan,Gulbadin Naib,Mohammad Nabi,ST Gabriel,1,0,"",""
ball,1,48.2,Afghanistan,Mohammad Nabi,Gulbadin Naib,ST Gabriel,0,0,"",""
ball,1,48.3,Afghanistan,Mohammad Nabi,Gulbadin Naib,ST Gabriel,1,0,"",""
ball,1,48.4,Afghanistan,Gulbadin Naib,Mohammad Nabi,ST Gabriel,1,0,"",""
ball,1,48.5,Afghanistan,Mohammad Nabi,Gulbadin Naib,ST Gabriel,1,0,"",""
ball,1,48.6,Afghanistan,Gulbadin Naib,Mohammad Nabi,ST Gabriel,1,0,"",""
ball,1,49.1,Afghanistan,Gulbadin Naib,Mohammad Nabi,JO Holder,1,0,"",""
ball,1,49.2,Afghanistan,Mohammad Nabi,Gulbadin Naib,JO Holder,0,0,"",""
ball,1,49.3,Afghanistan,Mohammad Nabi,Gulbadin Naib,JO Holder,1,0,"",""
ball,1,49.4,Afghanistan,Gulbadin Naib,Mohammad Nabi,JO Holder,6,0,"",""
ball,1,49.5,Afghanistan,Gulbadin Naib,Mohammad Nabi,JO Holder,0,0,"",""
ball,1,49.6,Afghanistan,Gulbadin Naib,Mohammad Nabi,JO Holder,1,0,"",""
ball,2,0.1,West Indies,E Lewis,KOA Powell,Dawlat Zadran,0,0,"",""
ball,2,0.2,West Indies,E Lewis,KOA Powell,Dawlat Zadran,0,0,"",""
ball,2,0.3,West Indies,E Lewis,KOA Powell,Dawlat Zadran,1,0,"",""
ball,2,0.4,West Indies,KOA Powell,E Lewis,Dawlat Zadran,0,0,"",""
ball,2,0.5,West Indies,KOA Powell,E Lewis,Dawlat Zadran,1,0,"",""
ball,2,0.6,West Indies,E Lewis,KOA Powell,Dawlat Zadran,0,0,"",""
ball,2,1.1,West Indies,KOA Powell,E Lewis,Mohammad Nabi,0,0,"",""
ball,2,1.2,West Indies,KOA Powell,E Lewis,Mohammad Nabi,0,0,"",""
ball,2,1.3,West Indies,KOA Powell,E Lewis,Mohammad Nabi,0,0,"",""
ball,2,1.4,West Indies,KOA Powell,E Lewis,Mohammad Nabi,0,0,"",""
ball,2,1.5,West Indies,KOA Powell,E Lewis,Mohammad Nabi,0,0,"",""
ball,2,1.6,West Indies,KOA Powell,E Lewis,Mohammad Nabi,1,0,"",""
ball,2,2.1,West Indies,KOA Powell,E Lewis,Dawlat Zadran,0,0,lbw,KOA Powell
ball,2,2.2,West Indies,SD Hope,E Lewis,Dawlat Zadran,0,0,"",""
ball,2,2.3,West Indies,SD Hope,E Lewis,Dawlat Zadran,0,0,"",""
ball,2,2.4,West Indies,SD Hope,E Lewis,Dawlat Zadran,0,0,"",""
ball,2,2.5,West Indies,SD Hope,E Lewis,Dawlat Zadran,0,0,"",""
ball,2,2.6,West Indies,SD Hope,E Lewis,Dawlat Zadran,0,0,"",""
ball,2,3.1,West Indies,E Lewis,SD Hope,Mohammad Nabi,1,0,"",""
ball,2,3.2,West Indies,SD Hope,E Lewis,Mohammad Nabi,1,0,"",""
ball,2,3.3,West Indies,E Lewis,SD Hope,Mohammad Nabi,0,0,"",""
ball,2,3.4,West Indies,E Lewis,SD Hope,Mohammad Nabi,0,0,"",""
ball,2,3.5,West Indies,E Lewis,SD Hope,Mohammad Nabi,0,0,"",""
ball,2,3.6,West Indies,E Lewis,SD Hope,Mohammad Nabi,0,0,"",""
ball,2,4.1,West Indies,SD Hope,E Lewis,Amir Hamza,0,0,"",""
ball,2,4.2,West Indies,SD Hope,E Lewis,Amir Hamza,0,0,"",""
ball,2,4.3,West Indies,SD Hope,E Lewis,Amir Hamza,0,0,"",""
ball,2,4.4,West Indies,SD Hope,E Lewis,Amir Hamza,0,0,"",""
ball,2,4.5,West Indies,SD Hope,E Lewis,Amir Hamza,1,0,"",""
ball,2,4.6,West Indies,E Lewis,SD Hope,Amir Hamza,0,0,"",""
ball,2,5.1,West Indies,SD Hope,E Lewis,Dawlat Zadran,0,0,"",""
ball,2,5.2,West Indies,SD Hope,E Lewis,Dawlat Zadran,0,0,"",""
ball,2,5.3,West Indies,SD Hope,E Lewis,Dawlat Zadran,0,0,"",""
ball,2,5.4,West Indies,SD Hope,E Lewis,Dawlat Zadran,1,0,"",""
ball,2,5.5,West Indies,E Lewis,SD Hope,Dawlat Zadran,0,0,"",""
ball,2,5.6,West Indies,E Lewis,SD Hope,Dawlat Zadran,1,0,"",""
ball,2,6.1,West Indies,E Lewis,SD Hope,Amir Hamza,0,0,"",""
ball,2,6.2,West Indies,E Lewis,SD Hope,Amir Hamza,0,0,"",""
ball,2,6.3,West Indies,E Lewis,SD Hope,Amir Hamza,2,0,"",""
ball,2,6.4,West Indies,E Lewis,SD Hope,Amir Hamza,0,0,"",""
ball,2,6.5,West Indies,E Lewis,SD Hope,Amir Hamza,0,0,"",""
ball,2,6.6,West Indies,E Lewis,SD Hope,Amir Hamza,2,0,"",""
ball,2,7.1,West Indies,SD Hope,E Lewis,Dawlat Zadran,0,0,"",""
ball,2,7.2,West Indies,SD Hope,E Lewis,Dawlat Zadran,1,0,"",""
ball,2,7.3,West Indies,E Lewis,SD Hope,Dawlat Zadran,0,0,"",""
ball,2,7.4,West Indies,E Lewis,SD Hope,Dawlat Zadran,0,0,"",""
ball,2,7.5,West Indies,E Lewis,SD Hope,Dawlat Zadran,3,0,"",""
ball,2,7.6,West Indies,SD Hope,E Lewis,Dawlat Zadran,0,0,"",""
ball,2,8.1,West Indies,E Lewis,SD Hope,Gulbadin Naib,0,0,"",""
ball,2,8.2,West Indies,E Lewis,SD Hope,Gulbadin Naib,1,0,"",""
ball,2,8.3,West Indies,SD Hope,E Lewis,Gulbadin Naib,0,0,"",""
ball,2,8.4,West Indies,SD Hope,E Lewis,Gulbadin Naib,4,0,"",""
ball,2,8.5,West Indies,SD Hope,E Lewis,Gulbadin Naib,0,0,"",""
ball,2,8.6,West Indies,SD Hope,E Lewis,Gulbadin Naib,0,0,"",""
ball,2,9.1,West Indies,E Lewis,SD Hope,Mohammad Nabi,0,0,"",""
ball,2,9.2,West Indies,E Lewis,SD Hope,Mohammad Nabi,0,0,"",""
ball,2,9.3,West Indies,E Lewis,SD Hope,Mohammad Nabi,1,0,"",""
ball,2,9.4,West Indies,SD Hope,E Lewis,Mohammad Nabi,1,0,"",""
ball,2,9.5,West Indies,E Lewis,SD Hope,Mohammad Nabi,0,0,"",""
ball,2,9.6,West Indies,E Lewis,SD Hope,Mohammad Nabi,0,0,"",""
ball,2,10.1,West Indies,SD Hope,E Lewis,Gulbadin Naib,1,0,"",""
ball,2,10.2,West Indies,E Lewis,SD Hope,Gulbadin Naib,0,0,"",""
ball,2,10.3,West Indies,E Lewis,SD Hope,Gulbadin Naib,0,1,"",""
ball,2,10.4,West Indies,E Lewis,SD Hope,Gulbadin Naib,0,0,"",""
ball,2,10.5,West Indies,E Lewis,SD Hope,Gulbadin Naib,0,1,"",""
ball,2,10.6,West Indies,SD Hope,E Lewis,Gulbadin Naib,0,0,"",""
ball,2,10.7,West Indies,SD Hope,E Lewis,Gulbadin Naib,0,0,"",""
ball,2,11.1,West Indies,E Lewis,SD Hope,Mohammad Nabi,2,0,"",""
ball,2,11.2,West Indies,E Lewis,SD Hope,Mohammad Nabi,1,0,"",""
ball,2,11.3,West Indies,SD Hope,E Lewis,Mohammad Nabi,1,0,"",""
ball,2,11.4,West Indies,E Lewis,SD Hope,Mohammad Nabi,0,0,"",""
ball,2,11.5,West Indies,E Lewis,SD Hope,Mohammad Nabi,0,0,"",""
ball,2,11.6,West Indies,E Lewis,SD Hope,Mohammad Nabi,1,0,"",""
ball,2,12.1,West Indies,E Lewis,SD Hope,Amir Hamza,2,0,"",""
ball,2,12.2,West Indies,E Lewis,SD Hope,Amir Hamza,0,0,"",""
ball,2,12.3,West Indies,E Lewis,SD Hope,Amir Hamza,0,0,"",""
ball,2,12.4,West Indies,E Lewis,SD Hope,Amir Hamza,0,0,"",""
ball,2,12.5,West Indies,E Lewis,SD Hope,Amir Hamza,0,0,"",""
ball,2,12.6,West Indies,E Lewis,SD Hope,Amir Hamza,0,0,"",""
ball,2,13.1,West Indies,SD Hope,E Lewis,Gulbadin Naib,1,0,"",""
ball,2,13.2,West Indies,E Lewis,SD Hope,Gulbadin Naib,1,0,"",""
ball,2,13.3,West Indies,SD Hope,E Lewis,Gulbadin Naib,1,0,"",""
ball,2,13.4,West Indies,E Lewis,SD Hope,Gulbadin Naib,1,0,"",""
ball,2,13.5,West Indies,SD Hope,E Lewis,Gulbadin Naib,0,0,"",""
ball,2,13.6,West Indies,SD Hope,E Lewis,Gulbadin Naib,0,1,"",""
ball,2,13.7,West Indies,SD Hope,E Lewis,Gulbadin Naib,2,0,"",""
ball,2,14.1,West Indies,E Lewis,SD Hope,Amir Hamza,1,0,"",""
ball,2,14.2,West Indies,SD Hope,E Lewis,Amir Hamza,0,0,"",""
ball,2,14.3,West Indies,SD Hope,E Lewis,Amir Hamza,0,0,"",""
ball,2,14.4,West Indies,SD Hope,E Lewis,Amir Hamza,0,0,"",""
ball,2,14.5,West Indies,SD Hope,E Lewis,Amir Hamza,0,0,"",""
ball,2,14.6,West Indies,SD Hope,E Lewis,Amir Hamza,0,0,"",""
ball,2,15.1,West Indies,E Lewis,SD Hope,Gulbadin Naib,0,0,"",""
ball,2,15.2,West Indies,E Lewis,SD Hope,Gulbadin Naib,0,0,caught,E Lewis
ball,2,15.3,West Indies,SD Hope,JN Mohammed,Gulbadin Naib,0,0,"",""
ball,2,15.4,West Indies,SD Hope,JN Mohammed,Gulbadin Naib,0,0,"",""
ball,2,15.5,West Indies,SD Hope,JN Mohammed,Gulbadin Naib,1,0,"",""
ball,2,15.6,West Indies,JN Mohammed,SD Hope,Gulbadin Naib,2,0,"",""
ball,2,16.1,West Indies,SD Hope,JN Mohammed,Amir Hamza,0,0,"",""
ball,2,16.2,West Indies,SD Hope,JN Mohammed,Amir Hamza,1,0,"",""
ball,2,16.3,West Indies,JN Mohammed,SD Hope,Amir Hamza,0,0,"",""
ball,2,16.4,West Indies,JN Mohammed,SD Hope,Amir Hamza,0,0,"",""
ball,2,16.5,West Indies,JN Mohammed,SD Hope,Amir Hamza,1,0,"",""
ball,2,16.6,West Indies,SD Hope,JN Mohammed,Amir Hamza,1,0,"",""
ball,2,17.1,West Indies,SD Hope,JN Mohammed,Gulbadin Naib,0,0,"",""
ball,2,17.2,West Indies,SD Hope,JN Mohammed,Gulbadin Naib,0,0,"",""
ball,2,17.3,West Indies,SD Hope,JN Mohammed,Gulbadin Naib,1,0,"",""
ball,2,17.4,West Indies,JN Mohammed,SD Hope,Gulbadin Naib,0,0,"",""
ball,2,17.5,West Indies,JN Mohammed,SD Hope,Gulbadin Naib,0,0,"",""
ball,2,17.6,West Indies,JN Mohammed,SD Hope,Gulbadin Naib,0,0,"",""
ball,2,18.1,West Indies,SD Hope,JN Mohammed,Amir Hamza,0,0,"",""
ball,2,18.2,West Indies,SD Hope,JN Mohammed,Amir Hamza,1,0,"",""
ball,2,18.3,West Indies,JN Mohammed,SD Hope,Amir Hamza,0,0,"",""
ball,2,18.4,West Indies,JN Mohammed,SD Hope,Amir Hamza,1,0,"",""
ball,2,18.5,West Indies,SD Hope,JN Mohammed,Amir Hamza,1,0,"",""
ball,2,18.6,West Indies,JN Mohammed,SD Hope,Amir Hamza,0,0,"",""
ball,2,19.1,West Indies,SD Hope,JN Mohammed,Mohammad Nabi,0,0,"",""
ball,2,19.2,West Indies,SD Hope,JN Mohammed,Mohammad Nabi,1,0,"",""
ball,2,19.3,West Indies,JN Mohammed,SD Hope,Mohammad Nabi,0,0,"",""
ball,2,19.4,West Indies,JN Mohammed,SD Hope,Mohammad Nabi,0,0,"",""
ball,2,19.5,West Indies,JN Mohammed,SD Hope,Mohammad Nabi,0,0,"",""
ball,2,19.6,West Indies,JN Mohammed,SD Hope,Mohammad Nabi,0,0,"",""
ball,2,20.1,West Indies,SD Hope,JN Mohammed,Samiullah Shenwari,1,0,"",""
ball,2,20.2,West Indies,JN Mohammed,SD Hope,Samiullah Shenwari,1,0,"",""
ball,2,20.3,West Indies,SD Hope,JN Mohammed,Samiullah Shenwari,0,1,"",""
ball,2,20.4,West Indies,SD Hope,JN Mohammed,Samiullah Shenwari,0,0,"",""
ball,2,20.5,West Indies,SD Hope,JN Mohammed,Samiullah Shenwari,0,0,"",""
ball,2,20.6,West Indies,SD Hope,JN Mohammed,Samiullah Shenwari,2,0,"",""
ball,2,20.7,West Indies,SD Hope,JN Mohammed,Samiullah Shenwari,6,0,"",""
ball,2,21.1,West Indies,JN Mohammed,SD Hope,Mohammad Nabi,1,0,"",""
ball,2,21.2,West Indies,SD Hope,JN Mohammed,Mohammad Nabi,2,0,"",""
ball,2,21.3,West Indies,SD Hope,JN Mohammed,Mohammad Nabi,1,0,"",""
ball,2,21.4,West Indies,JN Mohammed,SD Hope,Mohammad Nabi,1,0,"",""
ball,2,21.5,West Indies,SD Hope,JN Mohammed,Mohammad Nabi,0,0,"",""
ball,2,21.6,West Indies,SD Hope,JN Mohammed,Mohammad Nabi,0,0,"",""
ball,2,22.1,West Indies,JN Mohammed,SD Hope,Rashid Khan,0,0,caught,JN Mohammed
ball,2,22.2,West Indies,RL Chase,SD Hope,Rashid Khan,0,0,lbw,RL Chase
ball,2,22.3,West Indies,JL Carter,SD Hope,Rashid Khan,0,0,"",""
ball,2,22.4,West Indies,JL Carter,SD Hope,Rashid Khan,0,0,"",""
ball,2,22.5,West Indies,JL Carter,SD Hope,Rashid Khan,0,1,"",""
ball,2,22.6,West Indies,JL Carter,SD Hope,Rashid Khan,0,0,"",""
ball,2,22.7,West Indies,JL Carter,SD Hope,Rashid Khan,0,0,"",""
ball,2,23.1,West Indies,SD Hope,JL Carter,Mohammad Nabi,1,0,"",""
ball,2,23.2,West Indies,JL Carter,SD Hope,Mohammad Nabi,0,0,"",""
ball,2,23.3,West Indies,JL Carter,SD Hope,Mohammad Nabi,0,0,"",""
ball,2,23.4,West Indies,JL Carter,SD Hope,Mohammad Nabi,0,0,"",""
ball,2,23.5,West Indies,JL Carter,SD Hope,Mohammad Nabi,0,0,"",""
ball,2,23.6,West Indies,JL Carter,SD Hope,Mohammad Nabi,0,0,"",""
ball,2,24.1,West Indies,SD Hope,JL Carter,Rashid Khan,0,0,"",""
ball,2,24.2,West Indies,SD Hope,JL Carter,Rashid Khan,0,0,"",""
ball,2,24.3,West Indies,SD Hope,JL Carter,Rashid Khan,0,0,caught,SD Hope
ball,2,24.4,West Indies,JO Holder,JL Carter,Rashid Khan,0,0,bowled,JO Holder
ball,2,24.5,West Indies,AR Nurse,JL Carter,Rashid Khan,0,1,"",""
ball,2,24.6,West Indies,JL Carter,AR Nurse,Rashid Khan,0,0,"",""
ball,2,25.1,West Indies,AR Nurse,JL Carter,Mohammad Nabi,0,0,"",""
ball,2,25.2,West Indies,AR Nurse,JL Carter,Mohammad Nabi,0,0,"",""
ball,2,25.3,West Indies,AR Nurse,JL Carter,Mohammad Nabi,0,0,"",""
ball,2,25.4,West Indies,AR Nurse,JL Carter,Mohammad Nabi,4,0,"",""
ball,2,25.5,West Indies,AR Nurse,JL Carter,Mohammad Nabi,2,0,"",""
ball,2,25.6,West Indies,AR Nurse,JL Carter,Mohammad Nabi,2,0,"",""
ball,2,26.1,West Indies,JL Carter,AR Nurse,Rashid Khan,0,0,"",""
ball,2,26.2,West Indies,JL Carter,AR Nurse,Rashid Khan,2,0,"",""
ball,2,26.3,West Indies,JL Carter,AR Nurse,Rashid Khan,0,0,"",""
ball,2,26.4,West Indies,JL Carter,AR Nurse,Rashid Khan,0,0,"",""
ball,2,26.5,West Indies,JL Carter,AR Nurse,Rashid Khan,2,0,"",""
ball,2,26.6,West Indies,JL Carter,AR Nurse,Rashid Khan,0,0,"",""
ball,2,27.1,West Indies,AR Nurse,JL Carter,Amir Hamza,1,0,"",""
ball,2,27.2,West Indies,JL Carter,AR Nurse,Amir Hamza,1,0,"",""
ball,2,27.3,West Indies,AR Nurse,JL Carter,Amir Hamza,0,0,"",""
ball,2,27.4,West Indies,AR Nurse,JL Carter,Amir Hamza,0,0,"",""
ball,2,27.5,West Indies,AR Nurse,JL Carter,Amir Hamza,0,0,"",""
ball,2,27.6,West Indies,AR Nurse,JL Carter,Amir Hamza,0,0,"",""
ball,2,28.1,West Indies,JL Carter,AR Nurse,Rashid Khan,0,0,"",""
ball,2,28.2,West Indies,JL Carter,AR Nurse,Rashid Khan,1,0,"",""
ball,2,28.3,West Indies,AR Nurse,JL Carter,Rashid Khan,3,0,"",""
ball,2,28.4,West Indies,JL Carter,AR Nurse,Rashid Khan,1,0,"",""
ball,2,28.5,West Indies,AR Nurse,JL Carter,Rashid Khan,0,0,"",""
ball,2,28.6,West Indies,AR Nurse,JL Carter,Rashid Khan,0,0,lbw,AR Nurse
ball,2,29.1,West Indies,JL Carter,AS Joseph,Dawlat Zadran,2,0,"",""
ball,2,29.2,West Indies,JL Carter,AS Joseph,Dawlat Zadran,0,0,"",""
ball,2,29.3,West Indies,JL Carter,AS Joseph,Dawlat Zadran,0,0,"",""
ball,2,29.4,West Indies,JL Carter,AS Joseph,Dawlat Zadran,0,0,"",""
ball,2,29.5,West Indies,JL Carter,AS Joseph,Dawlat Zadran,0,0,"",""
ball,2,29.6,West Indies,JL Carter,AS Joseph,Dawlat Zadran,0,0,"",""
ball,2,30.1,West Indies,AS Joseph,JL Carter,Rashid Khan,0,0,"",""
ball,2,30.2,West Indies,AS Joseph,JL Carter,Rashid Khan,0,0,"",""
ball,2,30.3,West Indies,AS Joseph,JL Carter,Rashid Khan,1,0,"",""
ball,2,30.4,West Indies,JL Carter,AS Joseph,Rashid Khan,0,0,"",""
ball,2,30.5,West Indies,JL Carter,AS Joseph,Rashid Khan,0,0,"",""
ball,2,30.6,West Indies,JL Carter,AS Joseph,Rashid Khan,1,0,"",""
ball,2,31.1,West Indies,JL Carter,AS Joseph,Dawlat Zadran,0,0,"",""
ball,2,31.2,West Indies,JL Carter,AS Joseph,Dawlat Zadran,1,0,"",""
ball,2,31.3,West Indies,AS Joseph,JL Carter,Dawlat Zadran,0,1,"",""
ball,2,31.4,West Indies,AS Joseph,JL Carter,Dawlat Zadran,0,1,"",""
ball,2,31.5,West Indies,AS Joseph,JL Carter,Dawlat Zadran,1,0,"",""
ball,2,31.6,West Indies,JL Carter,AS Joseph,Dawlat Zadran,0,0,"",""
ball,2,31.7,West Indies,JL Carter,AS Joseph,Dawlat Zadran,1,0,"",""
ball,2,31.8,West Indies,AS Joseph,JL Carter,Dawlat Zadran,4,0,"",""
ball,2,32.1,West Indies,JL Carter,AS Joseph,Rashid Khan,0,0,"",""
ball,2,32.2,West Indies,JL Carter,AS Joseph,Rashid Khan,0,0,"",""
ball,2,32.3,West Indies,JL Carter,AS Joseph,Rashid Khan,0,0,"",""
ball,2,32.4,West Indies,JL Carter,AS Joseph,Rashid Khan,0,0,"",""
ball,2,32.5,West Indies,JL Carter,AS Joseph,Rashid Khan,0,0,"",""
ball,2,32.6,West Indies,JL Carter,AS Joseph,Rashid Khan,1,0,"",""
ball,2,33.1,West Indies,JL Carter,AS Joseph,Mohammad Nabi,0,0,"",""
ball,2,33.2,West Indies,JL Carter,AS Joseph,Mohammad Nabi,0,1,"",""
ball,2,33.3,West Indies,JL Carter,AS Joseph,Mohammad Nabi,0,1,"",""
ball,2,33.4,West Indies,JL Carter,AS Joseph,Mohammad Nabi,0,0,"",""
ball,2,33.5,West Indies,JL Carter,AS Joseph,Mohammad Nabi,0,0,"",""
ball,2,33.6,West Indies,JL Carter,AS Joseph,Mohammad Nabi,1,0,"",""
ball,2,33.7,West Indies,AS Joseph,JL Carter,Mohammad Nabi,0,0,"",""
ball,2,33.8,West Indies,AS Joseph,JL Carter,Mohammad Nabi,0,0,"",""
ball,2,34.1,West Indies,JL Carter,AS Joseph,Amir Hamza,0,0,"",""
ball,2,34.2,West Indies,JL Carter,AS Joseph,Amir Hamza,0,0,"",""
ball,2,34.3,West Indies,JL Carter,AS Joseph,Amir Hamza,0,0,"",""
ball,2,34.4,West Indies,JL Carter,AS Joseph,Amir Hamza,0,0,"",""
ball,2,34.5,West Indies,JL Carter,AS Joseph,Amir Hamza,1,0,"",""
ball,2,34.6,West Indies,AS Joseph,JL Carter,Amir Hamza,0,0,"",""
ball,2,35.1,West Indies,JL Carter,AS Joseph,Mohammad Nabi,0,0,"",""
ball,2,35.2,West Indies,JL Carter,AS Joseph,Mohammad Nabi,1,0,"",""
ball,2,35.3,West Indies,AS Joseph,JL Carter,Mohammad Nabi,0,3,"",""
ball,2,35.4,West Indies,AS Joseph,JL Carter,Mohammad Nabi,1,0,"",""
ball,2,35.5,West Indies,JL Carter,AS Joseph,Mohammad Nabi,1,0,"",""
ball,2,35.6,West Indies,AS Joseph,JL Carter,Mohammad Nabi,0,0,"",""
ball,2,35.7,West Indies,AS Joseph,JL Carter,Mohammad Nabi,0,0,"",""
ball,2,36.1,West Indies,JL Carter,AS Joseph,Amir Hamza,1,0,"",""
ball,2,36.2,West Indies,AS Joseph,JL Carter,Amir Hamza,2,0,"",""
ball,2,36.3,West Indies,AS Joseph,JL Carter,Amir Hamza,6,0,"",""
ball,2,36.4,West Indies,AS Joseph,JL Carter,Amir Hamza,0,1,"",""
ball,2,36.5,West Indies,AS Joseph,JL Carter,Amir Hamza,0,0,"",""
ball,2,36.6,West Indies,AS Joseph,JL Carter,Amir Hamza,0,0,"",""
ball,2,36.7,West Indies,AS Joseph,JL Carter,Amir Hamza,1,0,"",""
ball,2,37.1,West Indies,AS Joseph,JL Carter,Dawlat Zadran,0,0,"",""
ball,2,37.2,West Indies,AS Joseph,JL Carter,Dawlat Zadran,0,1,"",""
ball,2,37.3,West Indies,AS Joseph,JL Carter,Dawlat Zadran,0,0,"",""
ball,2,37.4,West Indies,AS Joseph,JL Carter,Dawlat Zadran,1,0,"",""
ball,2,37.5,West Indies,JL Carter,AS Joseph,Dawlat Zadran,0,0,"",""
ball,2,37.6,West Indies,JL Carter,AS Joseph,Dawlat Zadran,1,0,"",""
ball,2,37.7,West Indies,AS Joseph,JL Carter,Dawlat Zadran,1,0,"",""
ball,2,38.1,West Indies,AS Joseph,JL Carter,Gulbadin Naib,0,0,"",""
ball,2,38.2,West Indies,AS Joseph,JL Carter,Gulbadin Naib,0,0,"",""
ball,2,38.3,West Indies,AS Joseph,JL Carter,Gulbadin Naib,0,0,"",""
ball,2,38.4,West Indies,AS Joseph,JL Carter,Gulbadin Naib,2,0,"",""
ball,2,38.5,West Indies,AS Joseph,JL Carter,Gulbadin Naib,0,0,"",""
ball,2,38.6,West Indies,AS Joseph,JL Carter,Gulbadin Naib,4,0,"",""
ball,2,39.1,West Indies,JL Carter,AS Joseph,Dawlat Zadran,0,0,"",""
ball,2,39.2,West Indies,JL Carter,AS Joseph,Dawlat Zadran,0,0,caught,JL Carter
ball,2,39.3,West Indies,AS Joseph,ML Cummins,Dawlat Zadran,1,0,"",""
ball,2,39.4,West Indies,ML Cummins,AS Joseph,Dawlat Zadran,0,0,"",""
ball,2,39.5,West Indies,ML Cummins,AS Joseph,Dawlat Zadran,0,0,"",""
ball,2,39.6,West Indies,ML Cummins,AS Joseph,Dawlat Zadran,1,0,"",""
ball,2,40.1,West Indies,ML Cummins,AS Joseph,Rashid Khan,0,0,"",""
ball,2,40.2,West Indies,ML Cummins,AS Joseph,Rashid Khan,0,0,"",""
ball,2,40.3,West Indies,ML Cummins,AS Joseph,Rashid Khan,0,0,"",""
ball,2,40.4,West Indies,ML Cummins,AS Joseph,Rashid Khan,0,1,"",""
ball,2,40.5,West Indies,ML Cummins,AS Joseph,Rashid Khan,0,1,"",""
ball,2,40.6,West Indies,ML Cummins,AS Joseph,Rashid Khan,1,0,"",""
ball,2,40.7,West Indies,AS Joseph,ML Cummins,Rashid Khan,0,0,"",""
ball,2,40.8,West Indies,AS Joseph,ML Cummins,Rashid Khan,1,0,"",""
ball,2,41.1,West Indies,AS Joseph,ML Cummins,Gulbadin Naib,0,0,"",""
ball,2,41.2,West Indies,AS Joseph,ML Cummins,Gulbadin Naib,1,0,"",""
ball,2,41.3,West Indies,ML Cummins,AS Joseph,Gulbadin Naib,0,0,"",""
ball,2,41.4,West Indies,ML Cummins,AS Joseph,Gulbadin Naib,2,0,"",""
ball,2,41.5,West Indies,ML Cummins,AS Joseph,Gulbadin Naib,0,0,"",""
ball,2,41.6,West Indies,ML Cummins,AS Joseph,Gulbadin Naib,0,0,"",""
ball,2,42.1,West Indies,AS Joseph,ML Cummins,Rashid Khan,0,0,"",""
ball,2,42.2,West Indies,AS Joseph,ML Cummins,Rashid Khan,0,0,"",""
ball,2,42.3,West Indies,AS Joseph,ML Cummins,Rashid Khan,0,0,"",""
ball,2,42.4,West Indies,AS Joseph,ML Cummins,Rashid Khan,0,0,lbw,AS Joseph
ball,2,42.5,West Indies,ST Gabriel,ML Cummins,Rashid Khan,0,0,"",""
ball,2,42.6,West Indies,ST Gabriel,ML Cummins,Rashid Khan,1,0,"",""
ball,2,43.1,West Indies,ST Gabriel,ML Cummins,Gulbadin Naib,1,0,"",""
ball,2,43.2,West Indies,ML Cummins,ST Gabriel,Gulbadin Naib,0,0,"",""
ball,2,43.3,West Indies,ML Cummins,ST Gabriel,Gulbadin Naib,0,1,"",""
ball,2,43.4,West Indies,ML Cummins,ST Gabriel,Gulbadin Naib,0,1,"",""
ball,2,43.5,West Indies,ML Cummins,ST Gabriel,Gulbadin Naib,0,0,"",""
ball,2,43.6,West Indies,ML Cummins,ST Gabriel,Gulbadin Naib,1,0,"",""
ball,2,43.7,West Indies,ST Gabriel,ML Cummins,Gulbadin Naib,0,0,"",""
ball,2,43.8,West Indies,ST Gabriel,ML Cummins,Gulbadin Naib,0,0,"",""
ball,2,44.1,West Indies,ML Cummins,ST Gabriel,Rashid Khan,0,0,"",""
ball,2,44.2,West Indies,ML Cummins,ST Gabriel,Rashid Khan,0,0,"",""
ball,2,44.3,West Indies,ML Cummins,ST Gabriel,Rashid Khan,0,0,"",""
ball,2,44.4,West Indies,ML Cummins,ST Gabriel,Rashid Khan,0,0,bowled,ML Cummins
