version,1.3.0
info,team,West Indies
info,team,India
info,gender,male
info,season,2017
info,date,2017/07/06
info,series,India in West Indies ODI Series
info,match_number,5
info,venue,"Sabina Park, Kingston"
info,city,Jamaica
info,toss_winner,West Indies
info,toss_decision,bat
info,player_of_match,V Kohli
info,umpire,HDPK Dharmasena
info,umpire,LS Reifer
info,reserve_umpire,N Duguid
info,tv_umpire,CB Gaffaney
info,match_referee,DC Boon
info,winner,India
info,winner_wickets,8
ball,1,0.1,West Indies,E Lewis,KA Hope,Mohammed Shami,0,1,"",""
ball,1,0.2,West Indies,KA Hope,E Lewis,Mohammed Shami,0,0,"",""
ball,1,0.3,West Indies,KA Hope,E Lewis,Mohammed Shami,1,0,"",""
ball,1,0.4,West Indies,E Lewis,KA Hope,Mohammed Shami,0,0,"",""
ball,1,0.5,West Indies,E Lewis,KA Hope,Mohammed Shami,0,0,"",""
ball,1,0.6,West Indies,E Lewis,KA Hope,Mohammed Shami,1,0,"",""
ball,1,1.1,West Indies,E Lewis,KA Hope,UT Yadav,1,0,"",""
ball,1,1.2,West Indies,KA Hope,E Lewis,UT Yadav,4,0,"",""
ball,1,1.3,West Indies,KA Hope,E Lewis,UT Yadav,2,0,"",""
ball,1,1.4,West Indies,KA Hope,E Lewis,UT Yadav,0,0,"",""
ball,1,1.5,West Indies,KA Hope,E Lewis,UT Yadav,0,1,"",""
ball,1,1.6,West Indies,KA Hope,E Lewis,UT Yadav,0,0,"",""
ball,1,1.7,West Indies,KA Hope,E Lewis,UT Yadav,0,0,"",""
ball,1,2.1,West Indies,E Lewis,KA Hope,HH Pandya,0,0,"",""
ball,1,2.2,West Indies,E Lewis,KA Hope,HH Pandya,0,0,"",""
ball,1,2.3,West Indies,E Lewis,KA Hope,HH Pandya,3,0,"",""
ball,1,2.4,West Indies,KA Hope,E Lewis,HH Pandya,0,0,"",""
ball,1,2.5,West Indies,KA Hope,E Lewis,HH Pandya,0,0,"",""
ball,1,2.6,West Indies,KA Hope,E Lewis,HH Pandya,0,0,"",""
ball,1,3.1,West Indies,E Lewis,KA Hope,Mohammed Shami,0,0,"",""
ball,1,3.2,West Indies,E Lewis,KA Hope,Mohammed Shami,0,0,"",""
ball,1,3.3,West Indies,E Lewis,KA Hope,Mohammed Shami,1,0,"",""
ball,1,3.4,West Indies,KA Hope,E Lewis,Mohammed Shami,0,0,"",""
ball,1,3.5,West Indies,KA Hope,E Lewis,Mohammed Shami,1,0,"",""
ball,1,3.6,West Indies,E Lewis,KA Hope,Mohammed Shami,0,0,"",""
ball,1,4.1,West Indies,KA Hope,E Lewis,UT Yadav,4,0,"",""
ball,1,4.2,West Indies,KA Hope,E Lewis,UT Yadav,0,0,"",""
ball,1,4.3,West Indies,KA Hope,E Lewis,UT Yadav,4,0,"",""
ball,1,4.4,West Indies,KA Hope,E Lewis,UT Yadav,2,0,"",""
ball,1,4.5,West Indies,KA Hope,E Lewis,UT Yadav,0,0,"",""
ball,1,4.6,West Indies,KA Hope,E Lewis,UT Yadav,0,0,"",""
ball,1,5.1,West Indies,E Lewis,KA Hope,Mohammed Shami,1,0,"",""
ball,1,5.2,West Indies,KA Hope,E Lewis,Mohammed Shami,1,0,"",""
ball,1,5.3,West Indies,E Lewis,KA Hope,Mohammed Shami,1,0,"",""
ball,1,5.4,West Indies,KA Hope,E Lewis,Mohammed Shami,0,0,"",""
ball,1,5.5,West Indies,KA Hope,E Lewis,Mohammed Shami,4,0,"",""
ball,1,5.6,West Indies,KA Hope,E Lewis,Mohammed Shami,1,0,"",""
ball,1,6.1,West Indies,KA Hope,E Lewis,UT Yadav,0,0,"",""
ball,1,6.2,West Indies,KA Hope,E Lewis,UT Yadav,0,0,"",""
ball,1,6.3,West Indies,KA Hope,E Lewis,UT Yadav,0,0,"",""
ball,1,6.4,West Indies,KA Hope,E Lewis,UT Yadav,4,0,"",""
ball,1,6.5,West Indies,KA Hope,E Lewis,UT Yadav,0,0,"",""
ball,1,6.6,West Indies,KA Hope,E Lewis,UT Yadav,0,0,"",""
ball,1,7.1,West Indies,E Lewis,KA Hope,Mohammed Shami,0,0,"",""
ball,1,7.2,West Indies,E Lewis,KA Hope,Mohammed Shami,0,0,"",""
ball,1,7.3,West Indies,E Lewis,KA Hope,Mohammed Shami,0,0,"",""
ball,1,7.4,West Indies,E Lewis,KA Hope,Mohammed Shami,1,0,"",""
ball,1,7.5,West Indies,KA Hope,E Lewis,Mohammed Shami,0,0,"",""
ball,1,7.6,West Indies,KA Hope,E Lewis,Mohammed Shami,0,0,"",""
ball,1,8.1,West Indies,E Lewis,KA Hope,HH Pandya,0,0,"",""
ball,1,8.2,West Indies,E Lewis,KA Hope,HH Pandya,0,0,caught,E Lewis
ball,1,8.3,West Indies,SD Hope,KA Hope,HH Pandya,0,0,"",""
ball,1,8.4,West Indies,SD Hope,KA Hope,HH Pandya,0,0,"",""
ball,1,8.5,West Indies,SD Hope,KA Hope,HH Pandya,1,0,"",""
ball,1,8.6,West Indies,KA Hope,SD Hope,HH Pandya,0,0,"",""
ball,1,9.1,West Indies,SD Hope,KA Hope,Mohammed Shami,0,0,"",""
ball,1,9.2,West Indies,SD Hope,KA Hope,Mohammed Shami,0,0,"",""
ball,1,9.3,West Indies,SD Hope,KA Hope,Mohammed Shami,0,0,"",""
ball,1,9.4,West Indies,SD Hope,KA Hope,Mohammed Shami,1,0,"",""
ball,1,9.5,West Indies,KA Hope,SD Hope,Mohammed Shami,4,0,"",""
ball,1,9.6,West Indies,KA Hope,SD Hope,Mohammed Shami,4,0,"",""
ball,1,10.1,West Indies,SD Hope,KA Hope,HH Pandya,0,0,"",""
ball,1,10.2,West Indies,SD Hope,KA Hope,HH Pandya,2,0,"",""
ball,1,10.3,West Indies,SD Hope,KA Hope,HH Pandya,0,0,"",""
ball,1,10.4,West Indies,SD Hope,KA Hope,HH Pandya,0,0,"",""
ball,1,10.5,West Indies,SD Hope,KA Hope,HH Pandya,0,1,"",""
ball,1,10.6,West Indies,SD Hope,KA Hope,HH Pandya,1,0,"",""
ball,1,10.7,West Indies,KA Hope,SD Hope,HH Pandya,0,0,"",""
ball,1,11.1,West Indies,SD Hope,KA Hope,UT Yadav,0,0,"",""
ball,1,11.2,West Indies,SD Hope,KA Hope,UT Yadav,1,0,"",""
ball,1,11.3,West Indies,KA Hope,SD Hope,UT Yadav,0,0,"",""
ball,1,11.4,West Indies,KA Hope,SD Hope,UT Yadav,0,0,"",""
ball,1,11.5,West Indies,KA Hope,SD Hope,UT Yadav,0,0,"",""
ball,1,11.6,West Indies,KA Hope,SD Hope,UT Yadav,0,0,"",""
ball,1,12.1,West Indies,SD Hope,KA Hope,HH Pandya,4,0,"",""
ball,1,12.2,West Indies,SD Hope,KA Hope,HH Pandya,0,0,"",""
ball,1,12.3,West Indies,SD Hope,KA Hope,HH Pandya,0,0,"",""
ball,1,12.4,West Indies,SD Hope,KA Hope,HH Pandya,0,0,"",""
ball,1,12.5,West Indies,SD Hope,KA Hope,HH Pandya,0,0,"",""
ball,1,12.6,West Indies,SD Hope,KA Hope,HH Pandya,0,1,"",""
ball,1,12.7,West Indies,SD Hope,KA Hope,HH Pandya,0,0,"",""
ball,1,13.1,West Indies,KA Hope,SD Hope,UT Yadav,0,0,"",""
ball,1,13.2,West Indies,KA Hope,SD Hope,UT Yadav,1,0,"",""
ball,1,13.3,West Indies,SD Hope,KA Hope,UT Yadav,0,0,"",""
ball,1,13.4,West Indies,SD Hope,KA Hope,UT Yadav,1,0,"",""
ball,1,13.5,West Indies,KA Hope,SD Hope,UT Yadav,0,0,"",""
ball,1,13.6,West Indies,KA Hope,SD Hope,UT Yadav,0,1,"",""
ball,1,13.7,West Indies,KA Hope,SD Hope,UT Yadav,0,0,"",""
ball,1,14.1,West Indies,SD Hope,KA Hope,RA Jadeja,0,0,"",""
ball,1,14.2,West Indies,SD Hope,KA Hope,RA Jadeja,4,0,"",""
ball,1,14.3,West Indies,SD Hope,KA Hope,RA Jadeja,1,0,"",""
ball,1,14.4,West Indies,KA Hope,SD Hope,RA Jadeja,0,0,"",""
ball,1,14.5,West Indies,KA Hope,SD Hope,RA Jadeja,0,0,"",""
ball,1,14.6,West Indies,KA Hope,SD Hope,RA Jadeja,1,0,"",""
ball,1,15.1,West Indies,KA Hope,SD Hope,UT Yadav,0,0,"",""
ball,1,15.2,West Indies,KA Hope,SD Hope,UT Yadav,4,0,"",""
ball,1,15.3,West Indies,KA Hope,SD Hope,UT Yadav,4,0,"",""
ball,1,15.4,West Indies,KA Hope,SD Hope,UT Yadav,0,0,"",""
ball,1,15.5,West Indies,KA Hope,SD Hope,UT Yadav,0,0,caught,KA Hope
ball,1,15.6,West Indies,RL Chase,SD Hope,UT Yadav,0,0,lbw,RL Chase
ball,1,16.1,West Indies,SD Hope,JN Mohammed,RA Jadeja,1,0,"",""
ball,1,16.2,West Indies,JN Mohammed,SD Hope,RA Jadeja,0,0,"",""
ball,1,16.3,West Indies,JN Mohammed,SD Hope,RA Jadeja,0,0,"",""
ball,1,16.4,West Indies,JN Mohammed,SD Hope,RA Jadeja,1,0,"",""
ball,1,16.5,West Indies,SD Hope,JN Mohammed,RA Jadeja,0,0,"",""
ball,1,16.6,West Indies,SD Hope,JN Mohammed,RA Jadeja,1,0,"",""
ball,1,17.1,West Indies,SD Hope,JN Mohammed,UT Yadav,0,0,"",""
ball,1,17.2,West Indies,SD Hope,JN Mohammed,UT Yadav,0,0,"",""
ball,1,17.3,West Indies,SD Hope,JN Mohammed,UT Yadav,4,0,"",""
ball,1,17.4,West Indies,SD Hope,JN Mohammed,UT Yadav,0,0,"",""
ball,1,17.5,West Indies,SD Hope,JN Mohammed,UT Yadav,0,0,"",""
ball,1,17.6,West Indies,SD Hope,JN Mohammed,UT Yadav,0,0,"",""
ball,1,18.1,West Indies,JN Mohammed,SD Hope,Kuldeep Yadav,0,0,"",""
ball,1,18.2,West Indies,JN Mohammed,SD Hope,Kuldeep Yadav,0,0,"",""
ball,1,18.3,West Indies,JN Mohammed,SD Hope,Kuldeep Yadav,1,0,"",""
ball,1,18.4,West Indies,SD Hope,JN Mohammed,Kuldeep Yadav,0,0,"",""
ball,1,18.5,West Indies,SD Hope,JN Mohammed,Kuldeep Yadav,1,0,"",""
ball,1,18.6,West Indies,JN Mohammed,SD Hope,Kuldeep Yadav,0,0,"",""
ball,1,19.1,West Indies,SD Hope,JN Mohammed,RA Jadeja,0,0,"",""
ball,1,19.2,West Indies,SD Hope,JN Mohammed,RA Jadeja,0,0,"",""
ball,1,19.3,West Indies,SD Hope,JN Mohammed,RA Jadeja,1,0,"",""
ball,1,19.4,West Indies,JN Mohammed,SD Hope,RA Jadeja,0,0,"",""
ball,1,19.5,West Indies,JN Mohammed,SD Hope,RA Jadeja,1,0,"",""
ball,1,19.6,West Indies,SD Hope,JN Mohammed,RA Jadeja,0,0,"",""
ball,1,20.1,West Indies,JN Mohammed,SD Hope,Kuldeep Yadav,0,0,"",""
ball,1,20.2,West Indies,JN Mohammed,SD Hope,Kuldeep Yadav,0,0,"",""
ball,1,20.3,West Indies,JN Mohammed,SD Hope,Kuldeep Yadav,0,0,"",""
ball,1,20.4,West Indies,JN Mohammed,SD Hope,Kuldeep Yadav,0,0,"",""
ball,1,20.5,West Indies,JN Mohammed,SD Hope,Kuldeep Yadav,0,0,"",""
ball,1,20.6,West Indies,JN Mohammed,SD Hope,Kuldeep Yadav,1,0,"",""
ball,1,21.1,West Indies,JN Mohammed,SD Hope,RA Jadeja,0,0,"",""
ball,1,21.2,West Indies,JN Mohammed,SD Hope,RA Jadeja,0,0,"",""
ball,1,21.3,West Indies,JN Mohammed,SD Hope,RA Jadeja,0,0,"",""
ball,1,21.4,West Indies,JN Mohammed,SD Hope,RA Jadeja,1,0,"",""
ball,1,21.5,West Indies,SD Hope,JN Mohammed,RA Jadeja,1,0,"",""
ball,1,21.6,West Indies,JN Mohammed,SD Hope,RA Jadeja,0,0,"",""
ball,1,22.1,West Indies,SD Hope,JN Mohammed,Kuldeep Yadav,1,0,"",""
ball,1,22.2,West Indies,JN Mohammed,SD Hope,Kuldeep Yadav,1,0,"",""
ball,1,22.3,West Indies,SD Hope,JN Mohammed,Kuldeep Yadav,1,0,"",""
ball,1,22.4,West Indies,JN Mohammed,SD Hope,Kuldeep Yadav,1,0,"",""
ball,1,22.5,West Indies,SD Hope,JN Mohammed,Kuldeep Yadav,1,0,"",""
ball,1,22.6,West Indies,JN Mohammed,SD Hope,Kuldeep Yadav,0,0,"",""
ball,1,23.1,West Indies,SD Hope,JN Mohammed,RA Jadeja,0,0,"",""
ball,1,23.2,West Indies,SD Hope,JN Mohammed,RA Jadeja,0,0,"",""
ball,1,23.3,West Indies,SD Hope,JN Mohammed,RA Jadeja,0,0,"",""
ball,1,23.4,West Indies,SD Hope,JN Mohammed,RA Jadeja,0,0,"",""
ball,1,23.5,West Indies,SD Hope,JN Mohammed,RA Jadeja,1,0,"",""
ball,1,23.6,West Indies,JN Mohammed,SD Hope,RA Jadeja,2,0,"",""
ball,1,24.1,West Indies,SD Hope,JN Mohammed,Kuldeep Yadav,0,0,"",""
ball,1,24.2,West Indies,SD Hope,JN Mohammed,Kuldeep Yadav,1,0,"",""
ball,1,24.3,West Indies,JN Mohammed,SD Hope,Kuldeep Yadav,2,0,"",""
ball,1,24.4,West Indies,JN Mohammed,SD Hope,Kuldeep Yadav,0,0,"",""
ball,1,24.5,West Indies,JN Mohammed,SD Hope,Kuldeep Yadav,0,0,"",""
ball,1,24.6,West Indies,JN Mohammed,SD Hope,Kuldeep Yadav,1,0,"",""
ball,1,25.1,West Indies,JN Mohammed,SD Hope,RA Jadeja,0,0,"",""
ball,1,25.2,West Indies,JN Mohammed,SD Hope,RA Jadeja,1,0,"",""
ball,1,25.3,West Indies,SD Hope,JN Mohammed,RA Jadeja,0,0,"",""
ball,1,25.4,West Indies,SD Hope,JN Mohammed,RA Jadeja,0,0,"",""
ball,1,25.5,West Indies,SD Hope,JN Mohammed,RA Jadeja,1,0,"",""
ball,1,25.6,West Indies,JN Mohammed,SD Hope,RA Jadeja,0,0,"",""
ball,1,26.1,West Indies,SD Hope,JN Mohammed,Kuldeep Yadav,1,0,"",""
ball,1,26.2,West Indies,JN Mohammed,SD Hope,Kuldeep Yadav,1,0,"",""
ball,1,26.3,West Indies,SD Hope,JN Mohammed,Kuldeep Yadav,1,0,"",""
ball,1,26.4,West Indies,JN Mohammed,SD Hope,Kuldeep Yadav,0,0,"",""
ball,1,26.5,West Indies,JN Mohammed,SD Hope,Kuldeep Yadav,0,0,"",""
ball,1,26.6,West Indies,JN Mohammed,SD Hope,Kuldeep Yadav,1,0,"",""
ball,1,27.1,West Indies,JN Mohammed,SD Hope,RA Jadeja,1,0,"",""
ball,1,27.2,West Indies,SD Hope,JN Mohammed,RA Jadeja,0,0,"",""
ball,1,27.3,West Indies,SD Hope,JN Mohammed,RA Jadeja,0,0,"",""
ball,1,27.4,West Indies,SD Hope,JN Mohammed,RA Jadeja,0,0,"",""
ball,1,27.5,West Indies,SD Hope,JN Mohammed,RA Jadeja,0,0,"",""
ball,1,27.6,West Indies,SD Hope,JN Mohammed,RA Jadeja,1,0,"",""
ball,1,28.1,West Indies,SD Hope,JN Mohammed,KM Jadhav,0,0,"",""
ball,1,28.2,West Indies,SD Hope,JN Mohammed,KM Jadhav,0,0,"",""
ball,1,28.3,West Indies,SD Hope,JN Mohammed,KM Jadhav,4,0,"",""
ball,1,28.4,West Indies,SD Hope,JN Mohammed,KM Jadhav,0,0,"",""
ball,1,28.5,West Indies,SD Hope,JN Mohammed,KM Jadhav,0,0,"",""
ball,1,28.6,West Indies,SD Hope,JN Mohammed,KM Jadhav,1,0,"",""
ball,1,29.1,West Indies,SD Hope,JN Mohammed,RA Jadeja,0,0,"",""
ball,1,29.2,West Indies,SD Hope,JN Mohammed,RA Jadeja,0,0,"",""
ball,1,29.3,West Indies,SD Hope,JN Mohammed,RA Jadeja,0,0,"",""
ball,1,29.4,West Indies,SD Hope,JN Mohammed,RA Jadeja,0,0,"",""
ball,1,29.5,West Indies,SD Hope,JN Mohammed,RA Jadeja,0,0,"",""
ball,1,29.6,West Indies,SD Hope,JN Mohammed,RA Jadeja,0,0,"",""
ball,1,30.1,West Indies,JN Mohammed,SD Hope,KM Jadhav,0,0,"",""
ball,1,30.2,West Indies,JN Mohammed,SD Hope,KM Jadhav,0,0,"",""
ball,1,30.3,West Indies,JN Mohammed,SD Hope,KM Jadhav,0,0,caught and bowled,JN Mohammed
ball,1,30.4,West Indies,JO Holder,SD Hope,KM Jadhav,1,0,"",""
ball,1,30.5,West Indies,SD Hope,JO Holder,KM Jadhav,0,0,"",""
ball,1,30.6,West Indies,SD Hope,JO Holder,KM Jadhav,0,0,"",""
ball,1,31.1,West Indies,JO Holder,SD Hope,RA Jadeja,0,0,"",""
ball,1,31.2,West Indies,JO Holder,SD Hope,RA Jadeja,1,0,"",""
ball,1,31.3,West Indies,SD Hope,JO Holder,RA Jadeja,1,0,"",""
ball,1,31.4,West Indies,JO Holder,SD Hope,RA Jadeja,0,0,"",""
ball,1,31.5,West Indies,JO Holder,SD Hope,RA Jadeja,0,0,"",""
ball,1,31.6,West Indies,JO Holder,SD Hope,RA Jadeja,0,0,"",""
ball,1,32.1,West Indies,SD Hope,JO Holder,KM Jadhav,0,0,"",""
ball,1,32.2,West Indies,SD Hope,JO Holder,KM Jadhav,0,0,"",""
ball,1,32.3,West Indies,SD Hope,JO Holder,KM Jadhav,1,0,"",""
ball,1,32.4,West Indies,JO Holder,SD Hope,KM Jadhav,0,1,"",""
ball,1,32.5,West Indies,JO Holder,SD Hope,KM Jadhav,0,0,"",""
ball,1,32.6,West Indies,JO Holder,SD Hope,KM Jadhav,1,0,"",""
ball,1,32.7,West Indies,SD Hope,JO Holder,KM Jadhav,0,0,"",""
ball,1,33.1,West Indies,JO Holder,SD Hope,RA Jadeja,0,0,"",""
ball,1,33.2,West Indies,JO Holder,SD Hope,RA Jadeja,0,0,"",""
ball,1,33.3,West Indies,JO Holder,SD Hope,RA Jadeja,0,0,"",""
ball,1,33.4,West Indies,JO Holder,SD Hope,RA Jadeja,4,0,"",""
ball,1,33.5,West Indies,JO Holder,SD Hope,RA Jadeja,1,0,"",""
ball,1,33.6,West Indies,SD Hope,JO Holder,RA Jadeja,0,0,"",""
ball,1,34.1,West Indies,JO Holder,SD Hope,KM Jadhav,1,0,"",""
ball,1,34.2,West Indies,SD Hope,JO Holder,KM Jadhav,1,0,"",""
ball,1,34.3,West Indies,JO Holder,SD Hope,KM Jadhav,1,0,"",""
ball,1,34.4,West Indies,SD Hope,JO Holder,KM Jadhav,0,0,"",""
ball,1,34.5,West Indies,SD Hope,JO Holder,KM Jadhav,0,0,"",""
ball,1,34.6,West Indies,SD Hope,JO Holder,KM Jadhav,1,0,"",""
ball,1,35.1,West Indies,SD Hope,JO Holder,HH Pandya,0,0,"",""
ball,1,35.2,West Indies,SD Hope,JO Holder,HH Pandya,4,0,"",""
ball,1,35.3,West Indies,SD Hope,JO Holder,HH Pandya,0,0,"",""
ball,1,35.4,West Indies,SD Hope,JO Holder,HH Pandya,0,0,"",""
ball,1,35.5,West Indies,SD Hope,JO Holder,HH Pandya,1,0,"",""
ball,1,35.6,West Indies,JO Holder,SD Hope,HH Pandya,0,0,"",""
ball,1,36.1,West Indies,SD Hope,JO Holder,Kuldeep Yadav,1,0,"",""
ball,1,36.2,West Indies,JO Holder,SD Hope,Kuldeep Yadav,0,0,"",""
ball,1,36.3,West Indies,JO Holder,SD Hope,Kuldeep Yadav,2,0,"",""
ball,1,36.4,West Indies,JO Holder,SD Hope,Kuldeep Yadav,4,0,"",""
ball,1,36.5,West Indies,JO Holder,SD Hope,Kuldeep Yadav,1,0,"",""
ball,1,36.6,West Indies,SD Hope,JO Holder,Kuldeep Yadav,0,0,"",""
ball,1,37.1,West Indies,JO Holder,SD Hope,HH Pandya,0,0,"",""
ball,1,37.2,West Indies,JO Holder,SD Hope,HH Pandya,6,0,"",""
ball,1,37.3,West Indies,JO Holder,SD Hope,HH Pandya,1,0,"",""
ball,1,37.4,West Indies,SD Hope,JO Holder,HH Pandya,0,0,"",""
ball,1,37.5,West Indies,SD Hope,JO Holder,HH Pandya,1,0,"",""
ball,1,37.6,West Indies,JO Holder,SD Hope,HH Pandya,1,0,"",""
ball,1,38.1,West Indies,JO Holder,SD Hope,Kuldeep Yadav,0,0,"",""
ball,1,38.2,West Indies,JO Holder,SD Hope,Kuldeep Yadav,0,0,"",""
ball,1,38.3,West Indies,JO Holder,SD Hope,Kuldeep Yadav,4,0,"",""
ball,1,38.4,West Indies,JO Holder,SD Hope,Kuldeep Yadav,0,0,"",""
ball,1,38.5,West Indies,JO Holder,SD Hope,Kuldeep Yadav,1,0,"",""
ball,1,38.6,West Indies,SD Hope,JO Holder,Kuldeep Yadav,0,0,"",""
ball,1,39.1,West Indies,JO Holder,SD Hope,Mohammed Shami,0,0,"",""
ball,1,39.2,West Indies,JO Holder,SD Hope,Mohammed Shami,2,0,"",""
ball,1,39.3,West Indies,JO Holder,SD Hope,Mohammed Shami,4,0,"",""
ball,1,39.4,West Indies,JO Holder,SD Hope,Mohammed Shami,0,0,"",""
ball,1,39.5,West Indies,JO Holder,SD Hope,Mohammed Shami,0,0,caught,JO Holder
ball,1,39.6,West Indies,R Powell,SD Hope,Mohammed Shami,1,0,"",""
ball,1,40.1,West Indies,R Powell,SD Hope,Kuldeep Yadav,0,0,"",""
ball,1,40.2,West Indies,R Powell,SD Hope,Kuldeep Yadav,2,0,"",""
ball,1,40.3,West Indies,R Powell,SD Hope,Kuldeep Yadav,0,0,"",""
ball,1,40.4,West Indies,R Powell,SD Hope,Kuldeep Yadav,0,0,"",""
ball,1,40.5,West Indies,R Powell,SD Hope,Kuldeep Yadav,0,0,"",""
ball,1,40.6,West Indies,R Powell,SD Hope,Kuldeep Yadav,0,0,"",""
ball,1,41.1,West Indies,SD Hope,R Powell,Mohammed Shami,1,0,"",""
ball,1,41.2,West Indies,R Powell,SD Hope,Mohammed Shami,1,0,"",""
ball,1,41.3,West Indies,SD Hope,R Powell,Mohammed Shami,0,0,"",""
ball,1,41.4,West Indies,SD Hope,R Powell,Mohammed Shami,0,0,caught,SD Hope
ball,1,41.5,West Indies,R Powell,AR Nurse,Mohammed Shami,0,0,"",""
ball,1,41.6,West Indies,R Powell,AR Nurse,Mohammed Shami,1,0,"",""
ball,1,42.1,West Indies,R Powell,AR Nurse,Kuldeep Yadav,0,0,"",""
ball,1,42.2,West Indies,R Powell,AR Nurse,Kuldeep Yadav,0,0,"",""
ball,1,42.3,West Indies,R Powell,AR Nurse,Kuldeep Yadav,0,0,"",""
ball,1,42.4,West Indies,R Powell,AR Nurse,Kuldeep Yadav,1,0,"",""
ball,1,42.5,West Indies,AR Nurse,R Powell,Kuldeep Yadav,0,0,"",""
ball,1,42.6,West Indies,AR Nurse,R Powell,Kuldeep Yadav,0,0,"",""
ball,1,43.1,West Indies,R Powell,AR Nurse,Mohammed Shami,1,0,"",""
ball,1,43.2,West Indies,AR Nurse,R Powell,Mohammed Shami,0,0,"",""
ball,1,43.3,West Indies,AR Nurse,R Powell,Mohammed Shami,0,0,caught,AR Nurse
ball,1,43.4,West Indies,D Bishoo,R Powell,Mohammed Shami,0,0,"",""
ball,1,43.5,West Indies,D Bishoo,R Powell,Mohammed Shami,0,0,"",""
ball,1,43.6,West Indies,D Bishoo,R Powell,Mohammed Shami,0,0,"",""
ball,1,44.1,West Indies,R Powell,D Bishoo,Kuldeep Yadav,2,0,"",""
ball,1,44.2,West Indies,R Powell,D Bishoo,Kuldeep Yadav,1,0,"",""
ball,1,44.3,West Indies,D Bishoo,R Powell,Kuldeep Yadav,0,0,"",""
ball,1,44.4,West Indies,D Bishoo,R Powell,Kuldeep Yadav,1,0,"",""
ball,1,44.5,West Indies,R Powell,D Bishoo,Kuldeep Yadav,0,0,"",""
ball,1,44.6,West Indies,R Powell,D Bishoo,Kuldeep Yadav,0,0,"",""
ball,1,45.1,West Indies,D Bishoo,R Powell,UT Yadav,0,0,"",""
ball,1,45.2,West Indies,D Bishoo,R Powell,UT Yadav,0,0,"",""
ball,1,45.3,West Indies,D Bishoo,R Powell,UT Yadav,0,0,"",""
ball,1,45.4,West Indies,D Bishoo,R Powell,UT Yadav,0,0,"",""
ball,1,45.5,West Indies,D Bishoo,R Powell,UT Yadav,0,0,"",""
ball,1,45.6,West Indies,D Bishoo,R Powell,UT Yadav,0,0,"",""
ball,1,46.1,West Indies,R Powell,D Bishoo,Mohammed Shami,1,0,"",""
ball,1,46.2,West Indies,D Bishoo,R Powell,Mohammed Shami,0,0,"",""
ball,1,46.3,West Indies,D Bishoo,R Powell,Mohammed Shami,4,0,"",""
ball,1,46.4,West Indies,D Bishoo,R Powell,Mohammed Shami,1,0,"",""
ball,1,46.5,West Indies,R Powell,D Bishoo,Mohammed Shami,1,0,"",""
ball,1,46.6,West Indies,D Bishoo,R Powell,Mohammed Shami,0,0,caught,D Bishoo
ball,1,47.1,West Indies,R Powell,AS Joseph,UT Yadav,2,0,"",""
ball,1,47.2,West Indies,R Powell,AS Joseph,UT Yadav,0,1,"",""
ball,1,47.3,West Indies,R Powell,AS Joseph,UT Yadav,1,0,"",""
ball,1,47.4,West Indies,AS Joseph,R Powell,UT Yadav,0,0,"",""
ball,1,47.5,West Indies,AS Joseph,R Powell,UT Yadav,1,0,"",""
ball,1,47.6,West Indies,R Powell,AS Joseph,UT Yadav,1,0,"",""
ball,1,47.7,West Indies,AS Joseph,R Powell,UT Yadav,1,0,"",""
ball,1,48.1,West Indies,AS Joseph,R Powell,Mohammed Shami,0,0,"",""
ball,1,48.2,West Indies,AS Joseph,R Powell,Mohammed Shami,1,0,"",""
ball,1,48.3,West Indies,R Powell,AS Joseph,Mohammed Shami,0,0,"",""
ball,1,48.4,West Indies,R Powell,AS Joseph,Mohammed Shami,6,0,"",""
ball,1,48.5,West Indies,R Powell,AS Joseph,Mohammed Shami,0,0,"",""
ball,1,48.6,West Indies,R Powell,AS Joseph,Mohammed Shami,1,0,"",""
ball,1,49.1,West Indies,R Powell,AS Joseph,UT Yadav,6,0,"",""
ball,1,49.2,West Indies,R Powell,AS Joseph,UT Yadav,0,0,"",""
ball,1,49.3,West Indies,R Powell,AS Joseph,UT Yadav,2,0,"",""
ball,1,49.4,West Indies,R Powell,AS Joseph,UT Yadav,0,0,caught,R Powell
ball,1,49.5,West Indies,KOK Williams,AS Joseph,UT Yadav,0,0,"",""
ball,1,49.6,West Indies,KOK Williams,AS Joseph,UT Yadav,0,0,"",""
ball,2,0.1,India,AM Rahane,S Dhawan,AS Joseph,0,0,"",""
ball,2,0.2,India,AM Rahane,S Dhawan,AS Joseph,0,0,"",""
ball,2,0.3,India,AM Rahane,S Dhawan,AS Joseph,1,0,"",""
ball,2,0.4,India,S Dhawan,AM Rahane,AS Joseph,4,0,"",""
ball,2,0.5,India,S Dhawan,AM Rahane,AS Joseph,0,0,"",""
ball,2,0.6,India,S Dhawan,AM Rahane,AS Joseph,0,0,caught,S Dhawan
ball,2,1.1,India,AM Rahane,V Kohli,JO Holder,0,0,"",""
ball,2,1.2,India,AM Rahane,V Kohli,JO Holder,1,0,"",""
ball,2,1.3,India,V Kohli,AM Rahane,JO Holder,0,0,"",""
ball,2,1.4,India,V Kohli,AM Rahane,JO Holder,0,0,"",""
ball,2,1.5,India,V Kohli,AM Rahane,JO Holder,2,0,"",""
ball,2,1.6,India,V Kohli,AM Rahane,JO Holder,0,0,"",""
ball,2,2.1,India,AM Rahane,V Kohli,AS Joseph,0,0,"",""
ball,2,2.2,India,AM Rahane,V Kohli,AS Joseph,0,0,"",""
ball,2,2.3,India,AM Rahane,V Kohli,AS Joseph,0,0,"",""
ball,2,2.4,India,AM Rahane,V Kohli,AS Joseph,1,0,"",""
ball,2,2.5,India,V Kohli,AM Rahane,AS Joseph,0,0,"",""
ball,2,2.6,India,V Kohli,AM Rahane,AS Joseph,0,0,"",""
ball,2,3.1,India,AM Rahane,V Kohli,JO Holder,2,0,"",""
ball,2,3.2,India,AM Rahane,V Kohli,JO Holder,1,0,"",""
ball,2,3.3,India,V Kohli,AM Rahane,JO Holder,0,0,"",""
ball,2,3.4,India,V Kohli,AM Rahane,JO Holder,0,0,"",""
ball,2,3.5,India,V Kohli,AM Rahane,JO Holder,0,0,"",""
ball,2,3.6,India,V Kohli,AM Rahane,JO Holder,0,0,"",""
ball,2,4.1,India,AM Rahane,V Kohli,AS Joseph,0,0,"",""
ball,2,4.2,India,AM Rahane,V Kohli,AS Joseph,4,0,"",""
ball,2,4.3,India,AM Rahane,V Kohli,AS Joseph,0,0,"",""
ball,2,4.4,India,AM Rahane,V Kohli,AS Joseph,1,0,"",""
ball,2,4.5,India,V Kohli,AM Rahane,AS Joseph,0,0,"",""
ball,2,4.6,India,V Kohli,AM Rahane,AS Joseph,2,0,"",""
ball,2,5.1,India,AM Rahane,V Kohli,JO Holder,4,0,"",""
ball,2,5.2,India,AM Rahane,V Kohli,JO Holder,0,0,"",""
ball,2,5.3,India,AM Rahane,V Kohli,JO Holder,0,0,"",""
ball,2,5.4,India,AM Rahane,V Kohli,JO Holder,4,0,"",""
ball,2,5.5,India,AM Rahane,V Kohli,JO Holder,0,0,"",""
ball,2,5.6,India,AM Rahane,V Kohli,JO Holder,4,0,"",""
ball,2,6.1,India,V Kohli,AM Rahane,AS Joseph,4,0,"",""
ball,2,6.2,India,V Kohli,AM Rahane,AS Joseph,0,0,"",""
ball,2,6.3,India,V Kohli,AM Rahane,AS Joseph,0,0,"",""
ball,2,6.4,India,V Kohli,AM Rahane,AS Joseph,4,0,"",""
ball,2,6.5,India,V Kohli,AM Rahane,AS Joseph,1,0,"",""
ball,2,6.6,India,AM Rahane,V Kohli,AS Joseph,0,0,"",""
ball,2,7.1,India,V Kohli,AM Rahane,JO Holder,0,0,"",""
ball,2,7.2,India,V Kohli,AM Rahane,JO Holder,1,0,"",""
ball,2,7.3,India,AM Rahane,V Kohli,JO Holder,0,0,"",""
ball,2,7.4,India,AM Rahane,V Kohli,JO Holder,1,0,"",""
ball,2,7.5,India,V Kohli,AM Rahane,JO Holder,0,0,"",""
ball,2,7.6,India,V Kohli,AM Rahane,JO Holder,1,0,"",""
ball,2,8.1,India,V Kohli,AM Rahane,AS Joseph,0,0,"",""
ball,2,8.2,India,V Kohli,AM Rahane,AS Joseph,0,0,"",""
ball,2,8.3,India,V Kohli,AM Rahane,AS Joseph,2,0,"",""
ball,2,8.4,India,V Kohli,AM Rahane,AS Joseph,0,0,"",""
ball,2,8.5,India,V Kohli,AM Rahane,AS Joseph,4,0,"",""
ball,2,8.6,India,V Kohli,AM Rahane,AS Joseph,1,0,"",""
ball,2,9.1,India,V Kohli,AM Rahane,JO Holder,0,0,"",""
ball,2,9.2,India,V Kohli,AM Rahane,JO Holder,0,0,"",""
ball,2,9.3,India,V Kohli,AM Rahane,JO Holder,0,0,"",""
ball,2,9.4,India,V Kohli,AM Rahane,JO Holder,0,0,"",""
ball,2,9.5,India,V Kohli,AM Rahane,JO Holder,0,0,"",""
ball,2,9.6,India,V Kohli,AM Rahane,JO Holder,0,0,"",""
ball,2,10.1,India,AM Rahane,V Kohli,D Bishoo,0,0,"",""
ball,2,10.2,India,AM Rahane,V Kohli,D Bishoo,0,0,"",""
ball,2,10.3,India,AM Rahane,V Kohli,D Bishoo,0,0,"",""
ball,2,10.4,India,AM Rahane,V Kohli,D Bishoo,0,0,"",""
ball,2,10.5,India,AM Rahane,V Kohli,D Bishoo,1,0,"",""
ball,2,10.6,India,V Kohli,AM Rahane,D Bishoo,0,0,"",""
ball,2,11.1,India,AM Rahane,V Kohli,KOK Williams,1,0,"",""
ball,2,11.2,India,V Kohli,AM Rahane,KOK Williams,1,0,"",""
ball,2,11.3,India,AM Rahane,V Kohli,KOK Williams,0,0,"",""
ball,2,11.4,India,AM Rahane,V Kohli,KOK Williams,1,0,"",""
ball,2,11.5,India,V Kohli,AM Rahane,KOK Williams,1,0,"",""
ball,2,11.6,India,AM Rahane,V Kohli,KOK Williams,0,0,"",""
ball,2,12.1,India,V Kohli,AM Rahane,D Bishoo,0,0,"",""
ball,2,12.2,India,V Kohli,AM Rahane,D Bishoo,0,0,"",""
ball,2,12.3,India,V Kohli,AM Rahane,D Bishoo,1,0,"",""
ball,2,12.4,India,AM Rahane,V Kohli,D Bishoo,1,0,"",""
ball,2,12.5,India,V Kohli,AM Rahane,D Bishoo,0,0,"",""
ball,2,12.6,India,V Kohli,AM Rahane,D Bishoo,4,0,"",""
ball,2,13.1,India,AM Rahane,V Kohli,KOK Williams,1,0,"",""
ball,2,13.2,India,V Kohli,AM Rahane,KOK Williams,2,0,"",""
ball,2,13.3,India,V Kohli,AM Rahane,KOK Williams,0,0,"",""
ball,2,13.4,India,V Kohli,AM Rahane,KOK Williams,1,0,"",""
ball,2,13.5,India,AM Rahane,V Kohli,KOK Williams,0,0,"",""
ball,2,13.6,India,AM Rahane,V Kohli,KOK Williams,0,0,"",""
ball,2,14.1,India,V Kohli,AM Rahane,D Bishoo,1,0,"",""
ball,2,14.2,India,AM Rahane,V Kohli,D Bishoo,1,0,"",""
ball,2,14.3,India,V Kohli,AM Rahane,D Bishoo,0,0,"",""
ball,2,14.4,India,V Kohli,AM Rahane,D Bishoo,0,0,"",""
ball,2,14.5,India,V Kohli,AM Rahane,D Bishoo,1,0,"",""
ball,2,14.6,India,AM Rahane,V Kohli,D Bishoo,1,0,"",""
ball,2,15.1,India,AM Rahane,V Kohli,KOK Williams,1,0,"",""
ball,2,15.2,India,V Kohli,AM Rahane,KOK Williams,1,0,"",""
ball,2,15.3,India,AM Rahane,V Kohli,KOK Williams,0,0,"",""
ball,2,15.4,India,AM Rahane,V Kohli,KOK Williams,1,0,"",""
ball,2,15.5,India,V Kohli,AM Rahane,KOK Williams,0,0,"",""
ball,2,15.6,India,V Kohli,AM Rahane,KOK Williams,0,0,"",""
ball,2,16.1,India,AM Rahane,V Kohli,D Bishoo,4,0,"",""
ball,2,16.2,India,AM Rahane,V Kohli,D Bishoo,0,0,"",""
ball,2,16.3,India,AM Rahane,V Kohli,D Bishoo,1,0,"",""
ball,2,16.4,India,V Kohli,AM Rahane,D Bishoo,1,0,"",""
ball,2,16.5,India,AM Rahane,V Kohli,D Bishoo,1,0,"",""
ball,2,16.6,India,V Kohli,AM Rahane,D Bishoo,1,0,"",""
ball,2,17.1,India,V Kohli,AM Rahane,KOK Williams,4,0,"",""
ball,2,17.2,India,V Kohli,AM Rahane,KOK Williams,0,0,"",""
ball,2,17.3,India,V Kohli,AM Rahane,KOK Williams,0,0,"",""
ball,2,17.4,India,V Kohli,AM Rahane,KOK Williams,0,0,"",""
ball,2,17.5,India,V Kohli,AM Rahane,KOK Williams,0,0,"",""
ball,2,17.6,India,V Kohli,AM Rahane,KOK Williams,0,0,"",""
ball,2,18.1,India,AM Rahane,V Kohli,D Bishoo,0,0,"",""
ball,2,18.2,India,AM Rahane,V Kohli,D Bishoo,0,0,"",""
ball,2,18.3,India,AM Rahane,V Kohli,D Bishoo,0,0,"",""
ball,2,18.4,India,AM Rahane,V Kohli,D Bishoo,0,0,"",""
ball,2,18.5,India,AM Rahane,V Kohli,D Bishoo,0,0,lbw,AM Rahane
ball,2,18.6,India,KD Karthik,V Kohli,D Bishoo,2,0,"",""
ball,2,19.1,India,V Kohli,KD Karthik,KOK Williams,0,0,"",""
ball,2,19.2,India,V Kohli,KD Karthik,KOK Williams,4,0,"",""
ball,2,19.3,India,V Kohli,KD Karthik,KOK Williams,3,0,"",""
ball,2,19.4,India,KD Karthik,V Kohli,KOK Williams,0,0,"",""
ball,2,19.5,India,KD Karthik,V Kohli,KOK Williams,0,0,"",""
ball,2,19.6,India,KD Karthik,V Kohli,KOK Williams,1,0,"",""
ball,2,20.1,India,KD Karthik,V Kohli,D Bishoo,4,0,"",""
ball,2,20.2,India,KD Karthik,V Kohli,D Bishoo,0,0,"",""
ball,2,20.3,India,KD Karthik,V Kohli,D Bishoo,1,0,"",""
ball,2,20.4,India,V Kohli,KD Karthik,D Bishoo,0,0,"",""
ball,2,20.5,India,V Kohli,KD Karthik,D Bishoo,0,0,"",""
ball,2,20.6,India,V Kohli,KD Karthik,D Bishoo,0,0,"",""
ball,2,21.1,India,KD Karthik,V Kohli,AR Nurse,0,0,"",""
ball,2,21.2,India,KD Karthik,V Kohli,AR Nurse,2,0,"",""
ball,2,21.3,India,KD Karthik,V Kohli,AR Nurse,1,0,"",""
ball,2,21.4,India,V Kohli,KD Karthik,AR Nurse,1,0,"",""
ball,2,21.5,India,KD Karthik,V Kohli,AR Nurse,1,0,"",""
ball,2,21.6,India,V Kohli,KD Karthik,AR Nurse,4,0,"",""
ball,2,22.1,India,KD Karthik,V Kohli,D Bishoo,0,0,"",""
ball,2,22.2,India,KD Karthik,V Kohli,D Bishoo,1,0,"",""
ball,2,22.3,India,V Kohli,KD Karthik,D Bishoo,1,0,"",""
ball,2,22.4,India,KD Karthik,V Kohli,D Bishoo,1,0,"",""
ball,2,22.5,India,V Kohli,KD Karthik,D Bishoo,0,0,"",""
ball,2,22.6,India,V Kohli,KD Karthik,D Bishoo,6,0,"",""
ball,2,23.1,India,KD Karthik,V Kohli,AR Nurse,4,0,"",""
ball,2,23.2,India,KD Karthik,V Kohli,AR Nurse,1,0,"",""
ball,2,23.3,India,V Kohli,KD Karthik,AR Nurse,0,0,"",""
ball,2,23.4,India,V Kohli,KD Karthik,AR Nurse,0,0,"",""
ball,2,23.5,India,V Kohli,KD Karthik,AR Nurse,1,0,"",""
ball,2,23.6,India,KD Karthik,V Kohli,AR Nurse,0,0,"",""
ball,2,24.1,India,V Kohli,KD Karthik,AS Joseph,1,0,"",""
ball,2,24.2,India,KD Karthik,V Kohli,AS Joseph,1,0,"",""
ball,2,24.3,India,V Kohli,KD Karthik,AS Joseph,0,0,"",""
ball,2,24.4,India,V Kohli,KD Karthik,AS Joseph,0,0,"",""
ball,2,24.5,India,V Kohli,KD Karthik,AS Joseph,1,0,"",""
ball,2,24.6,India,KD Karthik,V Kohli,AS Joseph,0,0,"",""
ball,2,25.1,India,V Kohli,KD Karthik,AR Nurse,1,0,"",""
ball,2,25.2,India,KD Karthik,V Kohli,AR Nurse,2,0,"",""
ball,2,25.3,India,KD Karthik,V Kohli,AR Nurse,0,0,"",""
ball,2,25.4,India,KD Karthik,V Kohli,AR Nurse,1,0,"",""
ball,2,25.5,India,V Kohli,KD Karthik,AR Nurse,0,0,"",""
ball,2,25.6,India,V Kohli,KD Karthik,AR Nurse,4,0,"",""
ball,2,26.1,India,KD Karthik,V Kohli,AS Joseph,0,0,"",""
ball,2,26.2,India,KD Karthik,V Kohli,AS Joseph,4,0,"",""
ball,2,26.3,India,KD Karthik,V Kohli,AS Joseph,1,0,"",""
ball,2,26.4,India,V Kohli,KD Karthik,AS Joseph,1,0,"",""
ball,2,26.5,India,KD Karthik,V Kohli,AS Joseph,1,0,"",""
ball,2,26.6,India,V Kohli,KD Karthik,AS Joseph,0,1,"",""
ball,2,27.1,India,V Kohli,KD Karthik,AR Nurse,4,0,"",""
ball,2,27.2,India,V Kohli,KD Karthik,AR Nurse,1,0,"",""
ball,2,27.3,India,KD Karthik,V Kohli,AR Nurse,0,0,"",""
ball,2,27.4,India,KD Karthik,V Kohli,AR Nurse,1,0,"",""
ball,2,27.5,India,V Kohli,KD Karthik,AR Nurse,1,0,"",""
ball,2,27.6,India,KD Karthik,V Kohli,AR Nurse,4,0,"",""
ball,2,28.1,India,V Kohli,KD Karthik,D Bishoo,0,0,"",""
ball,2,28.2,India,V Kohli,KD Karthik,D Bishoo,4,0,"",""
ball,2,28.3,India,V Kohli,KD Karthik,D Bishoo,0,0,"",""
ball,2,28.4,India,V Kohli,KD Karthik,D Bishoo,1,0,"",""
ball,2,28.5,India,KD Karthik,V Kohli,D Bishoo,1,0,"",""
ball,2,28.6,India,V Kohli,KD Karthik,D Bishoo,1,0,"",""
ball,2,29.1,India,V Kohli,KD Karthik,JO Holder,0,0,"",""
ball,2,29.2,India,V Kohli,KD Karthik,JO Holder,1,0,"",""
ball,2,29.3,India,KD Karthik,V Kohli,JO Holder,0,0,"",""
ball,2,29.4,India,KD Karthik,V Kohli,JO Holder,0,0,"",""
ball,2,29.5,India,KD Karthik,V Kohli,JO Holder,0,0,"",""
ball,2,29.6,India,KD Karthik,V Kohli,JO Holder,0,0,"",""
ball,2,30.1,India,V Kohli,KD Karthik,KOK Williams,0,0,"",""
ball,2,30.2,India,V Kohli,KD Karthik,KOK Williams,2,0,"",""
ball,2,30.3,India,V Kohli,KD Karthik,KOK Williams,2,0,"",""
ball,2,30.4,India,V Kohli,KD Karthik,KOK Williams,0,0,"",""
ball,2,30.5,India,V Kohli,KD Karthik,KOK Williams,4,0,"",""
ball,2,30.6,India,V Kohli,KD Karthik,KOK Williams,1,0,"",""
ball,2,31.1,India,V Kohli,KD Karthik,JO Holder,1,0,"",""
ball,2,31.2,India,KD Karthik,V Kohli,JO Holder,0,0,"",""
ball,2,31.3,India,KD Karthik,V Kohli,JO Holder,1,0,"",""
ball,2,31.4,India,V Kohli,KD Karthik,JO Holder,2,0,"",""
ball,2,31.5,India,V Kohli,KD Karthik,JO Holder,0,0,"",""
ball,2,31.6,India,V Kohli,KD Karthik,JO Holder,0,0,"",""
ball,2,32.1,India,KD Karthik,V Kohli,KOK Williams,0,0,"",""
ball,2,32.2,India,KD Karthik,V Kohli,KOK Williams,0,0,"",""
ball,2,32.3,India,KD Karthik,V Kohli,KOK Williams,0,0,"",""
ball,2,32.4,India,KD Karthik,V Kohli,KOK Williams,0,0,"",""
ball,2,32.5,India,KD Karthik,V Kohli,KOK Williams,0,0,"",""
ball,2,32.6,India,KD Karthik,V Kohli,KOK Williams,1,0,"",""
ball,2,33.1,India,KD Karthik,V Kohli,JO Holder,1,0,"",""
ball,2,33.2,India,V Kohli,KD Karthik,JO Holder,0,0,"",""
ball,2,33.3,India,V Kohli,KD Karthik,JO Holder,1,0,"",""
ball,2,33.4,India,KD Karthik,V Kohli,JO Holder,2,0,"",""
ball,2,33.5,India,KD Karthik,V Kohli,JO Holder,0,1,"",""
ball,2,33.6,India,KD Karthik,V Kohli,JO Holder,0,0,"",""
ball,2,33.7,India,KD Karthik,V Kohli,JO Holder,4,0,"",""
ball,2,34.1,India,V Kohli,KD Karthik,KOK Williams,0,0,"",""
ball,2,34.2,India,V Kohli,KD Karthik,KOK Williams,0,0,"",""
ball,2,34.3,India,V Kohli,KD Karthik,KOK Williams,2,0,"",""
ball,2,34.4,India,V Kohli,KD Karthik,KOK Williams,4,0,"",""
ball,2,34.5,India,V Kohli,KD Karthik,KOK Williams,1,0,"",""
ball,2,34.6,India,KD Karthik,V Kohli,KOK Williams,0,0,"",""
ball,2,35.1,India,V Kohli,KD Karthik,R Powell,1,0,"",""
ball,2,35.2,India,KD Karthik,V Kohli,R Powell,0,0,"",""
ball,2,35.3,India,KD Karthik,V Kohli,R Powell,1,0,"",""
ball,2,35.4,India,V Kohli,KD Karthik,R Powell,1,0,"",""
ball,2,35.5,India,KD Karthik,V Kohli,R Powell,3,0,"",""
ball,2,35.6,India,V Kohli,KD Karthik,R Powell,0,0,"",""
ball,2,36.1,India,KD Karthik,V Kohli,RL Chase,1,0,"",""
ball,2,36.2,India,V Kohli,KD Karthik,RL Chase,1,0,"",""
ball,2,36.3,India,KD Karthik,V Kohli,RL Chase,1,0,"",""
ball,2,36.4,India,V Kohli,KD Karthik,RL Chase,0,0,"",""
ball,2,36.5,India,V Kohli,KD Karthik,RL Chase,6,0,"",""
