version,1.3.0
info,team,West Indies
info,team,India
info,gender,male
info,season,2017
info,date,2017/07/02
info,series,India in West Indies ODI Series
info,match_number,4
info,venue,"Sir Vivian Richards Stadium, North Sound"
info,city,Antigua
info,toss_winner,West Indies
info,toss_decision,bat
info,player_of_match,JO Holder
info,umpire,CB Gaffaney
info,umpire,JS Wilson
info,reserve_umpire,N Duguid
info,tv_umpire,HDPK Dharmasena
info,match_referee,DC Boon
info,winner,West Indies
info,winner_runs,11
ball,1,0.1,West Indies,E Lewis,KA Hope,Mohammed Shami,0,0,"",""
ball,1,0.2,West Indies,E Lewis,KA Hope,Mohammed Shami,4,0,"",""
ball,1,0.3,West Indies,E Lewis,KA Hope,Mohammed Shami,0,0,"",""
ball,1,0.4,West Indies,E Lewis,KA Hope,Mohammed Shami,1,0,"",""
ball,1,0.5,West Indies,KA Hope,E Lewis,Mohammed Shami,0,0,"",""
ball,1,0.6,West Indies,KA Hope,E Lewis,Mohammed Shami,0,0,"",""
ball,1,1.1,West Indies,E Lewis,KA Hope,UT Yadav,0,1,"",""
ball,1,1.2,West Indies,E Lewis,KA Hope,UT Yadav,0,0,"",""
ball,1,1.3,West Indies,E Lewis,KA Hope,UT Yadav,0,0,"",""
ball,1,1.4,West Indies,E Lewis,KA Hope,UT Yadav,0,0,"",""
ball,1,1.5,West Indies,E Lewis,KA Hope,UT Yadav,0,1,"",""
ball,1,1.6,West Indies,E Lewis,KA Hope,UT Yadav,0,0,"",""
ball,1,1.7,West Indies,E Lewis,KA Hope,UT Yadav,0,0,"",""
ball,1,1.8,West Indies,E Lewis,KA Hope,UT Yadav,0,0,"",""
ball,1,2.1,West Indies,KA Hope,E Lewis,Mohammed Shami,0,0,"",""
ball,1,2.2,West Indies,KA Hope,E Lewis,Mohammed Shami,0,0,"",""
ball,1,2.3,West Indies,KA Hope,E Lewis,Mohammed Shami,0,0,"",""
ball,1,2.4,West Indies,KA Hope,E Lewis,Mohammed Shami,0,0,"",""
ball,1,2.5,West Indies,KA Hope,E Lewis,Mohammed Shami,0,0,"",""
ball,1,2.6,West Indies,KA Hope,E Lewis,Mohammed Shami,0,0,"",""
ball,1,3.1,West Indies,E Lewis,KA Hope,UT Yadav,0,0,"",""
ball,1,3.2,West Indies,E Lewis,KA Hope,UT Yadav,0,0,"",""
ball,1,3.3,West Indies,E Lewis,KA Hope,UT Yadav,0,0,"",""
ball,1,3.4,West Indies,E Lewis,KA Hope,UT Yadav,0,0,"",""
ball,1,3.5,West Indies,E Lewis,KA Hope,UT Yadav,0,0,"",""
ball,1,3.6,West Indies,E Lewis,KA Hope,UT Yadav,0,0,"",""
ball,1,4.1,West Indies,KA Hope,E Lewis,Mohammed Shami,0,0,"",""
ball,1,4.2,West Indies,KA Hope,E Lewis,Mohammed Shami,0,0,"",""
ball,1,4.3,West Indies,KA Hope,E Lewis,Mohammed Shami,4,0,"",""
ball,1,4.4,West Indies,KA Hope,E Lewis,Mohammed Shami,0,0,"",""
ball,1,4.5,West Indies,KA Hope,E Lewis,Mohammed Shami,5,0,"",""
ball,1,4.6,West Indies,E Lewis,KA Hope,Mohammed Shami,0,0,"",""
ball,1,5.1,West Indies,KA Hope,E Lewis,UT Yadav,0,0,"",""
ball,1,5.2,West Indies,KA Hope,E Lewis,UT Yadav,0,1,"",""
ball,1,5.3,West Indies,KA Hope,E Lewis,UT Yadav,0,0,"",""
ball,1,5.4,West Indies,KA Hope,E Lewis,UT Yadav,0,0,"",""
ball,1,5.5,West Indies,KA Hope,E Lewis,UT Yadav,1,0,"",""
ball,1,5.6,West Indies,E Lewis,KA Hope,UT Yadav,0,0,"",""
ball,1,5.7,West Indies,E Lewis,KA Hope,UT Yadav,0,0,"",""
ball,1,6.1,West Indies,KA Hope,E Lewis,Mohammed Shami,0,0,"",""
ball,1,6.2,West Indies,KA Hope,E Lewis,Mohammed Shami,0,0,"",""
ball,1,6.3,West Indies,KA Hope,E Lewis,Mohammed Shami,0,0,"",""
ball,1,6.4,West Indies,KA Hope,E Lewis,Mohammed Shami,0,0,"",""
ball,1,6.5,West Indies,KA Hope,E Lewis,Mohammed Shami,0,0,"",""
ball,1,6.6,West Indies,KA Hope,E Lewis,Mohammed Shami,0,0,"",""
ball,1,7.1,West Indies,E Lewis,KA Hope,UT Yadav,0,0,"",""
ball,1,7.2,West Indies,E Lewis,KA Hope,UT Yadav,0,1,"",""
ball,1,7.3,West Indies,E Lewis,KA Hope,UT Yadav,6,0,"",""
ball,1,7.4,West Indies,E Lewis,KA Hope,UT Yadav,1,0,"",""
ball,1,7.5,West Indies,KA Hope,E Lewis,UT Yadav,0,0,"",""
ball,1,7.6,West Indies,KA Hope,E Lewis,UT Yadav,1,0,"",""
ball,1,7.7,West Indies,E Lewis,KA Hope,UT Yadav,0,0,"",""
ball,1,8.1,West Indies,KA Hope,E Lewis,Mohammed Shami,0,0,"",""
ball,1,8.2,West Indies,KA Hope,E Lewis,Mohammed Shami,0,0,"",""
ball,1,8.3,West Indies,KA Hope,E Lewis,Mohammed Shami,0,0,"",""
ball,1,8.4,West Indies,KA Hope,E Lewis,Mohammed Shami,0,0,"",""
ball,1,8.5,West Indies,KA Hope,E Lewis,Mohammed Shami,0,0,"",""
ball,1,8.6,West Indies,KA Hope,E Lewis,Mohammed Shami,1,0,"",""
ball,1,9.1,West Indies,KA Hope,E Lewis,UT Yadav,1,0,"",""
ball,1,9.2,West Indies,E Lewis,KA Hope,UT Yadav,2,0,"",""
ball,1,9.3,West Indies,E Lewis,KA Hope,UT Yadav,0,0,"",""
ball,1,9.4,West Indies,E Lewis,KA Hope,UT Yadav,0,0,"",""
ball,1,9.5,West Indies,E Lewis,KA Hope,UT Yadav,0,0,"",""
ball,1,9.6,West Indies,E Lewis,KA Hope,UT Yadav,0,0,"",""
ball,1,10.1,West Indies,KA Hope,E Lewis,RA Jadeja,0,0,"",""
ball,1,10.2,West Indies,KA Hope,E Lewis,RA Jadeja,0,0,"",""
ball,1,10.3,West Indies,KA Hope,E Lewis,RA Jadeja,2,0,"",""
ball,1,10.4,West Indies,KA Hope,E Lewis,RA Jadeja,0,0,"",""
ball,1,10.5,West Indies,KA Hope,E Lewis,RA Jadeja,0,0,"",""
ball,1,10.6,West Indies,KA Hope,E Lewis,RA Jadeja,1,0,"",""
ball,1,11.1,West Indies,KA Hope,E Lewis,HH Pandya,1,0,"",""
ball,1,11.2,West Indies,E Lewis,KA Hope,HH Pandya,1,0,"",""
ball,1,11.3,West Indies,KA Hope,E Lewis,HH Pandya,0,0,"",""
ball,1,11.4,West Indies,KA Hope,E Lewis,HH Pandya,0,0,"",""
ball,1,11.5,West Indies,KA Hope,E Lewis,HH Pandya,0,0,"",""
ball,1,11.6,West Indies,KA Hope,E Lewis,HH Pandya,0,0,"",""
ball,1,12.1,West Indies,E Lewis,KA Hope,RA Jadeja,1,0,"",""
ball,1,12.2,West Indies,KA Hope,E Lewis,RA Jadeja,0,0,"",""
ball,1,12.3,West Indies,KA Hope,E Lewis,RA Jadeja,4,0,"",""
ball,1,12.4,West Indies,KA Hope,E Lewis,RA Jadeja,0,0,"",""
ball,1,12.5,West Indies,KA Hope,E Lewis,RA Jadeja,1,0,"",""
ball,1,12.6,West Indies,E Lewis,KA Hope,RA Jadeja,0,0,"",""
ball,1,13.1,West Indies,KA Hope,E Lewis,HH Pandya,0,0,"",""
ball,1,13.2,West Indies,KA Hope,E Lewis,HH Pandya,0,0,"",""
ball,1,13.3,West Indies,KA Hope,E Lewis,HH Pandya,0,0,"",""
ball,1,13.4,West Indies,KA Hope,E Lewis,HH Pandya,1,0,"",""
ball,1,13.5,West Indies,E Lewis,KA Hope,HH Pandya,0,0,"",""
ball,1,13.6,West Indies,E Lewis,KA Hope,HH Pandya,0,0,"",""
ball,1,14.1,West Indies,KA Hope,E Lewis,RA Jadeja,0,0,"",""
ball,1,14.2,West Indies,KA Hope,E Lewis,RA Jadeja,4,0,"",""
ball,1,14.3,West Indies,KA Hope,E Lewis,RA Jadeja,1,0,"",""
ball,1,14.4,West Indies,E Lewis,KA Hope,RA Jadeja,0,0,"",""
ball,1,14.5,West Indies,E Lewis,KA Hope,RA Jadeja,0,0,"",""
ball,1,14.6,West Indies,E Lewis,KA Hope,RA Jadeja,0,0,"",""
ball,1,15.1,West Indies,KA Hope,E Lewis,HH Pandya,1,0,"",""
ball,1,15.2,West Indies,E Lewis,KA Hope,HH Pandya,1,0,"",""
ball,1,15.3,West Indies,KA Hope,E Lewis,HH Pandya,1,0,"",""
ball,1,15.4,West Indies,E Lewis,KA Hope,HH Pandya,0,0,"",""
ball,1,15.5,West Indies,E Lewis,KA Hope,HH Pandya,0,0,"",""
ball,1,15.6,West Indies,E Lewis,KA Hope,HH Pandya,0,0,"",""
ball,1,16.1,West Indies,KA Hope,E Lewis,RA Jadeja,0,0,"",""
ball,1,16.2,West Indies,KA Hope,E Lewis,RA Jadeja,0,0,"",""
ball,1,16.3,West Indies,KA Hope,E Lewis,RA Jadeja,0,0,"",""
ball,1,16.4,West Indies,KA Hope,E Lewis,RA Jadeja,0,0,"",""
ball,1,16.5,West Indies,KA Hope,E Lewis,RA Jadeja,1,0,"",""
ball,1,16.6,West Indies,E Lewis,KA Hope,RA Jadeja,0,0,"",""
ball,1,17.1,West Indies,KA Hope,E Lewis,HH Pandya,0,1,"",""
ball,1,17.2,West Indies,KA Hope,E Lewis,HH Pandya,4,0,"",""
ball,1,17.3,West Indies,KA Hope,E Lewis,HH Pandya,0,0,caught,KA Hope
ball,1,17.4,West Indies,E Lewis,SD Hope,HH Pandya,1,0,"",""
ball,1,17.5,West Indies,SD Hope,E Lewis,HH Pandya,1,0,"",""
ball,1,17.6,West Indies,E Lewis,SD Hope,HH Pandya,1,0,"",""
ball,1,17.7,West Indies,SD Hope,E Lewis,HH Pandya,0,0,"",""
ball,1,18.1,West Indies,E Lewis,SD Hope,RA Jadeja,0,1,"",""
ball,1,18.2,West Indies,SD Hope,E Lewis,RA Jadeja,1,0,"",""
ball,1,18.3,West Indies,E Lewis,SD Hope,RA Jadeja,0,0,"",""
ball,1,18.4,West Indies,E Lewis,SD Hope,RA Jadeja,1,0,"",""
ball,1,18.5,West Indies,SD Hope,E Lewis,RA Jadeja,0,0,"",""
ball,1,18.6,West Indies,SD Hope,E Lewis,RA Jadeja,0,0,"",""
ball,1,19.1,West Indies,E Lewis,SD Hope,HH Pandya,0,0,"",""
ball,1,19.2,West Indies,E Lewis,SD Hope,HH Pandya,0,0,"",""
ball,1,19.3,West Indies,E Lewis,SD Hope,HH Pandya,0,1,"",""
ball,1,19.4,West Indies,E Lewis,SD Hope,HH Pandya,0,0,"",""
ball,1,19.5,West Indies,E Lewis,SD Hope,HH Pandya,4,0,"",""
ball,1,19.6,West Indies,E Lewis,SD Hope,HH Pandya,1,0,"",""
ball,1,19.7,West Indies,SD Hope,E Lewis,HH Pandya,0,0,"",""
ball,1,20.1,West Indies,E Lewis,SD Hope,RA Jadeja,6,0,"",""
ball,1,20.2,West Indies,E Lewis,SD Hope,RA Jadeja,0,0,"",""
ball,1,20.3,West Indies,E Lewis,SD Hope,RA Jadeja,2,0,"",""
ball,1,20.4,West Indies,E Lewis,SD Hope,RA Jadeja,0,0,"",""
ball,1,20.5,West Indies,E Lewis,SD Hope,RA Jadeja,1,0,"",""
ball,1,20.6,West Indies,SD Hope,E Lewis,RA Jadeja,0,0,"",""
ball,1,21.1,West Indies,E Lewis,SD Hope,Kuldeep Yadav,0,0,"",""
ball,1,21.2,West Indies,E Lewis,SD Hope,Kuldeep Yadav,1,0,"",""
ball,1,21.3,West Indies,SD Hope,E Lewis,Kuldeep Yadav,1,0,"",""
ball,1,21.4,West Indies,E Lewis,SD Hope,Kuldeep Yadav,0,0,"",""
ball,1,21.5,West Indies,E Lewis,SD Hope,Kuldeep Yadav,0,0,caught,E Lewis
ball,1,21.6,West Indies,RL Chase,SD Hope,Kuldeep Yadav,0,0,"",""
ball,1,22.1,West Indies,SD Hope,RL Chase,RA Jadeja,0,0,"",""
ball,1,22.2,West Indies,SD Hope,RL Chase,RA Jadeja,4,0,"",""
ball,1,22.3,West Indies,SD Hope,RL Chase,RA Jadeja,1,0,"",""
ball,1,22.4,West Indies,RL Chase,SD Hope,RA Jadeja,0,0,"",""
ball,1,22.5,West Indies,RL Chase,SD Hope,RA Jadeja,0,0,"",""
ball,1,22.6,West Indies,RL Chase,SD Hope,RA Jadeja,0,0,"",""
ball,1,23.1,West Indies,SD Hope,RL Chase,Kuldeep Yadav,1,0,"",""
ball,1,23.2,West Indies,RL Chase,SD Hope,Kuldeep Yadav,0,0,"",""
ball,1,23.3,West Indies,RL Chase,SD Hope,Kuldeep Yadav,2,0,"",""
ball,1,23.4,West Indies,RL Chase,SD Hope,Kuldeep Yadav,1,0,"",""
ball,1,23.5,West Indies,SD Hope,RL Chase,Kuldeep Yadav,0,0,"",""
ball,1,23.6,West Indies,SD Hope,RL Chase,Kuldeep Yadav,0,0,"",""
ball,1,24.1,West Indies,RL Chase,SD Hope,RA Jadeja,2,0,"",""
ball,1,24.2,West Indies,RL Chase,SD Hope,RA Jadeja,0,0,"",""
ball,1,24.3,West Indies,RL Chase,SD Hope,RA Jadeja,0,0,"",""
ball,1,24.4,West Indies,RL Chase,SD Hope,RA Jadeja,1,0,"",""
ball,1,24.5,West Indies,SD Hope,RL Chase,RA Jadeja,1,0,"",""
ball,1,24.6,West Indies,RL Chase,SD Hope,RA Jadeja,4,0,"",""
ball,1,25.1,West Indies,SD Hope,RL Chase,Kuldeep Yadav,1,0,"",""
ball,1,25.2,West Indies,RL Chase,SD Hope,Kuldeep Yadav,0,0,"",""
ball,1,25.3,West Indies,RL Chase,SD Hope,Kuldeep Yadav,0,0,"",""
ball,1,25.4,West Indies,RL Chase,SD Hope,Kuldeep Yadav,0,0,"",""
ball,1,25.5,West Indies,RL Chase,SD Hope,Kuldeep Yadav,0,0,"",""
ball,1,25.6,West Indies,RL Chase,SD Hope,Kuldeep Yadav,1,0,"",""
ball,1,26.1,West Indies,RL Chase,SD Hope,RA Jadeja,0,0,"",""
ball,1,26.2,West Indies,RL Chase,SD Hope,RA Jadeja,1,0,"",""
ball,1,26.3,West Indies,SD Hope,RL Chase,RA Jadeja,0,0,"",""
ball,1,26.4,West Indies,SD Hope,RL Chase,RA Jadeja,0,0,"",""
ball,1,26.5,West Indies,SD Hope,RL Chase,RA Jadeja,1,0,"",""
ball,1,26.6,West Indies,RL Chase,SD Hope,RA Jadeja,2,0,"",""
ball,1,27.1,West Indies,SD Hope,RL Chase,Kuldeep Yadav,1,0,"",""
ball,1,27.2,West Indies,RL Chase,SD Hope,Kuldeep Yadav,0,0,"",""
ball,1,27.3,West Indies,RL Chase,SD Hope,Kuldeep Yadav,1,0,"",""
ball,1,27.4,West Indies,SD Hope,RL Chase,Kuldeep Yadav,1,0,"",""
ball,1,27.5,West Indies,RL Chase,SD Hope,Kuldeep Yadav,4,0,"",""
ball,1,27.6,West Indies,RL Chase,SD Hope,Kuldeep Yadav,0,0,"",""
ball,1,28.1,West Indies,SD Hope,RL Chase,RA Jadeja,0,0,"",""
ball,1,28.2,West Indies,SD Hope,RL Chase,RA Jadeja,1,0,"",""
ball,1,28.3,West Indies,RL Chase,SD Hope,RA Jadeja,1,0,"",""
ball,1,28.4,West Indies,SD Hope,RL Chase,RA Jadeja,1,0,"",""
ball,1,28.5,West Indies,RL Chase,SD Hope,RA Jadeja,1,0,"",""
ball,1,28.6,West Indies,SD Hope,RL Chase,RA Jadeja,1,0,"",""
ball,1,29.1,West Indies,SD Hope,RL Chase,Kuldeep Yadav,0,0,"",""
ball,1,29.2,West Indies,SD Hope,RL Chase,Kuldeep Yadav,1,0,"",""
ball,1,29.3,West Indies,RL Chase,SD Hope,Kuldeep Yadav,0,0,"",""
ball,1,29.4,West Indies,RL Chase,SD Hope,Kuldeep Yadav,0,0,"",""
ball,1,29.5,West Indies,RL Chase,SD Hope,Kuldeep Yadav,0,0,"",""
ball,1,29.6,West Indies,RL Chase,SD Hope,Kuldeep Yadav,1,0,"",""
ball,1,30.1,West Indies,RL Chase,SD Hope,HH Pandya,1,0,"",""
ball,1,30.2,West Indies,SD Hope,RL Chase,HH Pandya,0,0,"",""
ball,1,30.3,West Indies,SD Hope,RL Chase,HH Pandya,0,1,"",""
ball,1,30.4,West Indies,SD Hope,RL Chase,HH Pandya,0,0,"",""
ball,1,30.5,West Indies,SD Hope,RL Chase,HH Pandya,0,0,"",""
ball,1,30.6,West Indies,SD Hope,RL Chase,HH Pandya,1,0,"",""
ball,1,30.7,West Indies,RL Chase,SD Hope,HH Pandya,1,0,"",""
ball,1,31.1,West Indies,RL Chase,SD Hope,Kuldeep Yadav,0,0,"",""
ball,1,31.2,West Indies,RL Chase,SD Hope,Kuldeep Yadav,0,0,bowled,RL Chase
ball,1,31.3,West Indies,JN Mohammed,SD Hope,Kuldeep Yadav,0,0,"",""
ball,1,31.4,West Indies,JN Mohammed,SD Hope,Kuldeep Yadav,0,0,"",""
ball,1,31.5,West Indies,JN Mohammed,SD Hope,Kuldeep Yadav,0,0,"",""
ball,1,31.6,West Indies,JN Mohammed,SD Hope,Kuldeep Yadav,0,0,"",""
ball,1,32.1,West Indies,SD Hope,JN Mohammed,HH Pandya,1,0,"",""
ball,1,32.2,West Indies,JN Mohammed,SD Hope,HH Pandya,0,0,"",""
ball,1,32.3,West Indies,JN Mohammed,SD Hope,HH Pandya,1,0,"",""
ball,1,32.4,West Indies,SD Hope,JN Mohammed,HH Pandya,1,0,"",""
ball,1,32.5,West Indies,JN Mohammed,SD Hope,HH Pandya,0,0,"",""
ball,1,32.6,West Indies,JN Mohammed,SD Hope,HH Pandya,0,0,"",""
ball,1,33.1,West Indies,SD Hope,JN Mohammed,Kuldeep Yadav,1,0,"",""
ball,1,33.2,West Indies,JN Mohammed,SD Hope,Kuldeep Yadav,0,0,"",""
ball,1,33.3,West Indies,JN Mohammed,SD Hope,Kuldeep Yadav,4,0,"",""
ball,1,33.4,West Indies,JN Mohammed,SD Hope,Kuldeep Yadav,1,0,"",""
ball,1,33.5,West Indies,SD Hope,JN Mohammed,Kuldeep Yadav,1,0,"",""
ball,1,33.6,West Indies,JN Mohammed,SD Hope,Kuldeep Yadav,0,0,"",""
ball,1,34.1,West Indies,SD Hope,JN Mohammed,HH Pandya,1,0,"",""
ball,1,34.2,West Indies,JN Mohammed,SD Hope,HH Pandya,1,0,"",""
ball,1,34.3,West Indies,SD Hope,JN Mohammed,HH Pandya,0,0,"",""
ball,1,34.4,West Indies,SD Hope,JN Mohammed,HH Pandya,0,1,"",""
ball,1,34.5,West Indies,SD Hope,JN Mohammed,HH Pandya,1,0,"",""
ball,1,34.6,West Indies,JN Mohammed,SD Hope,HH Pandya,1,0,"",""
ball,1,34.7,West Indies,SD Hope,JN Mohammed,HH Pandya,0,0,caught,SD Hope
ball,1,35.1,West Indies,JN Mohammed,JO Holder,Mohammed Shami,0,0,"",""
ball,1,35.2,West Indies,JN Mohammed,JO Holder,Mohammed Shami,0,0,"",""
ball,1,35.3,West Indies,JN Mohammed,JO Holder,Mohammed Shami,0,0,"",""
ball,1,35.4,West Indies,JN Mohammed,JO Holder,Mohammed Shami,1,0,"",""
ball,1,35.5,West Indies,JO Holder,JN Mohammed,Mohammed Shami,2,0,"",""
ball,1,35.6,West Indies,JO Holder,JN Mohammed,Mohammed Shami,1,0,"",""
ball,1,36.1,West Indies,JO Holder,JN Mohammed,HH Pandya,4,0,"",""
ball,1,36.2,West Indies,JO Holder,JN Mohammed,HH Pandya,0,0,"",""
ball,1,36.3,West Indies,JO Holder,JN Mohammed,HH Pandya,1,0,"",""
ball,1,36.4,West Indies,JN Mohammed,JO Holder,HH Pandya,0,0,"",""
ball,1,36.5,West Indies,JN Mohammed,JO Holder,HH Pandya,2,0,"",""
ball,1,36.6,West Indies,JN Mohammed,JO Holder,HH Pandya,0,0,"",""
ball,1,37.1,West Indies,JO Holder,JN Mohammed,Mohammed Shami,1,0,"",""
ball,1,37.2,West Indies,JN Mohammed,JO Holder,Mohammed Shami,1,0,"",""
ball,1,37.3,West Indies,JO Holder,JN Mohammed,Mohammed Shami,1,0,"",""
ball,1,37.4,West Indies,JN Mohammed,JO Holder,Mohammed Shami,3,0,"",""
ball,1,37.5,West Indies,JO Holder,JN Mohammed,Mohammed Shami,0,0,"",""
ball,1,37.6,West Indies,JO Holder,JN Mohammed,Mohammed Shami,1,0,"",""
ball,1,38.1,West Indies,JO Holder,JN Mohammed,UT Yadav,0,0,caught,JO Holder
ball,1,38.2,West Indies,R Powell,JN Mohammed,UT Yadav,0,0,"",""
ball,1,38.3,West Indies,R Powell,JN Mohammed,UT Yadav,1,0,"",""
ball,1,38.4,West Indies,JN Mohammed,R Powell,UT Yadav,0,0,"",""
ball,1,38.5,West Indies,JN Mohammed,R Powell,UT Yadav,0,0,"",""
ball,1,38.6,West Indies,JN Mohammed,R Powell,UT Yadav,1,0,"",""
ball,1,39.1,West Indies,JN Mohammed,R Powell,Kuldeep Yadav,1,0,"",""
ball,1,39.2,West Indies,R Powell,JN Mohammed,Kuldeep Yadav,0,0,"",""
ball,1,39.3,West Indies,R Powell,JN Mohammed,Kuldeep Yadav,0,0,"",""
ball,1,39.4,West Indies,R Powell,JN Mohammed,Kuldeep Yadav,0,0,"",""
ball,1,39.5,West Indies,R Powell,JN Mohammed,Kuldeep Yadav,0,0,"",""
ball,1,39.6,West Indies,R Powell,JN Mohammed,Kuldeep Yadav,0,0,"",""
ball,1,40.1,West Indies,JN Mohammed,R Powell,UT Yadav,0,0,"",""
ball,1,40.2,West Indies,JN Mohammed,R Powell,UT Yadav,0,1,"",""
ball,1,40.3,West Indies,JN Mohammed,R Powell,UT Yadav,1,0,"",""
ball,1,40.4,West Indies,R Powell,JN Mohammed,UT Yadav,1,0,"",""
ball,1,40.5,West Indies,JN Mohammed,R Powell,UT Yadav,1,0,"",""
ball,1,40.6,West Indies,R Powell,JN Mohammed,UT Yadav,0,0,caught,R Powell
ball,1,40.7,West Indies,JN Mohammed,AR Nurse,UT Yadav,1,0,"",""
ball,1,41.1,West Indies,JN Mohammed,AR Nurse,HH Pandya,0,0,"",""
ball,1,41.2,West Indies,JN Mohammed,AR Nurse,HH Pandya,0,0,caught,JN Mohammed
ball,1,41.3,West Indies,D Bishoo,AR Nurse,HH Pandya,0,0,"",""
ball,1,41.4,West Indies,D Bishoo,AR Nurse,HH Pandya,0,0,"",""
ball,1,41.5,West Indies,D Bishoo,AR Nurse,HH Pandya,1,0,"",""
ball,1,41.6,West Indies,AR Nurse,D Bishoo,HH Pandya,0,0,"",""
ball,1,42.1,West Indies,D Bishoo,AR Nurse,UT Yadav,0,0,"",""
ball,1,42.2,West Indies,D Bishoo,AR Nurse,UT Yadav,0,0,"",""
ball,1,42.3,West Indies,D Bishoo,AR Nurse,UT Yadav,1,0,"",""
ball,1,42.4,West Indies,AR Nurse,D Bishoo,UT Yadav,1,0,"",""
ball,1,42.5,West Indies,D Bishoo,AR Nurse,UT Yadav,0,0,"",""
ball,1,42.6,West Indies,D Bishoo,AR Nurse,UT Yadav,1,0,"",""
ball,1,43.1,West Indies,D Bishoo,AR Nurse,Kuldeep Yadav,0,0,"",""
ball,1,43.2,West Indies,D Bishoo,AR Nurse,Kuldeep Yadav,0,0,"",""
ball,1,43.3,West Indies,D Bishoo,AR Nurse,Kuldeep Yadav,2,0,"",""
ball,1,43.4,West Indies,D Bishoo,AR Nurse,Kuldeep Yadav,1,0,"",""
ball,1,43.5,West Indies,AR Nurse,D Bishoo,Kuldeep Yadav,0,0,"",""
ball,1,43.6,West Indies,AR Nurse,D Bishoo,Kuldeep Yadav,0,0,"",""
ball,1,44.1,West Indies,D Bishoo,AR Nurse,Mohammed Shami,0,0,"",""
ball,1,44.2,West Indies,D Bishoo,AR Nurse,Mohammed Shami,1,0,"",""
ball,1,44.3,West Indies,AR Nurse,D Bishoo,Mohammed Shami,1,0,"",""
ball,1,44.4,West Indies,D Bishoo,AR Nurse,Mohammed Shami,0,0,"",""
ball,1,44.5,West Indies,D Bishoo,AR Nurse,Mohammed Shami,0,0,"",""
ball,1,44.6,West Indies,D Bishoo,AR Nurse,Mohammed Shami,1,0,"",""
ball,1,45.1,West Indies,D Bishoo,AR Nurse,Kuldeep Yadav,0,0,"",""
ball,1,45.2,West Indies,D Bishoo,AR Nurse,Kuldeep Yadav,1,0,"",""
ball,1,45.3,West Indies,AR Nurse,D Bishoo,Kuldeep Yadav,0,0,"",""
ball,1,45.4,West Indies,AR Nurse,D Bishoo,Kuldeep Yadav,1,0,"",""
ball,1,45.5,West Indies,D Bishoo,AR Nurse,Kuldeep Yadav,1,0,"",""
ball,1,45.6,West Indies,AR Nurse,D Bishoo,Kuldeep Yadav,0,0,"",""
ball,1,46.1,West Indies,D Bishoo,AR Nurse,Mohammed Shami,1,0,"",""
ball,1,46.2,West Indies,AR Nurse,D Bishoo,Mohammed Shami,1,0,"",""
ball,1,46.3,West Indies,D Bishoo,AR Nurse,Mohammed Shami,0,0,"",""
ball,1,46.4,West Indies,D Bishoo,AR Nurse,Mohammed Shami,1,0,"",""
ball,1,46.5,West Indies,AR Nurse,D Bishoo,Mohammed Shami,0,0,"",""
ball,1,46.6,West Indies,AR Nurse,D Bishoo,Mohammed Shami,0,0,"",""
ball,1,47.1,West Indies,D Bishoo,AR Nurse,UT Yadav,1,0,"",""
ball,1,47.2,West Indies,AR Nurse,D Bishoo,UT Yadav,0,0,caught and bowled,AR Nurse
ball,1,47.3,West Indies,AS Joseph,D Bishoo,UT Yadav,0,1,"",""
ball,1,47.4,West Indies,AS Joseph,D Bishoo,UT Yadav,1,0,"",""
ball,1,47.5,West Indies,D Bishoo,AS Joseph,UT Yadav,0,0,"",""
ball,1,47.6,West Indies,D Bishoo,AS Joseph,UT Yadav,0,0,"",""
ball,1,47.7,West Indies,D Bishoo,AS Joseph,UT Yadav,2,0,"",""
ball,1,48.1,West Indies,AS Joseph,D Bishoo,Mohammed Shami,1,0,"",""
ball,1,48.2,West Indies,D Bishoo,AS Joseph,Mohammed Shami,0,0,"",""
ball,1,48.3,West Indies,D Bishoo,AS Joseph,Mohammed Shami,0,0,"",""
ball,1,48.4,West Indies,D Bishoo,AS Joseph,Mohammed Shami,0,0,run out,D Bishoo
ball,1,48.5,West Indies,AS Joseph,KOK Williams,Mohammed Shami,0,0,"",""
ball,1,48.6,West Indies,AS Joseph,KOK Williams,Mohammed Shami,0,0,"",""
ball,1,49.1,West Indies,KOK Williams,AS Joseph,UT Yadav,0,0,"",""
ball,1,49.2,West Indies,KOK Williams,AS Joseph,UT Yadav,1,0,"",""
ball,1,49.3,West Indies,AS Joseph,KOK Williams,UT Yadav,0,0,"",""
ball,1,49.4,West Indies,AS Joseph,KOK Williams,UT Yadav,2,0,"",""
ball,1,49.5,West Indies,AS Joseph,KOK Williams,UT Yadav,1,0,"",""
ball,1,49.6,West Indies,KOK Williams,AS Joseph,UT Yadav,1,0,"",""
ball,2,0.1,India,AM Rahane,S Dhawan,AS Joseph,0,0,"",""
ball,2,0.2,India,AM Rahane,S Dhawan,AS Joseph,0,0,"",""
ball,2,0.3,India,AM Rahane,S Dhawan,AS Joseph,2,0,"",""
ball,2,0.4,India,AM Rahane,S Dhawan,AS Joseph,1,0,"",""
ball,2,0.5,India,S Dhawan,AM Rahane,AS Joseph,0,0,"",""
ball,2,0.6,India,S Dhawan,AM Rahane,AS Joseph,1,0,"",""
ball,2,1.1,India,S Dhawan,AM Rahane,JO Holder,0,0,"",""
ball,2,1.2,India,S Dhawan,AM Rahane,JO Holder,0,1,"",""
ball,2,1.3,India,S Dhawan,AM Rahane,JO Holder,0,0,"",""
ball,2,1.4,India,S Dhawan,AM Rahane,JO Holder,3,0,"",""
ball,2,1.5,India,AM Rahane,S Dhawan,JO Holder,1,0,"",""
ball,2,1.6,India,S Dhawan,AM Rahane,JO Holder,1,0,"",""
ball,2,1.7,India,AM Rahane,S Dhawan,JO Holder,0,0,"",""
ball,2,2.1,India,S Dhawan,AM Rahane,AS Joseph,0,0,caught,S Dhawan
ball,2,2.2,India,V Kohli,AM Rahane,AS Joseph,0,0,"",""
ball,2,2.3,India,V Kohli,AM Rahane,AS Joseph,0,0,"",""
ball,2,2.4,India,V Kohli,AM Rahane,AS Joseph,0,0,"",""
ball,2,2.5,India,V Kohli,AM Rahane,AS Joseph,0,0,"",""
ball,2,2.6,India,V Kohli,AM Rahane,AS Joseph,0,0,"",""
ball,2,3.1,India,AM Rahane,V Kohli,JO Holder,0,0,"",""
ball,2,3.2,India,AM Rahane,V Kohli,JO Holder,4,0,"",""
ball,2,3.3,India,AM Rahane,V Kohli,JO Holder,0,0,"",""
ball,2,3.4,India,AM Rahane,V Kohli,JO Holder,0,0,"",""
ball,2,3.5,India,AM Rahane,V Kohli,JO Holder,0,0,"",""
ball,2,3.6,India,AM Rahane,V Kohli,JO Holder,0,0,"",""
ball,2,4.1,India,V Kohli,AM Rahane,AS Joseph,3,0,"",""
ball,2,4.2,India,AM Rahane,V Kohli,AS Joseph,0,0,"",""
ball,2,4.3,India,AM Rahane,V Kohli,AS Joseph,4,0,"",""
ball,2,4.4,India,AM Rahane,V Kohli,AS Joseph,4,0,"",""
ball,2,4.5,India,AM Rahane,V Kohli,AS Joseph,0,0,"",""
ball,2,4.6,India,AM Rahane,V Kohli,AS Joseph,0,0,"",""
ball,2,5.1,India,V Kohli,AM Rahane,JO Holder,0,0,"",""
ball,2,5.2,India,V Kohli,AM Rahane,JO Holder,0,0,"",""
ball,2,5.3,India,V Kohli,AM Rahane,JO Holder,0,0,"",""
ball,2,5.4,India,V Kohli,AM Rahane,JO Holder,0,0,"",""
ball,2,5.5,India,V Kohli,AM Rahane,JO Holder,0,0,"",""
ball,2,5.6,India,V Kohli,AM Rahane,JO Holder,0,0,caught,V Kohli
ball,2,6.1,India,AM Rahane,KD Karthik,AS Joseph,2,0,"",""
ball,2,6.2,India,AM Rahane,KD Karthik,AS Joseph,0,0,"",""
ball,2,6.3,India,AM Rahane,KD Karthik,AS Joseph,0,0,"",""
ball,2,6.4,India,AM Rahane,KD Karthik,AS Joseph,4,0,"",""
ball,2,6.5,India,AM Rahane,KD Karthik,AS Joseph,1,0,"",""
ball,2,6.6,India,KD Karthik,AM Rahane,AS Joseph,0,0,"",""
ball,2,7.1,India,AM Rahane,KD Karthik,JO Holder,0,0,"",""
ball,2,7.2,India,AM Rahane,KD Karthik,JO Holder,0,0,"",""
ball,2,7.3,India,AM Rahane,KD Karthik,JO Holder,1,0,"",""
ball,2,7.4,India,KD Karthik,AM Rahane,JO Holder,0,0,"",""
ball,2,7.5,India,KD Karthik,AM Rahane,JO Holder,0,0,"",""
ball,2,7.6,India,KD Karthik,AM Rahane,JO Holder,0,0,"",""
ball,2,8.1,India,AM Rahane,KD Karthik,AS Joseph,0,0,"",""
ball,2,8.2,India,AM Rahane,KD Karthik,AS Joseph,0,0,"",""
ball,2,8.3,India,AM Rahane,KD Karthik,AS Joseph,0,0,"",""
ball,2,8.4,India,AM Rahane,KD Karthik,AS Joseph,0,0,"",""
ball,2,8.5,India,AM Rahane,KD Karthik,AS Joseph,0,0,"",""
ball,2,8.6,India,AM Rahane,KD Karthik,AS Joseph,0,0,"",""
ball,2,9.1,India,KD Karthik,AM Rahane,JO Holder,0,0,"",""
ball,2,9.2,India,KD Karthik,AM Rahane,JO Holder,0,0,"",""
ball,2,9.3,India,KD Karthik,AM Rahane,JO Holder,0,0,"",""
ball,2,9.4,India,KD Karthik,AM Rahane,JO Holder,0,0,"",""
ball,2,9.5,India,KD Karthik,AM Rahane,JO Holder,0,0,"",""
ball,2,9.6,India,KD Karthik,AM Rahane,JO Holder,0,0,"",""
ball,2,10.1,India,AM Rahane,KD Karthik,AS Joseph,0,0,"",""
ball,2,10.2,India,AM Rahane,KD Karthik,AS Joseph,4,0,"",""
ball,2,10.3,India,AM Rahane,KD Karthik,AS Joseph,0,0,"",""
ball,2,10.4,India,AM Rahane,KD Karthik,AS Joseph,1,0,"",""
ball,2,10.5,India,KD Karthik,AM Rahane,AS Joseph,0,0,"",""
ball,2,10.6,India,KD Karthik,AM Rahane,AS Joseph,0,0,"",""
ball,2,11.1,India,AM Rahane,KD Karthik,JO Holder,1,0,"",""
ball,2,11.2,India,KD Karthik,AM Rahane,JO Holder,0,1,"",""
ball,2,11.3,India,KD Karthik,AM Rahane,JO Holder,0,0,"",""
ball,2,11.4,India,KD Karthik,AM Rahane,JO Holder,2,0,"",""
ball,2,11.5,India,KD Karthik,AM Rahane,JO Holder,0,0,"",""
ball,2,11.6,India,KD Karthik,AM Rahane,JO Holder,0,0,"",""
ball,2,11.7,India,KD Karthik,AM Rahane,JO Holder,0,0,"",""
ball,2,12.1,India,AM Rahane,KD Karthik,AS Joseph,4,0,"",""
ball,2,12.2,India,AM Rahane,KD Karthik,AS Joseph,1,0,"",""
ball,2,12.3,India,KD Karthik,AM Rahane,AS Joseph,0,0,"",""
ball,2,12.4,India,KD Karthik,AM Rahane,AS Joseph,0,0,caught,KD Karthik
ball,2,12.5,India,MS Dhoni,AM Rahane,AS Joseph,1,0,"",""
ball,2,12.6,India,AM Rahane,MS Dhoni,AS Joseph,0,0,"",""
ball,2,13.1,India,MS Dhoni,AM Rahane,JO Holder,0,0,"",""
ball,2,13.2,India,MS Dhoni,AM Rahane,JO Holder,0,0,"",""
ball,2,13.3,India,MS Dhoni,AM Rahane,JO Holder,1,0,"",""
ball,2,13.4,India,AM Rahane,MS Dhoni,JO Holder,0,0,"",""
ball,2,13.5,India,AM Rahane,MS Dhoni,JO Holder,0,0,"",""
ball,2,13.6,India,AM Rahane,MS Dhoni,JO Holder,0,0,"",""
ball,2,14.1,India,MS Dhoni,AM Rahane,KOK Williams,1,0,"",""
ball,2,14.2,India,AM Rahane,MS Dhoni,KOK Williams,1,0,"",""
ball,2,14.3,India,MS Dhoni,AM Rahane,KOK Williams,0,0,"",""
ball,2,14.4,India,MS Dhoni,AM Rahane,KOK Williams,0,1,"",""
ball,2,14.5,India,MS Dhoni,AM Rahane,KOK Williams,1,0,"",""
ball,2,14.6,India,AM Rahane,MS Dhoni,KOK Williams,0,0,"",""
ball,2,14.7,India,AM Rahane,MS Dhoni,KOK Williams,0,0,"",""
ball,2,15.1,India,MS Dhoni,AM Rahane,D Bishoo,0,0,"",""
ball,2,15.2,India,MS Dhoni,AM Rahane,D Bishoo,0,0,"",""
ball,2,15.3,India,MS Dhoni,AM Rahane,D Bishoo,0,0,"",""
ball,2,15.4,India,MS Dhoni,AM Rahane,D Bishoo,0,0,"",""
ball,2,15.5,India,MS Dhoni,AM Rahane,D Bishoo,0,0,"",""
ball,2,15.6,India,MS Dhoni,AM Rahane,D Bishoo,0,0,"",""
ball,2,16.1,India,AM Rahane,MS Dhoni,KOK Williams,1,0,"",""
ball,2,16.2,India,MS Dhoni,AM Rahane,KOK Williams,1,0,"",""
ball,2,16.3,India,AM Rahane,MS Dhoni,KOK Williams,1,0,"",""
ball,2,16.4,India,MS Dhoni,AM Rahane,KOK Williams,3,0,"",""
ball,2,16.5,India,AM Rahane,MS Dhoni,KOK Williams,0,0,"",""
ball,2,16.6,India,AM Rahane,MS Dhoni,KOK Williams,0,0,"",""
ball,2,17.1,India,MS Dhoni,AM Rahane,D Bishoo,0,0,"",""
ball,2,17.2,India,MS Dhoni,AM Rahane,D Bishoo,0,0,"",""
ball,2,17.3,India,MS Dhoni,AM Rahane,D Bishoo,3,0,"",""
ball,2,17.4,India,AM Rahane,MS Dhoni,D Bishoo,0,0,"",""
ball,2,17.5,India,AM Rahane,MS Dhoni,D Bishoo,1,0,"",""
ball,2,17.6,India,MS Dhoni,AM Rahane,D Bishoo,0,0,"",""
ball,2,18.1,India,AM Rahane,MS Dhoni,KOK Williams,0,1,"",""
ball,2,18.2,India,AM Rahane,MS Dhoni,KOK Williams,0,0,"",""
ball,2,18.3,India,AM Rahane,MS Dhoni,KOK Williams,0,0,"",""
ball,2,18.4,India,AM Rahane,MS Dhoni,KOK Williams,0,0,"",""
ball,2,18.5,India,AM Rahane,MS Dhoni,KOK Williams,0,0,"",""
ball,2,18.6,India,AM Rahane,MS Dhoni,KOK Williams,0,0,"",""
ball,2,18.7,India,AM Rahane,MS Dhoni,KOK Williams,1,0,"",""
ball,2,19.1,India,AM Rahane,MS Dhoni,D Bishoo,1,0,"",""
ball,2,19.2,India,MS Dhoni,AM Rahane,D Bishoo,1,0,"",""
ball,2,19.3,India,AM Rahane,MS Dhoni,D Bishoo,1,0,"",""
ball,2,19.4,India,MS Dhoni,AM Rahane,D Bishoo,0,0,"",""
ball,2,19.5,India,MS Dhoni,AM Rahane,D Bishoo,1,0,"",""
ball,2,19.6,India,AM Rahane,MS Dhoni,D Bishoo,4,0,"",""
ball,2,20.1,India,MS Dhoni,AM Rahane,KOK Williams,0,0,"",""
ball,2,20.2,India,MS Dhoni,AM Rahane,KOK Williams,0,0,"",""
ball,2,20.3,India,MS Dhoni,AM Rahane,KOK Williams,0,0,"",""
ball,2,20.4,India,MS Dhoni,AM Rahane,KOK Williams,0,0,"",""
ball,2,20.5,India,MS Dhoni,AM Rahane,KOK Williams,1,0,"",""
ball,2,20.6,India,AM Rahane,MS Dhoni,KOK Williams,0,0,"",""
ball,2,21.1,India,MS Dhoni,AM Rahane,D Bishoo,0,0,"",""
ball,2,21.2,India,MS Dhoni,AM Rahane,D Bishoo,1,0,"",""
ball,2,21.3,India,AM Rahane,MS Dhoni,D Bishoo,0,0,"",""
ball,2,21.4,India,AM Rahane,MS Dhoni,D Bishoo,1,0,"",""
ball,2,21.5,India,MS Dhoni,AM Rahane,D Bishoo,0,0,"",""
ball,2,21.6,India,MS Dhoni,AM Rahane,D Bishoo,1,0,"",""
ball,2,22.1,India,MS Dhoni,AM Rahane,KOK Williams,0,0,"",""
ball,2,22.2,India,MS Dhoni,AM Rahane,KOK Williams,0,0,"",""
ball,2,22.3,India,MS Dhoni,AM Rahane,KOK Williams,0,0,"",""
ball,2,22.4,India,MS Dhoni,AM Rahane,KOK Williams,1,0,"",""
ball,2,22.5,India,AM Rahane,MS Dhoni,KOK Williams,0,0,"",""
ball,2,22.6,India,AM Rahane,MS Dhoni,KOK Williams,0,0,"",""
ball,2,23.1,India,MS Dhoni,AM Rahane,AR Nurse,0,0,"",""
ball,2,23.2,India,MS Dhoni,AM Rahane,AR Nurse,1,0,"",""
ball,2,23.3,India,AM Rahane,MS Dhoni,AR Nurse,0,0,"",""
ball,2,23.4,India,AM Rahane,MS Dhoni,AR Nurse,0,0,"",""
ball,2,23.5,India,AM Rahane,MS Dhoni,AR Nurse,1,0,"",""
ball,2,23.6,India,MS Dhoni,AM Rahane,AR Nurse,0,0,"",""
ball,2,24.1,India,AM Rahane,MS Dhoni,KOK Williams,1,0,"",""
ball,2,24.2,India,MS Dhoni,AM Rahane,KOK Williams,0,0,"",""
ball,2,24.3,India,MS Dhoni,AM Rahane,KOK Williams,0,0,"",""
ball,2,24.4,India,MS Dhoni,AM Rahane,KOK Williams,0,0,"",""
ball,2,24.5,India,MS Dhoni,AM Rahane,KOK Williams,0,1,"",""
ball,2,24.6,India,MS Dhoni,AM Rahane,KOK Williams,0,0,"",""
ball,2,24.7,India,MS Dhoni,AM Rahane,KOK Williams,0,0,"",""
ball,2,25.1,India,AM Rahane,MS Dhoni,AR Nurse,0,0,"",""
ball,2,25.2,India,AM Rahane,MS Dhoni,AR Nurse,0,0,"",""
ball,2,25.3,India,AM Rahane,MS Dhoni,AR Nurse,1,0,"",""
ball,2,25.4,India,MS Dhoni,AM Rahane,AR Nurse,1,0,"",""
ball,2,25.5,India,AM Rahane,MS Dhoni,AR Nurse,0,0,"",""
ball,2,25.6,India,AM Rahane,MS Dhoni,AR Nurse,1,0,"",""
ball,2,26.1,India,AM Rahane,MS Dhoni,D Bishoo,1,0,"",""
ball,2,26.2,India,MS Dhoni,AM Rahane,D Bishoo,0,0,"",""
ball,2,26.3,India,MS Dhoni,AM Rahane,D Bishoo,0,0,"",""
ball,2,26.4,India,MS Dhoni,AM Rahane,D Bishoo,1,0,"",""
ball,2,26.5,India,AM Rahane,MS Dhoni,D Bishoo,0,0,"",""
ball,2,26.6,India,AM Rahane,MS Dhoni,D Bishoo,1,0,"",""
ball,2,27.1,India,AM Rahane,MS Dhoni,AR Nurse,1,0,"",""
ball,2,27.2,India,MS Dhoni,AM Rahane,AR Nurse,0,0,"",""
ball,2,27.3,India,MS Dhoni,AM Rahane,AR Nurse,1,0,"",""
ball,2,27.4,India,AM Rahane,MS Dhoni,AR Nurse,2,0,"",""
ball,2,27.5,India,AM Rahane,MS Dhoni,AR Nurse,0,0,"",""
ball,2,27.6,India,AM Rahane,MS Dhoni,AR Nurse,0,0,"",""
ball,2,28.1,India,MS Dhoni,AM Rahane,D Bishoo,1,0,"",""
ball,2,28.2,India,AM Rahane,MS Dhoni,D Bishoo,0,0,"",""
ball,2,28.3,India,AM Rahane,MS Dhoni,D Bishoo,1,0,"",""
ball,2,28.4,India,MS Dhoni,AM Rahane,D Bishoo,1,0,"",""
ball,2,28.5,India,AM Rahane,MS Dhoni,D Bishoo,0,0,"",""
ball,2,28.6,India,AM Rahane,MS Dhoni,D Bishoo,0,0,"",""
ball,2,29.1,India,MS Dhoni,AM Rahane,AR Nurse,1,0,"",""
ball,2,29.2,India,AM Rahane,MS Dhoni,AR Nurse,0,0,"",""
ball,2,29.3,India,AM Rahane,MS Dhoni,AR Nurse,1,0,"",""
ball,2,29.4,India,MS Dhoni,AM Rahane,AR Nurse,1,0,"",""
ball,2,29.5,India,AM Rahane,MS Dhoni,AR Nurse,1,0,"",""
ball,2,29.6,India,MS Dhoni,AM Rahane,AR Nurse,0,0,"",""
ball,2,30.1,India,AM Rahane,MS Dhoni,D Bishoo,1,0,"",""
ball,2,30.2,India,MS Dhoni,AM Rahane,D Bishoo,0,0,"",""
ball,2,30.3,India,MS Dhoni,AM Rahane,D Bishoo,1,0,"",""
ball,2,30.4,India,AM Rahane,MS Dhoni,D Bishoo,0,0,"",""
ball,2,30.5,India,AM Rahane,MS Dhoni,D Bishoo,0,0,caught,AM Rahane
ball,2,30.6,India,KM Jadhav,MS Dhoni,D Bishoo,0,0,"",""
ball,2,31.1,India,MS Dhoni,KM Jadhav,AR Nurse,0,0,"",""
ball,2,31.2,India,MS Dhoni,KM Jadhav,AR Nurse,0,0,"",""
ball,2,31.3,India,MS Dhoni,KM Jadhav,AR Nurse,0,0,"",""
ball,2,31.4,India,MS Dhoni,KM Jadhav,AR Nurse,1,0,"",""
ball,2,31.5,India,KM Jadhav,MS Dhoni,AR Nurse,0,0,"",""
ball,2,31.6,India,KM Jadhav,MS Dhoni,AR Nurse,0,0,"",""
ball,2,32.1,India,MS Dhoni,KM Jadhav,D Bishoo,0,0,"",""
ball,2,32.2,India,MS Dhoni,KM Jadhav,D Bishoo,0,0,"",""
ball,2,32.3,India,MS Dhoni,KM Jadhav,D Bishoo,1,0,"",""
ball,2,32.4,India,KM Jadhav,MS Dhoni,D Bishoo,1,0,"",""
ball,2,32.5,India,MS Dhoni,KM Jadhav,D Bishoo,2,0,"",""
ball,2,32.6,India,MS Dhoni,KM Jadhav,D Bishoo,0,0,"",""
ball,2,33.1,India,KM Jadhav,MS Dhoni,AR Nurse,2,0,"",""
ball,2,33.2,India,KM Jadhav,MS Dhoni,AR Nurse,1,0,"",""
ball,2,33.3,India,MS Dhoni,KM Jadhav,AR Nurse,0,0,"",""
ball,2,33.4,India,MS Dhoni,KM Jadhav,AR Nurse,0,0,"",""
ball,2,33.5,India,MS Dhoni,KM Jadhav,AR Nurse,0,0,"",""
ball,2,33.6,India,MS Dhoni,KM Jadhav,AR Nurse,0,0,"",""
ball,2,34.1,India,KM Jadhav,MS Dhoni,D Bishoo,0,0,"",""
ball,2,34.2,India,KM Jadhav,MS Dhoni,D Bishoo,0,0,"",""
ball,2,34.3,India,KM Jadhav,MS Dhoni,D Bishoo,0,0,"",""
ball,2,34.4,India,KM Jadhav,MS Dhoni,D Bishoo,0,0,"",""
ball,2,34.5,India,KM Jadhav,MS Dhoni,D Bishoo,2,0,"",""
ball,2,34.6,India,KM Jadhav,MS Dhoni,D Bishoo,1,0,"",""
ball,2,35.1,India,KM Jadhav,MS Dhoni,AR Nurse,3,0,"",""
ball,2,35.2,India,MS Dhoni,KM Jadhav,AR Nurse,0,0,"",""
ball,2,35.3,India,MS Dhoni,KM Jadhav,AR Nurse,1,0,"",""
ball,2,35.4,India,KM Jadhav,MS Dhoni,AR Nurse,0,0,caught,KM Jadhav
ball,2,35.5,India,HH Pandya,MS Dhoni,AR Nurse,0,0,"",""
ball,2,35.6,India,HH Pandya,MS Dhoni,AR Nurse,0,0,"",""
ball,2,36.1,India,MS Dhoni,HH Pandya,D Bishoo,0,0,"",""
ball,2,36.2,India,MS Dhoni,HH Pandya,D Bishoo,0,0,"",""
ball,2,36.3,India,MS Dhoni,HH Pandya,D Bishoo,0,0,"",""
ball,2,36.4,India,MS Dhoni,HH Pandya,D Bishoo,0,0,"",""
ball,2,36.5,India,MS Dhoni,HH Pandya,D Bishoo,1,0,"",""
ball,2,36.6,India,HH Pandya,MS Dhoni,D Bishoo,0,0,"",""
ball,2,37.1,India,MS Dhoni,HH Pandya,AR Nurse,0,0,"",""
ball,2,37.2,India,MS Dhoni,HH Pandya,AR Nurse,0,0,"",""
ball,2,37.3,India,MS Dhoni,HH Pandya,AR Nurse,1,0,"",""
ball,2,37.4,India,HH Pandya,MS Dhoni,AR Nurse,1,0,"",""
ball,2,37.5,India,MS Dhoni,HH Pandya,AR Nurse,1,0,"",""
ball,2,37.6,India,HH Pandya,MS Dhoni,AR Nurse,0,0,"",""
ball,2,38.1,India,MS Dhoni,HH Pandya,AS Joseph,1,0,"",""
ball,2,38.2,India,HH Pandya,MS Dhoni,AS Joseph,0,0,"",""
ball,2,38.3,India,HH Pandya,MS Dhoni,AS Joseph,4,0,"",""
ball,2,38.4,India,HH Pandya,MS Dhoni,AS Joseph,0,0,"",""
ball,2,38.5,India,HH Pandya,MS Dhoni,AS Joseph,0,0,"",""
ball,2,38.6,India,HH Pandya,MS Dhoni,AS Joseph,0,0,"",""
ball,2,39.1,India,MS Dhoni,HH Pandya,AR Nurse,0,0,"",""
ball,2,39.2,India,MS Dhoni,HH Pandya,AR Nurse,0,0,"",""
ball,2,39.3,India,MS Dhoni,HH Pandya,AR Nurse,0,0,"",""
ball,2,39.4,India,MS Dhoni,HH Pandya,AR Nurse,0,0,"",""
ball,2,39.5,India,MS Dhoni,HH Pandya,AR Nurse,2,0,"",""
ball,2,39.6,India,MS Dhoni,HH Pandya,AR Nurse,0,0,"",""
ball,2,40.1,India,HH Pandya,MS Dhoni,KOK Williams,1,0,"",""
ball,2,40.2,India,MS Dhoni,HH Pandya,KOK Williams,0,0,"",""
ball,2,40.3,India,MS Dhoni,HH Pandya,KOK Williams,0,0,"",""
ball,2,40.4,India,MS Dhoni,HH Pandya,KOK Williams,0,0,"",""
ball,2,40.5,India,MS Dhoni,HH Pandya,KOK Williams,0,0,"",""
ball,2,40.6,India,MS Dhoni,HH Pandya,KOK Williams,0,0,"",""
ball,2,41.1,India,HH Pandya,MS Dhoni,AR Nurse,1,0,"",""
ball,2,41.2,India,MS Dhoni,HH Pandya,AR Nurse,0,0,"",""
ball,2,41.3,India,MS Dhoni,HH Pandya,AR Nurse,0,0,"",""
ball,2,41.4,India,MS Dhoni,HH Pandya,AR Nurse,0,0,"",""
ball,2,41.5,India,MS Dhoni,HH Pandya,AR Nurse,2,0,"",""
ball,2,41.6,India,MS Dhoni,HH Pandya,AR Nurse,0,0,"",""
ball,2,42.1,India,HH Pandya,MS Dhoni,KOK Williams,1,0,"",""
ball,2,42.2,India,MS Dhoni,HH Pandya,KOK Williams,0,0,"",""
ball,2,42.3,India,MS Dhoni,HH Pandya,KOK Williams,0,0,"",""
ball,2,42.4,India,MS Dhoni,HH Pandya,KOK Williams,1,0,"",""
ball,2,42.5,India,HH Pandya,MS Dhoni,KOK Williams,1,0,"",""
ball,2,42.6,India,MS Dhoni,HH Pandya,KOK Williams,1,0,"",""
ball,2,43.1,India,MS Dhoni,HH Pandya,RL Chase,1,0,"",""
ball,2,43.2,India,HH Pandya,MS Dhoni,RL Chase,1,0,"",""
ball,2,43.3,India,MS Dhoni,HH Pandya,RL Chase,4,0,"",""
ball,2,43.4,India,MS Dhoni,HH Pandya,RL Chase,0,1,"",""
ball,2,43.5,India,MS Dhoni,HH Pandya,RL Chase,1,0,"",""
ball,2,43.6,India,HH Pandya,MS Dhoni,RL Chase,6,0,"",""
ball,2,43.7,India,HH Pandya,MS Dhoni,RL Chase,2,0,"",""
ball,2,44.1,India,MS Dhoni,HH Pandya,AS Joseph,0,1,"",""
ball,2,44.2,India,MS Dhoni,HH Pandya,AS Joseph,0,0,"",""
ball,2,44.3,India,MS Dhoni,HH Pandya,AS Joseph,1,0,"",""
ball,2,44.4,India,HH Pandya,MS Dhoni,AS Joseph,0,1,"",""
ball,2,44.5,India,HH Pandya,MS Dhoni,AS Joseph,0,0,"",""
ball,2,44.6,India,HH Pandya,MS Dhoni,AS Joseph,0,1,"",""
ball,2,44.7,India,HH Pandya,MS Dhoni,AS Joseph,1,0,"",""
ball,2,44.8,India,MS Dhoni,HH Pandya,AS Joseph,0,1,"",""
ball,2,44.9,India,MS Dhoni,HH Pandya,AS Joseph,1,0,"",""
ball,2,44.1,India,HH Pandya,MS Dhoni,AS Joseph,1,0,"",""
ball,2,45.1,India,HH Pandya,MS Dhoni,JO Holder,0,0,bowled,HH Pandya
ball,2,45.2,India,RA Jadeja,MS Dhoni,JO Holder,2,0,"",""
ball,2,45.3,India,RA Jadeja,MS Dhoni,JO Holder,0,0,"",""
ball,2,45.4,India,RA Jadeja,MS Dhoni,JO Holder,0,0,"",""
ball,2,45.5,India,RA Jadeja,MS Dhoni,JO Holder,0,0,"",""
ball,2,45.6,India,RA Jadeja,MS Dhoni,JO Holder,4,0,"",""
ball,2,46.1,India,MS Dhoni,RA Jadeja,KOK Williams,1,0,"",""
ball,2,46.2,India,RA Jadeja,MS Dhoni,KOK Williams,2,0,"",""
ball,2,46.3,India,RA Jadeja,MS Dhoni,KOK Williams,1,0,"",""
ball,2,46.4,India,MS Dhoni,RA Jadeja,KOK Williams,1,0,"",""
ball,2,46.5,India,RA Jadeja,MS Dhoni,KOK Williams,0,0,"",""
ball,2,46.6,India,RA Jadeja,MS Dhoni,KOK Williams,1,0,"",""
ball,2,47.1,India,RA Jadeja,MS Dhoni,JO Holder,1,0,"",""
ball,2,47.2,India,MS Dhoni,RA Jadeja,JO Holder,1,0,"",""
ball,2,47.3,India,RA Jadeja,MS Dhoni,JO Holder,0,0,caught,RA Jadeja
ball,2,47.4,India,MS Dhoni,Kuldeep Yadav,JO Holder,1,0,"",""
ball,2,47.5,India,Kuldeep Yadav,MS Dhoni,JO Holder,0,0,"",""
ball,2,47.6,India,Kuldeep Yadav,MS Dhoni,JO Holder,0,0,"",""
ball,2,48.1,India,MS Dhoni,Kuldeep Yadav,KOK Williams,0,0,"",""
ball,2,48.2,India,MS Dhoni,Kuldeep Yadav,KOK Williams,1,0,"",""
ball,2,48.3,India,Kuldeep Yadav,MS Dhoni,KOK Williams,0,0,"",""
ball,2,48.4,India,Kuldeep Yadav,MS Dhoni,KOK Williams,0,0,"",""
ball,2,48.5,India,Kuldeep Yadav,MS Dhoni,KOK Williams,1,0,"",""
ball,2,48.6,India,MS Dhoni,Kuldeep Yadav,KOK Williams,0,0,caught,MS Dhoni
ball,2,49.1,India,UT Yadav,Kuldeep Yadav,JO Holder,0,0,bowled,UT Yadav
ball,2,49.2,India,Mohammed Shami,Kuldeep Yadav,JO Holder,1,0,"",""
ball,2,49.3,India,Kuldeep Yadav,Mohammed Shami,JO Holder,1,0,"",""
ball,2,49.4,India,Mohammed Shami,Kuldeep Yadav,JO Holder,0,0,caught,Mohammed Shami
