version,1.3.0
info,team,Sri Lanka
info,team,Zimbabwe
info,gender,male
info,season,2017
info,date,2017/07/02
info,series,Zimbabwe in Sri Lanka ODI Series
info,match_number,2
info,venue,Galle International Stadium
info,city,
info,toss_winner,Sri Lanka
info,toss_decision,field
info,player_of_match,PADLR Sandakan
info,umpire,NJ Llong
info,umpire,RSA Palliyaguruge
info,reserve_umpire,REJ Martinesz
info,tv_umpire,IJ Gould
info,match_referee,BC Broad
info,winner,Sri Lanka
info,winner_wickets,7
ball,1,0.1,Zimbabwe,H Masakadza,SF Mire,SL Malinga,0,0,"",""
ball,1,0.2,Zimbabwe,H Masakadza,SF Mire,SL Malinga,0,0,"",""
ball,1,0.3,Zimbabwe,H Masakadza,SF Mire,SL Malinga,0,0,"",""
ball,1,0.4,Zimbabwe,H Masakadza,SF Mire,SL Malinga,0,0,"",""
ball,1,0.5,Zimbabwe,H Masakadza,SF Mire,SL Malinga,0,0,"",""
ball,1,0.6,Zimbabwe,H Masakadza,SF Mire,SL Malinga,0,0,"",""
ball,1,1.1,Zimbabwe,SF Mire,H Masakadza,N Pradeep,0,0,"",""
ball,1,1.2,Zimbabwe,SF Mire,H Masakadza,N Pradeep,0,0,"",""
ball,1,1.3,Zimbabwe,SF Mire,H Masakadza,N Pradeep,0,1,"",""
ball,1,1.4,Zimbabwe,H Masakadza,SF Mire,N Pradeep,0,0,"",""
ball,1,1.5,Zimbabwe,H Masakadza,SF Mire,N Pradeep,1,0,"",""
ball,1,1.6,Zimbabwe,SF Mire,H Masakadza,N Pradeep,0,0,"",""
ball,1,2.1,Zimbabwe,H Masakadza,SF Mire,SL Malinga,0,0,"",""
ball,1,2.2,Zimbabwe,H Masakadza,SF Mire,SL Malinga,0,0,"",""
ball,1,2.3,Zimbabwe,H Masakadza,SF Mire,SL Malinga,0,0,"",""
ball,1,2.4,Zimbabwe,H Masakadza,SF Mire,SL Malinga,4,0,"",""
ball,1,2.5,Zimbabwe,H Masakadza,SF Mire,SL Malinga,0,1,"",""
ball,1,2.6,Zimbabwe,H Masakadza,SF Mire,SL Malinga,4,0,"",""
ball,1,2.7,Zimbabwe,H Masakadza,SF Mire,SL Malinga,0,0,"",""
ball,1,3.1,Zimbabwe,SF Mire,H Masakadza,N Pradeep,0,0,caught,SF Mire
ball,1,3.2,Zimbabwe,CR Ervine,H Masakadza,N Pradeep,0,0,"",""
ball,1,3.3,Zimbabwe,CR Ervine,H Masakadza,N Pradeep,0,0,"",""
ball,1,3.4,Zimbabwe,CR Ervine,H Masakadza,N Pradeep,2,0,"",""
ball,1,3.5,Zimbabwe,CR Ervine,H Masakadza,N Pradeep,0,0,"",""
ball,1,3.6,Zimbabwe,CR Ervine,H Masakadza,N Pradeep,0,0,"",""
ball,1,4.1,Zimbabwe,H Masakadza,CR Ervine,SL Malinga,4,0,"",""
ball,1,4.2,Zimbabwe,H Masakadza,CR Ervine,SL Malinga,4,0,"",""
ball,1,4.3,Zimbabwe,H Masakadza,CR Ervine,SL Malinga,0,0,"",""
ball,1,4.4,Zimbabwe,H Masakadza,CR Ervine,SL Malinga,0,0,"",""
ball,1,4.5,Zimbabwe,H Masakadza,CR Ervine,SL Malinga,0,0,"",""
ball,1,4.6,Zimbabwe,H Masakadza,CR Ervine,SL Malinga,0,0,"",""
ball,1,5.1,Zimbabwe,CR Ervine,H Masakadza,N Pradeep,0,0,"",""
ball,1,5.2,Zimbabwe,CR Ervine,H Masakadza,N Pradeep,0,0,"",""
ball,1,5.3,Zimbabwe,CR Ervine,H Masakadza,N Pradeep,4,0,"",""
ball,1,5.4,Zimbabwe,CR Ervine,H Masakadza,N Pradeep,0,0,"",""
ball,1,5.5,Zimbabwe,CR Ervine,H Masakadza,N Pradeep,0,0,"",""
ball,1,5.6,Zimbabwe,CR Ervine,H Masakadza,N Pradeep,0,0,"",""
ball,1,6.1,Zimbabwe,H Masakadza,CR Ervine,PVD Chameera,0,0,"",""
ball,1,6.2,Zimbabwe,H Masakadza,CR Ervine,PVD Chameera,0,0,"",""
ball,1,6.3,Zimbabwe,H Masakadza,CR Ervine,PVD Chameera,4,0,"",""
ball,1,6.4,Zimbabwe,H Masakadza,CR Ervine,PVD Chameera,0,0,"",""
ball,1,6.5,Zimbabwe,H Masakadza,CR Ervine,PVD Chameera,0,0,"",""
ball,1,6.6,Zimbabwe,H Masakadza,CR Ervine,PVD Chameera,0,0,"",""
ball,1,7.1,Zimbabwe,CR Ervine,H Masakadza,N Pradeep,0,0,"",""
ball,1,7.2,Zimbabwe,CR Ervine,H Masakadza,N Pradeep,1,0,"",""
ball,1,7.3,Zimbabwe,H Masakadza,CR Ervine,N Pradeep,0,0,"",""
ball,1,7.4,Zimbabwe,H Masakadza,CR Ervine,N Pradeep,0,0,"",""
ball,1,7.5,Zimbabwe,H Masakadza,CR Ervine,N Pradeep,1,0,"",""
ball,1,7.6,Zimbabwe,CR Ervine,H Masakadza,N Pradeep,0,0,"",""
ball,1,8.1,Zimbabwe,H Masakadza,CR Ervine,PVD Chameera,0,1,"",""
ball,1,8.2,Zimbabwe,H Masakadza,CR Ervine,PVD Chameera,0,0,"",""
ball,1,8.3,Zimbabwe,H Masakadza,CR Ervine,PVD Chameera,0,0,"",""
ball,1,8.4,Zimbabwe,H Masakadza,CR Ervine,PVD Chameera,0,0,"",""
ball,1,8.5,Zimbabwe,H Masakadza,CR Ervine,PVD Chameera,4,0,"",""
ball,1,8.6,Zimbabwe,H Masakadza,CR Ervine,PVD Chameera,0,0,"",""
ball,1,8.7,Zimbabwe,H Masakadza,CR Ervine,PVD Chameera,0,0,"",""
ball,1,9.1,Zimbabwe,CR Ervine,H Masakadza,N Pradeep,0,0,"",""
ball,1,9.2,Zimbabwe,CR Ervine,H Masakadza,N Pradeep,2,0,"",""
ball,1,9.3,Zimbabwe,CR Ervine,H Masakadza,N Pradeep,0,0,"",""
ball,1,9.4,Zimbabwe,CR Ervine,H Masakadza,N Pradeep,0,0,"",""
ball,1,9.5,Zimbabwe,CR Ervine,H Masakadza,N Pradeep,0,0,"",""
ball,1,9.6,Zimbabwe,CR Ervine,H Masakadza,N Pradeep,0,0,"",""
ball,1,10.1,Zimbabwe,H Masakadza,CR Ervine,PADLR Sandakan,1,1,"",""
ball,1,10.2,Zimbabwe,CR Ervine,H Masakadza,PADLR Sandakan,0,0,"",""
ball,1,10.3,Zimbabwe,CR Ervine,H Masakadza,PADLR Sandakan,1,0,"",""
ball,1,10.4,Zimbabwe,H Masakadza,CR Ervine,PADLR Sandakan,1,0,"",""
ball,1,10.5,Zimbabwe,CR Ervine,H Masakadza,PADLR Sandakan,1,0,"",""
ball,1,10.6,Zimbabwe,H Masakadza,CR Ervine,PADLR Sandakan,1,0,"",""
ball,1,10.7,Zimbabwe,CR Ervine,H Masakadza,PADLR Sandakan,0,0,"",""
ball,1,11.1,Zimbabwe,H Masakadza,CR Ervine,PVD Chameera,1,0,"",""
ball,1,11.2,Zimbabwe,CR Ervine,H Masakadza,PVD Chameera,1,0,"",""
ball,1,11.3,Zimbabwe,H Masakadza,CR Ervine,PVD Chameera,0,0,"",""
ball,1,11.4,Zimbabwe,H Masakadza,CR Ervine,PVD Chameera,0,0,"",""
ball,1,11.5,Zimbabwe,H Masakadza,CR Ervine,PVD Chameera,0,1,"",""
ball,1,11.6,Zimbabwe,H Masakadza,CR Ervine,PVD Chameera,1,0,"",""
ball,1,11.7,Zimbabwe,CR Ervine,H Masakadza,PVD Chameera,0,0,"",""
ball,1,12.1,Zimbabwe,H Masakadza,CR Ervine,PADLR Sandakan,0,0,"",""
ball,1,12.2,Zimbabwe,H Masakadza,CR Ervine,PADLR Sandakan,1,0,"",""
ball,1,12.3,Zimbabwe,CR Ervine,H Masakadza,PADLR Sandakan,0,0,"",""
ball,1,12.4,Zimbabwe,CR Ervine,H Masakadza,PADLR Sandakan,1,0,"",""
ball,1,12.5,Zimbabwe,H Masakadza,CR Ervine,PADLR Sandakan,4,0,"",""
ball,1,12.6,Zimbabwe,H Masakadza,CR Ervine,PADLR Sandakan,0,0,"",""
ball,1,13.1,Zimbabwe,CR Ervine,H Masakadza,PVD Chameera,1,0,"",""
ball,1,13.2,Zimbabwe,H Masakadza,CR Ervine,PVD Chameera,1,0,"",""
ball,1,13.3,Zimbabwe,CR Ervine,H Masakadza,PVD Chameera,0,2,"",""
ball,1,13.4,Zimbabwe,CR Ervine,H Masakadza,PVD Chameera,0,0,"",""
ball,1,13.5,Zimbabwe,CR Ervine,H Masakadza,PVD Chameera,0,0,"",""
ball,1,13.6,Zimbabwe,CR Ervine,H Masakadza,PVD Chameera,0,1,"",""
ball,1,14.1,Zimbabwe,CR Ervine,H Masakadza,PADLR Sandakan,0,0,"",""
ball,1,14.2,Zimbabwe,CR Ervine,H Masakadza,PADLR Sandakan,1,0,"",""
ball,1,14.3,Zimbabwe,H Masakadza,CR Ervine,PADLR Sandakan,0,0,"",""
ball,1,14.4,Zimbabwe,H Masakadza,CR Ervine,PADLR Sandakan,0,0,"",""
ball,1,14.5,Zimbabwe,H Masakadza,CR Ervine,PADLR Sandakan,0,0,"",""
ball,1,14.6,Zimbabwe,H Masakadza,CR Ervine,PADLR Sandakan,0,0,"",""
ball,1,15.1,Zimbabwe,CR Ervine,H Masakadza,DAS Gunaratne,1,0,"",""
ball,1,15.2,Zimbabwe,H Masakadza,CR Ervine,DAS Gunaratne,0,1,"",""
ball,1,15.3,Zimbabwe,CR Ervine,H Masakadza,DAS Gunaratne,1,0,"",""
ball,1,15.4,Zimbabwe,H Masakadza,CR Ervine,DAS Gunaratne,4,0,"",""
ball,1,15.5,Zimbabwe,H Masakadza,CR Ervine,DAS Gunaratne,0,0,"",""
ball,1,15.6,Zimbabwe,H Masakadza,CR Ervine,DAS Gunaratne,0,0,caught and bowled,H Masakadza
ball,1,16.1,Zimbabwe,CR Ervine,SC Williams,PADLR Sandakan,0,0,"",""
ball,1,16.2,Zimbabwe,CR Ervine,SC Williams,PADLR Sandakan,4,0,"",""
ball,1,16.3,Zimbabwe,CR Ervine,SC Williams,PADLR Sandakan,1,0,"",""
ball,1,16.4,Zimbabwe,SC Williams,CR Ervine,PADLR Sandakan,0,1,"",""
ball,1,16.5,Zimbabwe,SC Williams,CR Ervine,PADLR Sandakan,1,0,"",""
ball,1,16.6,Zimbabwe,CR Ervine,SC Williams,PADLR Sandakan,0,0,caught,CR Ervine
ball,1,16.7,Zimbabwe,Sikandar Raza,SC Williams,PADLR Sandakan,0,0,"",""
ball,1,17.1,Zimbabwe,SC Williams,Sikandar Raza,DAS Gunaratne,0,0,"",""
ball,1,17.2,Zimbabwe,SC Williams,Sikandar Raza,DAS Gunaratne,1,0,"",""
ball,1,17.3,Zimbabwe,Sikandar Raza,SC Williams,DAS Gunaratne,0,0,"",""
ball,1,17.4,Zimbabwe,Sikandar Raza,SC Williams,DAS Gunaratne,0,0,"",""
ball,1,17.5,Zimbabwe,Sikandar Raza,SC Williams,DAS Gunaratne,0,0,"",""
ball,1,17.6,Zimbabwe,Sikandar Raza,SC Williams,DAS Gunaratne,0,0,"",""
ball,1,18.1,Zimbabwe,SC Williams,Sikandar Raza,PADLR Sandakan,1,0,"",""
ball,1,18.2,Zimbabwe,Sikandar Raza,SC Williams,PADLR Sandakan,0,0,"",""
ball,1,18.3,Zimbabwe,Sikandar Raza,SC Williams,PADLR Sandakan,0,0,"",""
ball,1,18.4,Zimbabwe,Sikandar Raza,SC Williams,PADLR Sandakan,0,0,"",""
ball,1,18.5,Zimbabwe,Sikandar Raza,SC Williams,PADLR Sandakan,0,1,"",""
ball,1,18.6,Zimbabwe,Sikandar Raza,SC Williams,PADLR Sandakan,0,0,"",""
ball,1,18.7,Zimbabwe,Sikandar Raza,SC Williams,PADLR Sandakan,0,0,"",""
ball,1,19.1,Zimbabwe,SC Williams,Sikandar Raza,PVD Chameera,0,0,"",""
ball,1,19.2,Zimbabwe,SC Williams,Sikandar Raza,PVD Chameera,0,1,"",""
ball,1,19.3,Zimbabwe,Sikandar Raza,SC Williams,PVD Chameera,0,0,"",""
ball,1,19.4,Zimbabwe,Sikandar Raza,SC Williams,PVD Chameera,0,0,"",""
ball,1,19.5,Zimbabwe,Sikandar Raza,SC Williams,PVD Chameera,4,0,"",""
ball,1,19.6,Zimbabwe,Sikandar Raza,SC Williams,PVD Chameera,4,0,"",""
ball,1,20.1,Zimbabwe,SC Williams,Sikandar Raza,PADLR Sandakan,4,0,"",""
ball,1,20.2,Zimbabwe,SC Williams,Sikandar Raza,PADLR Sandakan,0,0,"",""
ball,1,20.3,Zimbabwe,SC Williams,Sikandar Raza,PADLR Sandakan,1,0,"",""
ball,1,20.4,Zimbabwe,Sikandar Raza,SC Williams,PADLR Sandakan,0,0,"",""
ball,1,20.5,Zimbabwe,Sikandar Raza,SC Williams,PADLR Sandakan,0,0,"",""
ball,1,20.6,Zimbabwe,Sikandar Raza,SC Williams,PADLR Sandakan,0,0,caught,Sikandar Raza
ball,1,21.1,Zimbabwe,SC Williams,RP Burl,DAS Gunaratne,0,0,"",""
ball,1,21.2,Zimbabwe,SC Williams,RP Burl,DAS Gunaratne,1,0,"",""
ball,1,21.3,Zimbabwe,RP Burl,SC Williams,DAS Gunaratne,1,0,"",""
ball,1,21.4,Zimbabwe,SC Williams,RP Burl,DAS Gunaratne,1,0,"",""
ball,1,21.5,Zimbabwe,RP Burl,SC Williams,DAS Gunaratne,1,0,"",""
ball,1,21.6,Zimbabwe,SC Williams,RP Burl,DAS Gunaratne,0,0,"",""
ball,1,22.1,Zimbabwe,RP Burl,SC Williams,PADLR Sandakan,0,0,"",""
ball,1,22.2,Zimbabwe,RP Burl,SC Williams,PADLR Sandakan,0,0,"",""
ball,1,22.3,Zimbabwe,RP Burl,SC Williams,PADLR Sandakan,0,0,"",""
ball,1,22.4,Zimbabwe,RP Burl,SC Williams,PADLR Sandakan,1,0,"",""
ball,1,22.5,Zimbabwe,SC Williams,RP Burl,PADLR Sandakan,1,0,"",""
ball,1,22.6,Zimbabwe,RP Burl,SC Williams,PADLR Sandakan,2,0,"",""
ball,1,23.1,Zimbabwe,SC Williams,RP Burl,DAS Gunaratne,1,0,"",""
ball,1,23.2,Zimbabwe,RP Burl,SC Williams,DAS Gunaratne,1,0,"",""
ball,1,23.3,Zimbabwe,SC Williams,RP Burl,DAS Gunaratne,0,0,"",""
ball,1,23.4,Zimbabwe,SC Williams,RP Burl,DAS Gunaratne,0,0,"",""
ball,1,23.5,Zimbabwe,SC Williams,RP Burl,DAS Gunaratne,1,0,"",""
ball,1,23.6,Zimbabwe,RP Burl,SC Williams,DAS Gunaratne,0,0,"",""
ball,1,24.1,Zimbabwe,SC Williams,RP Burl,MD Gunathilaka,0,0,caught,SC Williams
ball,1,24.2,Zimbabwe,MN Waller,RP Burl,MD Gunathilaka,2,0,"",""
ball,1,24.3,Zimbabwe,MN Waller,RP Burl,MD Gunathilaka,4,0,"",""
ball,1,24.4,Zimbabwe,MN Waller,RP Burl,MD Gunathilaka,1,0,"",""
ball,1,24.5,Zimbabwe,RP Burl,MN Waller,MD Gunathilaka,0,0,"",""
ball,1,24.6,Zimbabwe,RP Burl,MN Waller,MD Gunathilaka,2,0,"",""
ball,1,25.1,Zimbabwe,MN Waller,RP Burl,PWH de Silva,0,0,"",""
ball,1,25.2,Zimbabwe,MN Waller,RP Burl,PWH de Silva,1,0,"",""
ball,1,25.3,Zimbabwe,RP Burl,MN Waller,PWH de Silva,1,0,"",""
ball,1,25.4,Zimbabwe,MN Waller,RP Burl,PWH de Silva,2,0,"",""
ball,1,25.5,Zimbabwe,MN Waller,RP Burl,PWH de Silva,0,0,"",""
ball,1,25.6,Zimbabwe,MN Waller,RP Burl,PWH de Silva,4,0,"",""
ball,1,26.1,Zimbabwe,RP Burl,MN Waller,PADLR Sandakan,0,0,"",""
ball,1,26.2,Zimbabwe,RP Burl,MN Waller,PADLR Sandakan,0,0,bowled,RP Burl
ball,1,26.3,Zimbabwe,PJ Moor,MN Waller,PADLR Sandakan,3,0,"",""
ball,1,26.4,Zimbabwe,MN Waller,PJ Moor,PADLR Sandakan,0,0,"",""
ball,1,26.5,Zimbabwe,MN Waller,PJ Moor,PADLR Sandakan,0,0,"",""
ball,1,26.6,Zimbabwe,MN Waller,PJ Moor,PADLR Sandakan,4,0,"",""
ball,1,27.1,Zimbabwe,PJ Moor,MN Waller,N Pradeep,1,0,"",""
ball,1,27.2,Zimbabwe,MN Waller,PJ Moor,N Pradeep,0,0,"",""
ball,1,27.3,Zimbabwe,MN Waller,PJ Moor,N Pradeep,0,0,"",""
ball,1,27.4,Zimbabwe,MN Waller,PJ Moor,N Pradeep,4,0,"",""
ball,1,27.5,Zimbabwe,MN Waller,PJ Moor,N Pradeep,0,0,"",""
ball,1,27.6,Zimbabwe,MN Waller,PJ Moor,N Pradeep,0,0,"",""
ball,1,28.1,Zimbabwe,PJ Moor,MN Waller,PADLR Sandakan,1,0,"",""
ball,1,28.2,Zimbabwe,MN Waller,PJ Moor,PADLR Sandakan,0,0,"",""
ball,1,28.3,Zimbabwe,MN Waller,PJ Moor,PADLR Sandakan,2,0,"",""
ball,1,28.4,Zimbabwe,MN Waller,PJ Moor,PADLR Sandakan,1,0,"",""
ball,1,28.5,Zimbabwe,PJ Moor,MN Waller,PADLR Sandakan,4,0,"",""
ball,1,28.6,Zimbabwe,PJ Moor,MN Waller,PADLR Sandakan,0,0,"",""
ball,1,29.1,Zimbabwe,MN Waller,PJ Moor,N Pradeep,1,0,"",""
ball,1,29.2,Zimbabwe,PJ Moor,MN Waller,N Pradeep,0,0,"",""
ball,1,29.3,Zimbabwe,PJ Moor,MN Waller,N Pradeep,0,0,"",""
ball,1,29.4,Zimbabwe,PJ Moor,MN Waller,N Pradeep,0,0,"",""
ball,1,29.5,Zimbabwe,PJ Moor,MN Waller,N Pradeep,0,0,"",""
ball,1,29.6,Zimbabwe,PJ Moor,MN Waller,N Pradeep,1,0,"",""
ball,1,30.1,Zimbabwe,PJ Moor,MN Waller,PADLR Sandakan,1,0,"",""
ball,1,30.2,Zimbabwe,MN Waller,PJ Moor,PADLR Sandakan,4,0,"",""
ball,1,30.3,Zimbabwe,MN Waller,PJ Moor,PADLR Sandakan,0,0,"",""
ball,1,30.4,Zimbabwe,MN Waller,PJ Moor,PADLR Sandakan,1,0,"",""
ball,1,30.5,Zimbabwe,PJ Moor,MN Waller,PADLR Sandakan,0,0,"",""
ball,1,30.6,Zimbabwe,PJ Moor,MN Waller,PADLR Sandakan,0,0,bowled,PJ Moor
ball,1,31.1,Zimbabwe,MN Waller,AG Cremer,PWH de Silva,1,0,"",""
ball,1,31.2,Zimbabwe,AG Cremer,MN Waller,PWH de Silva,0,0,"",""
ball,1,31.3,Zimbabwe,AG Cremer,MN Waller,PWH de Silva,1,0,"",""
ball,1,31.4,Zimbabwe,MN Waller,AG Cremer,PWH de Silva,0,0,"",""
ball,1,31.5,Zimbabwe,MN Waller,AG Cremer,PWH de Silva,1,0,"",""
ball,1,31.6,Zimbabwe,AG Cremer,MN Waller,PWH de Silva,0,0,"",""
ball,1,32.1,Zimbabwe,MN Waller,AG Cremer,DAS Gunaratne,1,0,"",""
ball,1,32.2,Zimbabwe,AG Cremer,MN Waller,DAS Gunaratne,0,0,"",""
ball,1,32.3,Zimbabwe,AG Cremer,MN Waller,DAS Gunaratne,0,0,"",""
ball,1,32.4,Zimbabwe,AG Cremer,MN Waller,DAS Gunaratne,0,0,"",""
ball,1,32.5,Zimbabwe,AG Cremer,MN Waller,DAS Gunaratne,0,0,"",""
ball,1,32.6,Zimbabwe,AG Cremer,MN Waller,DAS Gunaratne,0,0,"",""
ball,1,33.1,Zimbabwe,MN Waller,AG Cremer,PWH de Silva,4,0,"",""
ball,1,33.2,Zimbabwe,MN Waller,AG Cremer,PWH de Silva,0,0,bowled,MN Waller
ball,1,33.3,Zimbabwe,DT Tiripano,AG Cremer,PWH de Silva,0,0,lbw,DT Tiripano
ball,1,33.4,Zimbabwe,TL Chatara,AG Cremer,PWH de Silva,0,0,bowled,TL Chatara
ball,2,0.1,Sri Lanka,N Dickwella,MD Gunathilaka,TL Chatara,0,0,"",""
ball,2,0.2,Sri Lanka,N Dickwella,MD Gunathilaka,TL Chatara,0,0,"",""
ball,2,0.3,Sri Lanka,N Dickwella,MD Gunathilaka,TL Chatara,0,0,"",""
ball,2,0.4,Sri Lanka,N Dickwella,MD Gunathilaka,TL Chatara,1,0,"",""
ball,2,0.5,Sri Lanka,MD Gunathilaka,N Dickwella,TL Chatara,0,0,"",""
ball,2,0.6,Sri Lanka,MD Gunathilaka,N Dickwella,TL Chatara,1,0,"",""
ball,2,1.1,Sri Lanka,MD Gunathilaka,N Dickwella,Sikandar Raza,4,0,"",""
ball,2,1.2,Sri Lanka,MD Gunathilaka,N Dickwella,Sikandar Raza,2,0,"",""
ball,2,1.3,Sri Lanka,MD Gunathilaka,N Dickwella,Sikandar Raza,0,0,"",""
ball,2,1.4,Sri Lanka,MD Gunathilaka,N Dickwella,Sikandar Raza,1,0,"",""
ball,2,1.5,Sri Lanka,N Dickwella,MD Gunathilaka,Sikandar Raza,0,0,"",""
ball,2,1.6,Sri Lanka,N Dickwella,MD Gunathilaka,Sikandar Raza,0,0,"",""
ball,2,2.1,Sri Lanka,MD Gunathilaka,N Dickwella,TL Chatara,0,0,bowled,MD Gunathilaka
ball,2,2.2,Sri Lanka,BKG Mendis,N Dickwella,TL Chatara,0,1,"",""
ball,2,2.3,Sri Lanka,BKG Mendis,N Dickwella,TL Chatara,0,0,caught,BKG Mendis
ball,2,2.4,Sri Lanka,WU Tharanga,N Dickwella,TL Chatara,0,1,"",""
ball,2,2.5,Sri Lanka,WU Tharanga,N Dickwella,TL Chatara,0,0,"",""
ball,2,2.6,Sri Lanka,WU Tharanga,N Dickwella,TL Chatara,4,0,"",""
ball,2,2.7,Sri Lanka,WU Tharanga,N Dickwella,TL Chatara,0,0,"",""
ball,2,2.8,Sri Lanka,WU Tharanga,N Dickwella,TL Chatara,1,0,"",""
ball,2,3.1,Sri Lanka,WU Tharanga,N Dickwella,Sikandar Raza,0,0,"",""
ball,2,3.2,Sri Lanka,WU Tharanga,N Dickwella,Sikandar Raza,0,1,"",""
ball,2,3.3,Sri Lanka,N Dickwella,WU Tharanga,Sikandar Raza,0,0,"",""
ball,2,3.4,Sri Lanka,N Dickwella,WU Tharanga,Sikandar Raza,1,0,"",""
ball,2,3.5,Sri Lanka,WU Tharanga,N Dickwella,Sikandar Raza,0,0,"",""
ball,2,3.6,Sri Lanka,WU Tharanga,N Dickwella,Sikandar Raza,0,0,"",""
ball,2,4.1,Sri Lanka,N Dickwella,WU Tharanga,TL Chatara,4,0,"",""
ball,2,4.2,Sri Lanka,N Dickwella,WU Tharanga,TL Chatara,0,0,"",""
ball,2,4.3,Sri Lanka,N Dickwella,WU Tharanga,TL Chatara,0,0,"",""
ball,2,4.4,Sri Lanka,N Dickwella,WU Tharanga,TL Chatara,0,0,"",""
ball,2,4.5,Sri Lanka,N Dickwella,WU Tharanga,TL Chatara,0,0,"",""
ball,2,4.6,Sri Lanka,N Dickwella,WU Tharanga,TL Chatara,0,0,"",""
ball,2,5.1,Sri Lanka,WU Tharanga,N Dickwella,Sikandar Raza,1,0,"",""
ball,2,5.2,Sri Lanka,N Dickwella,WU Tharanga,Sikandar Raza,1,0,"",""
ball,2,5.3,Sri Lanka,WU Tharanga,N Dickwella,Sikandar Raza,1,0,"",""
ball,2,5.4,Sri Lanka,N Dickwella,WU Tharanga,Sikandar Raza,0,0,"",""
ball,2,5.5,Sri Lanka,N Dickwella,WU Tharanga,Sikandar Raza,1,0,"",""
ball,2,5.6,Sri Lanka,WU Tharanga,N Dickwella,Sikandar Raza,1,0,"",""
ball,2,6.1,Sri Lanka,WU Tharanga,N Dickwella,TL Chatara,0,0,"",""
ball,2,6.2,Sri Lanka,WU Tharanga,N Dickwella,TL Chatara,0,0,"",""
ball,2,6.3,Sri Lanka,WU Tharanga,N Dickwella,TL Chatara,0,0,"",""
ball,2,6.4,Sri Lanka,WU Tharanga,N Dickwella,TL Chatara,0,0,"",""
ball,2,6.5,Sri Lanka,WU Tharanga,N Dickwella,TL Chatara,1,0,"",""
ball,2,6.6,Sri Lanka,N Dickwella,WU Tharanga,TL Chatara,4,0,"",""
ball,2,7.1,Sri Lanka,WU Tharanga,N Dickwella,Sikandar Raza,1,0,"",""
ball,2,7.2,Sri Lanka,N Dickwella,WU Tharanga,Sikandar Raza,1,0,"",""
ball,2,7.3,Sri Lanka,WU Tharanga,N Dickwella,Sikandar Raza,2,0,"",""
ball,2,7.4,Sri Lanka,WU Tharanga,N Dickwella,Sikandar Raza,1,0,"",""
ball,2,7.5,Sri Lanka,N Dickwella,WU Tharanga,Sikandar Raza,1,0,"",""
ball,2,7.6,Sri Lanka,WU Tharanga,N Dickwella,Sikandar Raza,0,0,"",""
ball,2,8.1,Sri Lanka,N Dickwella,WU Tharanga,DT Tiripano,2,0,"",""
ball,2,8.2,Sri Lanka,N Dickwella,WU Tharanga,DT Tiripano,0,0,"",""
ball,2,8.3,Sri Lanka,N Dickwella,WU Tharanga,DT Tiripano,0,0,"",""
ball,2,8.4,Sri Lanka,N Dickwella,WU Tharanga,DT Tiripano,0,0,"",""
ball,2,8.5,Sri Lanka,N Dickwella,WU Tharanga,DT Tiripano,4,0,"",""
ball,2,8.6,Sri Lanka,N Dickwella,WU Tharanga,DT Tiripano,0,0,"",""
ball,2,9.1,Sri Lanka,WU Tharanga,N Dickwella,Sikandar Raza,0,0,"",""
ball,2,9.2,Sri Lanka,WU Tharanga,N Dickwella,Sikandar Raza,0,0,"",""
ball,2,9.3,Sri Lanka,WU Tharanga,N Dickwella,Sikandar Raza,0,0,"",""
ball,2,9.4,Sri Lanka,WU Tharanga,N Dickwella,Sikandar Raza,1,0,"",""
ball,2,9.5,Sri Lanka,N Dickwella,WU Tharanga,Sikandar Raza,0,0,"",""
ball,2,9.6,Sri Lanka,N Dickwella,WU Tharanga,Sikandar Raza,0,0,"",""
ball,2,10.1,Sri Lanka,WU Tharanga,N Dickwella,AG Cremer,0,0,"",""
ball,2,10.2,Sri Lanka,WU Tharanga,N Dickwella,AG Cremer,0,0,"",""
ball,2,10.3,Sri Lanka,WU Tharanga,N Dickwella,AG Cremer,1,0,"",""
ball,2,10.4,Sri Lanka,N Dickwella,WU Tharanga,AG Cremer,0,0,"",""
ball,2,10.5,Sri Lanka,N Dickwella,WU Tharanga,AG Cremer,0,0,"",""
ball,2,10.6,Sri Lanka,N Dickwella,WU Tharanga,AG Cremer,0,0,"",""
ball,2,11.1,Sri Lanka,WU Tharanga,N Dickwella,Sikandar Raza,0,0,"",""
ball,2,11.2,Sri Lanka,WU Tharanga,N Dickwella,Sikandar Raza,0,0,"",""
ball,2,11.3,Sri Lanka,WU Tharanga,N Dickwella,Sikandar Raza,0,0,"",""
ball,2,11.4,Sri Lanka,WU Tharanga,N Dickwella,Sikandar Raza,1,0,"",""
ball,2,11.5,Sri Lanka,N Dickwella,WU Tharanga,Sikandar Raza,1,0,"",""
ball,2,11.6,Sri Lanka,WU Tharanga,N Dickwella,Sikandar Raza,0,0,"",""
ball,2,12.1,Sri Lanka,N Dickwella,WU Tharanga,AG Cremer,0,0,"",""
ball,2,12.2,Sri Lanka,N Dickwella,WU Tharanga,AG Cremer,1,0,"",""
ball,2,12.3,Sri Lanka,WU Tharanga,N Dickwella,AG Cremer,1,0,"",""
ball,2,12.4,Sri Lanka,N Dickwella,WU Tharanga,AG Cremer,1,0,"",""
ball,2,12.5,Sri Lanka,WU Tharanga,N Dickwella,AG Cremer,0,0,"",""
ball,2,12.6,Sri Lanka,WU Tharanga,N Dickwella,AG Cremer,1,0,"",""
ball,2,13.1,Sri Lanka,WU Tharanga,N Dickwella,Sikandar Raza,1,0,"",""
ball,2,13.2,Sri Lanka,N Dickwella,WU Tharanga,Sikandar Raza,0,0,"",""
ball,2,13.3,Sri Lanka,N Dickwella,WU Tharanga,Sikandar Raza,0,0,"",""
ball,2,13.4,Sri Lanka,N Dickwella,WU Tharanga,Sikandar Raza,1,0,"",""
ball,2,13.5,Sri Lanka,WU Tharanga,N Dickwella,Sikandar Raza,1,0,"",""
ball,2,13.6,Sri Lanka,N Dickwella,WU Tharanga,Sikandar Raza,0,0,"",""
ball,2,14.1,Sri Lanka,WU Tharanga,N Dickwella,AG Cremer,1,0,"",""
ball,2,14.2,Sri Lanka,N Dickwella,WU Tharanga,AG Cremer,1,0,"",""
ball,2,14.3,Sri Lanka,WU Tharanga,N Dickwella,AG Cremer,0,0,"",""
ball,2,14.4,Sri Lanka,WU Tharanga,N Dickwella,AG Cremer,2,0,"",""
ball,2,14.5,Sri Lanka,WU Tharanga,N Dickwella,AG Cremer,4,0,"",""
ball,2,14.6,Sri Lanka,WU Tharanga,N Dickwella,AG Cremer,0,0,"",""
ball,2,15.1,Sri Lanka,N Dickwella,WU Tharanga,Sikandar Raza,0,0,"",""
ball,2,15.2,Sri Lanka,N Dickwella,WU Tharanga,Sikandar Raza,4,0,"",""
ball,2,15.3,Sri Lanka,N Dickwella,WU Tharanga,Sikandar Raza,0,0,"",""
ball,2,15.4,Sri Lanka,N Dickwella,WU Tharanga,Sikandar Raza,0,1,"",""
ball,2,15.5,Sri Lanka,WU Tharanga,N Dickwella,Sikandar Raza,0,0,"",""
ball,2,15.6,Sri Lanka,WU Tharanga,N Dickwella,Sikandar Raza,0,0,"",""
ball,2,16.1,Sri Lanka,N Dickwella,WU Tharanga,AG Cremer,0,0,"",""
ball,2,16.2,Sri Lanka,N Dickwella,WU Tharanga,AG Cremer,0,0,"",""
ball,2,16.3,Sri Lanka,N Dickwella,WU Tharanga,AG Cremer,2,0,"",""
ball,2,16.4,Sri Lanka,N Dickwella,WU Tharanga,AG Cremer,0,0,"",""
ball,2,16.5,Sri Lanka,N Dickwella,WU Tharanga,AG Cremer,0,0,"",""
ball,2,16.6,Sri Lanka,N Dickwella,WU Tharanga,AG Cremer,2,0,"",""
ball,2,17.1,Sri Lanka,WU Tharanga,N Dickwella,Sikandar Raza,0,0,"",""
ball,2,17.2,Sri Lanka,WU Tharanga,N Dickwella,Sikandar Raza,0,0,"",""
ball,2,17.3,Sri Lanka,WU Tharanga,N Dickwella,Sikandar Raza,1,0,"",""
ball,2,17.4,Sri Lanka,N Dickwella,WU Tharanga,Sikandar Raza,2,0,"",""
ball,2,17.5,Sri Lanka,N Dickwella,WU Tharanga,Sikandar Raza,0,0,"",""
ball,2,17.6,Sri Lanka,N Dickwella,WU Tharanga,Sikandar Raza,0,0,"",""
ball,2,18.1,Sri Lanka,WU Tharanga,N Dickwella,AG Cremer,0,1,"",""
ball,2,18.2,Sri Lanka,WU Tharanga,N Dickwella,AG Cremer,1,0,"",""
ball,2,18.3,Sri Lanka,N Dickwella,WU Tharanga,AG Cremer,0,0,caught and bowled,N Dickwella
ball,2,18.4,Sri Lanka,AD Mathews,WU Tharanga,AG Cremer,0,0,"",""
ball,2,18.5,Sri Lanka,AD Mathews,WU Tharanga,AG Cremer,0,0,"",""
ball,2,18.6,Sri Lanka,AD Mathews,WU Tharanga,AG Cremer,0,0,"",""
ball,2,18.7,Sri Lanka,AD Mathews,WU Tharanga,AG Cremer,0,0,"",""
ball,2,19.1,Sri Lanka,WU Tharanga,AD Mathews,Sikandar Raza,0,0,"",""
ball,2,19.2,Sri Lanka,WU Tharanga,AD Mathews,Sikandar Raza,0,0,"",""
ball,2,19.3,Sri Lanka,WU Tharanga,AD Mathews,Sikandar Raza,1,0,"",""
ball,2,19.4,Sri Lanka,AD Mathews,WU Tharanga,Sikandar Raza,0,0,"",""
ball,2,19.5,Sri Lanka,AD Mathews,WU Tharanga,Sikandar Raza,1,0,"",""
ball,2,19.6,Sri Lanka,WU Tharanga,AD Mathews,Sikandar Raza,0,0,"",""
ball,2,20.1,Sri Lanka,AD Mathews,WU Tharanga,AG Cremer,1,0,"",""
ball,2,20.2,Sri Lanka,WU Tharanga,AD Mathews,AG Cremer,0,0,"",""
ball,2,20.3,Sri Lanka,WU Tharanga,AD Mathews,AG Cremer,1,0,"",""
ball,2,20.4,Sri Lanka,AD Mathews,WU Tharanga,AG Cremer,0,0,"",""
ball,2,20.5,Sri Lanka,AD Mathews,WU Tharanga,AG Cremer,2,0,"",""
ball,2,20.6,Sri Lanka,AD Mathews,WU Tharanga,AG Cremer,4,0,"",""
ball,2,21.1,Sri Lanka,WU Tharanga,AD Mathews,SC Williams,1,0,"",""
ball,2,21.2,Sri Lanka,AD Mathews,WU Tharanga,SC Williams,0,0,"",""
ball,2,21.3,Sri Lanka,AD Mathews,WU Tharanga,SC Williams,0,0,"",""
ball,2,21.4,Sri Lanka,AD Mathews,WU Tharanga,SC Williams,0,0,"",""
ball,2,21.5,Sri Lanka,AD Mathews,WU Tharanga,SC Williams,0,0,"",""
ball,2,21.6,Sri Lanka,AD Mathews,WU Tharanga,SC Williams,0,0,"",""
ball,2,22.1,Sri Lanka,WU Tharanga,AD Mathews,TL Chatara,3,0,"",""
ball,2,22.2,Sri Lanka,AD Mathews,WU Tharanga,TL Chatara,4,0,"",""
ball,2,22.3,Sri Lanka,AD Mathews,WU Tharanga,TL Chatara,0,1,"",""
ball,2,22.4,Sri Lanka,AD Mathews,WU Tharanga,TL Chatara,0,0,"",""
ball,2,22.5,Sri Lanka,AD Mathews,WU Tharanga,TL Chatara,4,0,"",""
ball,2,22.6,Sri Lanka,AD Mathews,WU Tharanga,TL Chatara,0,0,"",""
ball,2,22.7,Sri Lanka,AD Mathews,WU Tharanga,TL Chatara,1,1,"",""
ball,2,22.8,Sri Lanka,WU Tharanga,AD Mathews,TL Chatara,1,0,"",""
ball,2,23.1,Sri Lanka,WU Tharanga,AD Mathews,SC Williams,0,1,"",""
ball,2,23.2,Sri Lanka,WU Tharanga,AD Mathews,SC Williams,0,0,"",""
ball,2,23.3,Sri Lanka,WU Tharanga,AD Mathews,SC Williams,0,0,"",""
ball,2,23.4,Sri Lanka,WU Tharanga,AD Mathews,SC Williams,0,0,"",""
ball,2,23.5,Sri Lanka,WU Tharanga,AD Mathews,SC Williams,2,0,"",""
ball,2,23.6,Sri Lanka,WU Tharanga,AD Mathews,SC Williams,0,0,"",""
ball,2,23.7,Sri Lanka,WU Tharanga,AD Mathews,SC Williams,0,2,"",""
ball,2,24.1,Sri Lanka,AD Mathews,WU Tharanga,AG Cremer,0,0,"",""
ball,2,24.2,Sri Lanka,AD Mathews,WU Tharanga,AG Cremer,0,0,"",""
ball,2,24.3,Sri Lanka,AD Mathews,WU Tharanga,AG Cremer,0,0,"",""
ball,2,24.4,Sri Lanka,AD Mathews,WU Tharanga,AG Cremer,0,0,"",""
ball,2,24.5,Sri Lanka,AD Mathews,WU Tharanga,AG Cremer,1,0,"",""
ball,2,24.6,Sri Lanka,WU Tharanga,AD Mathews,AG Cremer,2,0,"",""
ball,2,25.1,Sri Lanka,AD Mathews,WU Tharanga,SC Williams,1,0,"",""
ball,2,25.2,Sri Lanka,WU Tharanga,AD Mathews,SC Williams,1,0,"",""
ball,2,25.3,Sri Lanka,AD Mathews,WU Tharanga,SC Williams,0,2,"",""
ball,2,25.4,Sri Lanka,WU Tharanga,AD Mathews,SC Williams,4,0,"",""
ball,2,25.5,Sri Lanka,WU Tharanga,AD Mathews,SC Williams,2,0,"",""
ball,2,25.6,Sri Lanka,WU Tharanga,AD Mathews,SC Williams,2,0,"",""
ball,2,25.7,Sri Lanka,WU Tharanga,AD Mathews,SC Williams,4,0,"",""
ball,2,26.1,Sri Lanka,AD Mathews,WU Tharanga,AG Cremer,1,0,"",""
ball,2,26.2,Sri Lanka,WU Tharanga,AD Mathews,AG Cremer,0,0,"",""
ball,2,26.3,Sri Lanka,WU Tharanga,AD Mathews,AG Cremer,0,0,"",""
ball,2,26.4,Sri Lanka,WU Tharanga,AD Mathews,AG Cremer,0,0,"",""
ball,2,26.5,Sri Lanka,WU Tharanga,AD Mathews,AG Cremer,1,0,"",""
ball,2,26.6,Sri Lanka,AD Mathews,WU Tharanga,AG Cremer,0,0,"",""
ball,2,27.1,Sri Lanka,WU Tharanga,AD Mathews,RP Burl,0,0,"",""
ball,2,27.2,Sri Lanka,WU Tharanga,AD Mathews,RP Burl,1,0,"",""
ball,2,27.3,Sri Lanka,AD Mathews,WU Tharanga,RP Burl,4,0,"",""
ball,2,27.4,Sri Lanka,AD Mathews,WU Tharanga,RP Burl,1,0,"",""
ball,2,27.5,Sri Lanka,WU Tharanga,AD Mathews,RP Burl,0,0,"",""
ball,2,27.6,Sri Lanka,WU Tharanga,AD Mathews,RP Burl,4,0,"",""
ball,2,28.1,Sri Lanka,AD Mathews,WU Tharanga,AG Cremer,0,0,"",""
ball,2,28.2,Sri Lanka,AD Mathews,WU Tharanga,AG Cremer,1,0,"",""
ball,2,28.3,Sri Lanka,WU Tharanga,AD Mathews,AG Cremer,0,0,"",""
ball,2,28.4,Sri Lanka,WU Tharanga,AD Mathews,AG Cremer,4,0,"",""
ball,2,28.5,Sri Lanka,WU Tharanga,AD Mathews,AG Cremer,4,0,"",""
ball,2,28.6,Sri Lanka,WU Tharanga,AD Mathews,AG Cremer,1,0,"",""
ball,2,29.1,Sri Lanka,WU Tharanga,AD Mathews,RP Burl,1,0,"",""
ball,2,29.2,Sri Lanka,AD Mathews,WU Tharanga,RP Burl,1,0,"",""
ball,2,29.3,Sri Lanka,WU Tharanga,AD Mathews,RP Burl,1,0,"",""
ball,2,29.4,Sri Lanka,AD Mathews,WU Tharanga,RP Burl,0,0,"",""
ball,2,29.5,Sri Lanka,AD Mathews,WU Tharanga,RP Burl,1,0,"",""
ball,2,29.6,Sri Lanka,WU Tharanga,AD Mathews,RP Burl,1,0,"",""
ball,2,30.1,Sri Lanka,WU Tharanga,AD Mathews,AG Cremer,4,0,"",""
