version,1.3.0
info,team,Afghanistan
info,team,Australia
info,gender,male
info,season,2019
info,date,2019/06/01
info,competition,World Cup
info,match_number,4
info,venue,County Ground
info,city,Bristol
info,toss_winner,Afghanistan
info,toss_decision,bat
info,player_of_match,DA Warner
info,umpire,Aleem Dar
info,umpire,RK Illingworth
info,reserve_umpire,RA Kettleborough
info,tv_umpire,MA Gough
info,match_referee,RS Madugalle
info,winner,Australia
info,winner_wickets,7
ball,1,0.1,Afghanistan,Mohammad Shahzad,Hazratullah,MA Starc,0,0,"",""
ball,1,0.2,Afghanistan,Mohammad Shahzad,Hazratullah,MA Starc,0,0,"",""
ball,1,0.3,Afghanistan,Mohammad Shahzad,Hazratullah,MA Starc,0,0,bowled,Mohammad Shahzad
ball,1,0.4,Afghanistan,Rahmat Shah,Hazratullah,MA Starc,0,0,"",""
ball,1,0.5,Afghanistan,Rahmat Shah,Hazratullah,MA Starc,3,0,"",""
ball,1,0.6,Afghanistan,Hazratullah,Rahmat Shah,MA Starc,0,0,"",""
ball,1,1.1,Afghanistan,Rahmat Shah,Hazratullah,PJ Cummins,0,1,"",""
ball,1,1.2,Afghanistan,Rahmat Shah,Hazratullah,PJ Cummins,1,0,"",""
ball,1,1.3,Afghanistan,Hazratullah,Rahmat Shah,PJ Cummins,0,0,caught,Hazratullah
ball,1,1.4,Afghanistan,Hashmatullah Shahidi,Rahmat Shah,PJ Cummins,0,0,"",""
ball,1,1.5,Afghanistan,Hashmatullah Shahidi,Rahmat Shah,PJ Cummins,1,0,"",""
ball,1,1.6,Afghanistan,Rahmat Shah,Hashmatullah Shahidi,PJ Cummins,0,0,"",""
ball,1,1.7,Afghanistan,Rahmat Shah,Hashmatullah Shahidi,PJ Cummins,0,0,"",""
ball,1,2.1,Afghanistan,Hashmatullah Shahidi,Rahmat Shah,MA Starc,4,0,"",""
ball,1,2.2,Afghanistan,Hashmatullah Shahidi,Rahmat Shah,MA Starc,0,0,"",""
ball,1,2.3,Afghanistan,Hashmatullah Shahidi,Rahmat Shah,MA Starc,0,0,"",""
ball,1,2.4,Afghanistan,Hashmatullah Shahidi,Rahmat Shah,MA Starc,0,0,"",""
ball,1,2.5,Afghanistan,Hashmatullah Shahidi,Rahmat Shah,MA Starc,0,1,"",""
ball,1,2.6,Afghanistan,Hashmatullah Shahidi,Rahmat Shah,MA Starc,0,0,"",""
ball,1,2.7,Afghanistan,Hashmatullah Shahidi,Rahmat Shah,MA Starc,0,0,"",""
ball,1,3.1,Afghanistan,Rahmat Shah,Hashmatullah Shahidi,PJ Cummins,2,0,"",""
ball,1,3.2,Afghanistan,Rahmat Shah,Hashmatullah Shahidi,PJ Cummins,0,0,"",""
ball,1,3.3,Afghanistan,Rahmat Shah,Hashmatullah Shahidi,PJ Cummins,0,0,"",""
ball,1,3.4,Afghanistan,Rahmat Shah,Hashmatullah Shahidi,PJ Cummins,0,0,"",""
ball,1,3.5,Afghanistan,Rahmat Shah,Hashmatullah Shahidi,PJ Cummins,0,0,"",""
ball,1,3.6,Afghanistan,Rahmat Shah,Hashmatullah Shahidi,PJ Cummins,4,0,"",""
ball,1,4.1,Afghanistan,Hashmatullah Shahidi,Rahmat Shah,MA Starc,0,0,"",""
ball,1,4.2,Afghanistan,Hashmatullah Shahidi,Rahmat Shah,MA Starc,1,0,"",""
ball,1,4.3,Afghanistan,Rahmat Shah,Hashmatullah Shahidi,MA Starc,0,0,"",""
ball,1,4.4,Afghanistan,Rahmat Shah,Hashmatullah Shahidi,MA Starc,0,0,"",""
ball,1,4.5,Afghanistan,Rahmat Shah,Hashmatullah Shahidi,MA Starc,0,0,"",""
ball,1,4.6,Afghanistan,Rahmat Shah,Hashmatullah Shahidi,MA Starc,1,0,"",""
ball,1,5.1,Afghanistan,Rahmat Shah,Hashmatullah Shahidi,PJ Cummins,0,0,"",""
ball,1,5.2,Afghanistan,Rahmat Shah,Hashmatullah Shahidi,PJ Cummins,0,0,"",""
ball,1,5.3,Afghanistan,Rahmat Shah,Hashmatullah Shahidi,PJ Cummins,0,0,"",""
ball,1,5.4,Afghanistan,Rahmat Shah,Hashmatullah Shahidi,PJ Cummins,0,0,"",""
ball,1,5.5,Afghanistan,Rahmat Shah,Hashmatullah Shahidi,PJ Cummins,4,0,"",""
ball,1,5.6,Afghanistan,Rahmat Shah,Hashmatullah Shahidi,PJ Cummins,0,0,"",""
ball,1,6.1,Afghanistan,Hashmatullah Shahidi,Rahmat Shah,NM Coulter-Nile,0,1,"",""
ball,1,6.2,Afghanistan,Rahmat Shah,Hashmatullah Shahidi,NM Coulter-Nile,0,0,"",""
ball,1,6.3,Afghanistan,Rahmat Shah,Hashmatullah Shahidi,NM Coulter-Nile,4,0,"",""
ball,1,6.4,Afghanistan,Rahmat Shah,Hashmatullah Shahidi,NM Coulter-Nile,0,1,"",""
ball,1,6.5,Afghanistan,Rahmat Shah,Hashmatullah Shahidi,NM Coulter-Nile,1,0,"",""
ball,1,6.6,Afghanistan,Hashmatullah Shahidi,Rahmat Shah,NM Coulter-Nile,0,0,"",""
ball,1,6.7,Afghanistan,Hashmatullah Shahidi,Rahmat Shah,NM Coulter-Nile,0,0,"",""
ball,1,7.1,Afghanistan,Rahmat Shah,Hashmatullah Shahidi,PJ Cummins,0,0,"",""
ball,1,7.2,Afghanistan,Rahmat Shah,Hashmatullah Shahidi,PJ Cummins,1,0,"",""
ball,1,7.3,Afghanistan,Hashmatullah Shahidi,Rahmat Shah,PJ Cummins,0,1,"",""
ball,1,7.4,Afghanistan,Hashmatullah Shahidi,Rahmat Shah,PJ Cummins,0,0,"",""
ball,1,7.5,Afghanistan,Hashmatullah Shahidi,Rahmat Shah,PJ Cummins,0,0,"",""
ball,1,7.6,Afghanistan,Hashmatullah Shahidi,Rahmat Shah,PJ Cummins,0,0,"",""
ball,1,7.7,Afghanistan,Hashmatullah Shahidi,Rahmat Shah,PJ Cummins,0,0,"",""
ball,1,8.1,Afghanistan,Rahmat Shah,Hashmatullah Shahidi,NM Coulter-Nile,0,0,"",""
ball,1,8.2,Afghanistan,Rahmat Shah,Hashmatullah Shahidi,NM Coulter-Nile,0,0,"",""
ball,1,8.3,Afghanistan,Rahmat Shah,Hashmatullah Shahidi,NM Coulter-Nile,0,0,"",""
ball,1,8.4,Afghanistan,Rahmat Shah,Hashmatullah Shahidi,NM Coulter-Nile,1,0,"",""
ball,1,8.5,Afghanistan,Hashmatullah Shahidi,Rahmat Shah,NM Coulter-Nile,0,0,"",""
ball,1,8.6,Afghanistan,Hashmatullah Shahidi,Rahmat Shah,NM Coulter-Nile,0,0,"",""
ball,1,9.1,Afghanistan,Rahmat Shah,Hashmatullah Shahidi,MP Stoinis,0,0,"",""
ball,1,9.2,Afghanistan,Rahmat Shah,Hashmatullah Shahidi,MP Stoinis,0,0,"",""
ball,1,9.3,Afghanistan,Rahmat Shah,Hashmatullah Shahidi,MP Stoinis,0,0,"",""
ball,1,9.4,Afghanistan,Rahmat Shah,Hashmatullah Shahidi,MP Stoinis,4,0,"",""
ball,1,9.5,Afghanistan,Rahmat Shah,Hashmatullah Shahidi,MP Stoinis,0,0,"",""
ball,1,9.6,Afghanistan,Rahmat Shah,Hashmatullah Shahidi,MP Stoinis,0,0,"",""
ball,1,10.1,Afghanistan,Hashmatullah Shahidi,Rahmat Shah,NM Coulter-Nile,0,0,"",""
ball,1,10.2,Afghanistan,Hashmatullah Shahidi,Rahmat Shah,NM Coulter-Nile,4,0,"",""
ball,1,10.3,Afghanistan,Hashmatullah Shahidi,Rahmat Shah,NM Coulter-Nile,0,0,"",""
ball,1,10.4,Afghanistan,Hashmatullah Shahidi,Rahmat Shah,NM Coulter-Nile,0,0,"",""
ball,1,10.5,Afghanistan,Hashmatullah Shahidi,Rahmat Shah,NM Coulter-Nile,4,0,"",""
ball,1,10.6,Afghanistan,Hashmatullah Shahidi,Rahmat Shah,NM Coulter-Nile,0,0,"",""
ball,1,11.1,Afghanistan,Rahmat Shah,Hashmatullah Shahidi,MP Stoinis,0,0,"",""
ball,1,11.2,Afghanistan,Rahmat Shah,Hashmatullah Shahidi,MP Stoinis,0,0,"",""
ball,1,11.3,Afghanistan,Rahmat Shah,Hashmatullah Shahidi,MP Stoinis,0,0,"",""
ball,1,11.4,Afghanistan,Rahmat Shah,Hashmatullah Shahidi,MP Stoinis,1,0,"",""
ball,1,11.5,Afghanistan,Hashmatullah Shahidi,Rahmat Shah,MP Stoinis,0,1,"",""
ball,1,11.6,Afghanistan,Hashmatullah Shahidi,Rahmat Shah,MP Stoinis,1,0,"",""
ball,1,11.7,Afghanistan,Rahmat Shah,Hashmatullah Shahidi,MP Stoinis,0,1,"",""
ball,1,11.8,Afghanistan,Rahmat Shah,Hashmatullah Shahidi,MP Stoinis,0,0,"",""
ball,1,12.1,Afghanistan,Hashmatullah Shahidi,Rahmat Shah,NM Coulter-Nile,2,0,"",""
ball,1,12.2,Afghanistan,Hashmatullah Shahidi,Rahmat Shah,NM Coulter-Nile,0,0,"",""
ball,1,12.3,Afghanistan,Hashmatullah Shahidi,Rahmat Shah,NM Coulter-Nile,0,0,"",""
ball,1,12.4,Afghanistan,Hashmatullah Shahidi,Rahmat Shah,NM Coulter-Nile,0,0,"",""
ball,1,12.5,Afghanistan,Hashmatullah Shahidi,Rahmat Shah,NM Coulter-Nile,0,0,"",""
ball,1,12.6,Afghanistan,Hashmatullah Shahidi,Rahmat Shah,NM Coulter-Nile,0,0,"",""
ball,1,13.1,Afghanistan,Rahmat Shah,Hashmatullah Shahidi,A Zampa,1,0,"",""
ball,1,13.2,Afghanistan,Hashmatullah Shahidi,Rahmat Shah,A Zampa,1,0,"",""
ball,1,13.3,Afghanistan,Rahmat Shah,Hashmatullah Shahidi,A Zampa,2,0,"",""
ball,1,13.4,Afghanistan,Rahmat Shah,Hashmatullah Shahidi,A Zampa,1,0,"",""
ball,1,13.5,Afghanistan,Hashmatullah Shahidi,Rahmat Shah,A Zampa,0,0,stumped,Hashmatullah Shahidi
ball,1,13.6,Afghanistan,Mohammad Nabi,Rahmat Shah,A Zampa,1,0,"",""
ball,1,14.1,Afghanistan,Mohammad Nabi,Rahmat Shah,MA Starc,0,0,"",""
ball,1,14.2,Afghanistan,Mohammad Nabi,Rahmat Shah,MA Starc,0,0,"",""
ball,1,14.3,Afghanistan,Mohammad Nabi,Rahmat Shah,MA Starc,0,0,"",""
ball,1,14.4,Afghanistan,Mohammad Nabi,Rahmat Shah,MA Starc,0,0,"",""
ball,1,14.5,Afghanistan,Mohammad Nabi,Rahmat Shah,MA Starc,0,0,"",""
ball,1,14.6,Afghanistan,Mohammad Nabi,Rahmat Shah,MA Starc,0,1,"",""
ball,1,15.1,Afghanistan,Mohammad Nabi,Rahmat Shah,A Zampa,0,0,"",""
ball,1,15.2,Afghanistan,Mohammad Nabi,Rahmat Shah,A Zampa,1,0,"",""
ball,1,15.3,Afghanistan,Rahmat Shah,Mohammad Nabi,A Zampa,4,0,"",""
ball,1,15.4,Afghanistan,Rahmat Shah,Mohammad Nabi,A Zampa,0,0,"",""
ball,1,15.5,Afghanistan,Rahmat Shah,Mohammad Nabi,A Zampa,1,0,"",""
ball,1,15.6,Afghanistan,Mohammad Nabi,Rahmat Shah,A Zampa,0,0,"",""
ball,1,16.1,Afghanistan,Rahmat Shah,Mohammad Nabi,MA Starc,0,0,"",""
ball,1,16.2,Afghanistan,Rahmat Shah,Mohammad Nabi,MA Starc,0,0,"",""
ball,1,16.3,Afghanistan,Rahmat Shah,Mohammad Nabi,MA Starc,4,0,"",""
ball,1,16.4,Afghanistan,Rahmat Shah,Mohammad Nabi,MA Starc,1,0,"",""
ball,1,16.5,Afghanistan,Mohammad Nabi,Rahmat Shah,MA Starc,0,0,"",""
ball,1,16.6,Afghanistan,Mohammad Nabi,Rahmat Shah,MA Starc,1,0,"",""
ball,1,17.1,Afghanistan,Mohammad Nabi,Rahmat Shah,A Zampa,1,0,"",""
ball,1,17.2,Afghanistan,Rahmat Shah,Mohammad Nabi,A Zampa,0,0,"",""
ball,1,17.3,Afghanistan,Rahmat Shah,Mohammad Nabi,A Zampa,0,0,"",""
ball,1,17.4,Afghanistan,Rahmat Shah,Mohammad Nabi,A Zampa,1,0,"",""
ball,1,17.5,Afghanistan,Mohammad Nabi,Rahmat Shah,A Zampa,1,0,"",""
ball,1,17.6,Afghanistan,Rahmat Shah,Mohammad Nabi,A Zampa,0,0,"",""
ball,1,18.1,Afghanistan,Mohammad Nabi,Rahmat Shah,MP Stoinis,1,0,"",""
ball,1,18.2,Afghanistan,Rahmat Shah,Mohammad Nabi,MP Stoinis,0,0,"",""
ball,1,18.3,Afghanistan,Rahmat Shah,Mohammad Nabi,MP Stoinis,1,0,"",""
ball,1,18.4,Afghanistan,Mohammad Nabi,Rahmat Shah,MP Stoinis,0,0,"",""
ball,1,18.5,Afghanistan,Mohammad Nabi,Rahmat Shah,MP Stoinis,0,0,"",""
ball,1,18.6,Afghanistan,Mohammad Nabi,Rahmat Shah,MP Stoinis,0,0,"",""
ball,1,19.1,Afghanistan,Rahmat Shah,Mohammad Nabi,A Zampa,0,0,"",""
ball,1,19.2,Afghanistan,Rahmat Shah,Mohammad Nabi,A Zampa,0,0,caught,Rahmat Shah
ball,1,19.3,Afghanistan,Gulbadin Naib,Mohammad Nabi,A Zampa,1,0,"",""
ball,1,19.4,Afghanistan,Mohammad Nabi,Gulbadin Naib,A Zampa,0,0,"",""
ball,1,19.5,Afghanistan,Mohammad Nabi,Gulbadin Naib,A Zampa,1,0,"",""
ball,1,19.6,Afghanistan,Gulbadin Naib,Mohammad Nabi,A Zampa,0,0,"",""
ball,1,20.1,Afghanistan,Mohammad Nabi,Gulbadin Naib,MP Stoinis,0,0,"",""
ball,1,20.2,Afghanistan,Mohammad Nabi,Gulbadin Naib,MP Stoinis,0,0,run out,Mohammad Nabi
ball,1,20.3,Afghanistan,Najibullah Zadran,Gulbadin Naib,MP Stoinis,0,0,"",""
ball,1,20.4,Afghanistan,Najibullah Zadran,Gulbadin Naib,MP Stoinis,0,0,"",""
ball,1,20.5,Afghanistan,Najibullah Zadran,Gulbadin Naib,MP Stoinis,0,0,"",""
ball,1,20.6,Afghanistan,Najibullah Zadran,Gulbadin Naib,MP Stoinis,0,0,"",""
ball,1,21.1,Afghanistan,Gulbadin Naib,Najibullah Zadran,PJ Cummins,4,0,"",""
ball,1,21.2,Afghanistan,Gulbadin Naib,Najibullah Zadran,PJ Cummins,0,0,"",""
ball,1,21.3,Afghanistan,Gulbadin Naib,Najibullah Zadran,PJ Cummins,4,0,"",""
ball,1,21.4,Afghanistan,Gulbadin Naib,Najibullah Zadran,PJ Cummins,0,0,"",""
ball,1,21.5,Afghanistan,Gulbadin Naib,Najibullah Zadran,PJ Cummins,0,0,"",""
ball,1,21.6,Afghanistan,Gulbadin Naib,Najibullah Zadran,PJ Cummins,1,0,"",""
ball,1,22.1,Afghanistan,Gulbadin Naib,Najibullah Zadran,MP Stoinis,0,0,"",""
ball,1,22.2,Afghanistan,Gulbadin Naib,Najibullah Zadran,MP Stoinis,0,0,"",""
ball,1,22.3,Afghanistan,Gulbadin Naib,Najibullah Zadran,MP Stoinis,4,0,"",""
ball,1,22.4,Afghanistan,Gulbadin Naib,Najibullah Zadran,MP Stoinis,0,0,"",""
ball,1,22.5,Afghanistan,Gulbadin Naib,Najibullah Zadran,MP Stoinis,0,0,"",""
ball,1,22.6,Afghanistan,Gulbadin Naib,Najibullah Zadran,MP Stoinis,0,0,"",""
ball,1,23.1,Afghanistan,Najibullah Zadran,Gulbadin Naib,PJ Cummins,0,0,"",""
ball,1,23.2,Afghanistan,Najibullah Zadran,Gulbadin Naib,PJ Cummins,0,0,"",""
ball,1,23.3,Afghanistan,Najibullah Zadran,Gulbadin Naib,PJ Cummins,0,0,"",""
ball,1,23.4,Afghanistan,Najibullah Zadran,Gulbadin Naib,PJ Cummins,0,0,"",""
ball,1,23.5,Afghanistan,Najibullah Zadran,Gulbadin Naib,PJ Cummins,1,0,"",""
ball,1,23.6,Afghanistan,Gulbadin Naib,Najibullah Zadran,PJ Cummins,0,0,"",""
ball,1,24.1,Afghanistan,Najibullah Zadran,Gulbadin Naib,A Zampa,0,0,"",""
ball,1,24.2,Afghanistan,Najibullah Zadran,Gulbadin Naib,A Zampa,1,0,"",""
ball,1,24.3,Afghanistan,Gulbadin Naib,Najibullah Zadran,A Zampa,1,0,"",""
ball,1,24.4,Afghanistan,Najibullah Zadran,Gulbadin Naib,A Zampa,4,0,"",""
ball,1,24.5,Afghanistan,Najibullah Zadran,Gulbadin Naib,A Zampa,1,0,"",""
ball,1,24.6,Afghanistan,Gulbadin Naib,Najibullah Zadran,A Zampa,0,0,"",""
ball,1,25.1,Afghanistan,Najibullah Zadran,Gulbadin Naib,NM Coulter-Nile,0,0,"",""
ball,1,25.2,Afghanistan,Najibullah Zadran,Gulbadin Naib,NM Coulter-Nile,0,0,"",""
ball,1,25.3,Afghanistan,Najibullah Zadran,Gulbadin Naib,NM Coulter-Nile,4,0,"",""
ball,1,25.4,Afghanistan,Najibullah Zadran,Gulbadin Naib,NM Coulter-Nile,0,0,"",""
ball,1,25.5,Afghanistan,Najibullah Zadran,Gulbadin Naib,NM Coulter-Nile,0,0,"",""
ball,1,25.6,Afghanistan,Najibullah Zadran,Gulbadin Naib,NM Coulter-Nile,0,0,"",""
ball,1,26.1,Afghanistan,Gulbadin Naib,Najibullah Zadran,A Zampa,1,0,"",""
ball,1,26.2,Afghanistan,Najibullah Zadran,Gulbadin Naib,A Zampa,0,0,"",""
ball,1,26.3,Afghanistan,Najibullah Zadran,Gulbadin Naib,A Zampa,4,0,"",""
ball,1,26.4,Afghanistan,Najibullah Zadran,Gulbadin Naib,A Zampa,0,0,"",""
ball,1,26.5,Afghanistan,Najibullah Zadran,Gulbadin Naib,A Zampa,0,0,"",""
ball,1,26.6,Afghanistan,Najibullah Zadran,Gulbadin Naib,A Zampa,0,0,"",""
ball,1,27.1,Afghanistan,Gulbadin Naib,Najibullah Zadran,NM Coulter-Nile,0,0,"",""
ball,1,27.2,Afghanistan,Gulbadin Naib,Najibullah Zadran,NM Coulter-Nile,0,0,"",""
ball,1,27.3,Afghanistan,Gulbadin Naib,Najibullah Zadran,NM Coulter-Nile,0,0,"",""
ball,1,27.4,Afghanistan,Gulbadin Naib,Najibullah Zadran,NM Coulter-Nile,0,0,"",""
ball,1,27.5,Afghanistan,Gulbadin Naib,Najibullah Zadran,NM Coulter-Nile,0,0,"",""
ball,1,27.6,Afghanistan,Gulbadin Naib,Najibullah Zadran,NM Coulter-Nile,0,0,"",""
ball,1,28.1,Afghanistan,Najibullah Zadran,Gulbadin Naib,A Zampa,1,0,"",""
ball,1,28.2,Afghanistan,Gulbadin Naib,Najibullah Zadran,A Zampa,1,0,"",""
ball,1,28.3,Afghanistan,Najibullah Zadran,Gulbadin Naib,A Zampa,4,0,"",""
ball,1,28.4,Afghanistan,Najibullah Zadran,Gulbadin Naib,A Zampa,4,0,"",""
ball,1,28.5,Afghanistan,Najibullah Zadran,Gulbadin Naib,A Zampa,6,0,"",""
ball,1,28.6,Afghanistan,Najibullah Zadran,Gulbadin Naib,A Zampa,6,0,"",""
ball,1,29.1,Afghanistan,Gulbadin Naib,Najibullah Zadran,NM Coulter-Nile,1,0,"",""
ball,1,29.2,Afghanistan,Najibullah Zadran,Gulbadin Naib,NM Coulter-Nile,0,1,"",""
ball,1,29.3,Afghanistan,Najibullah Zadran,Gulbadin Naib,NM Coulter-Nile,0,0,"",""
ball,1,29.4,Afghanistan,Najibullah Zadran,Gulbadin Naib,NM Coulter-Nile,0,0,"",""
ball,1,29.5,Afghanistan,Najibullah Zadran,Gulbadin Naib,NM Coulter-Nile,1,0,"",""
ball,1,29.6,Afghanistan,Gulbadin Naib,Najibullah Zadran,NM Coulter-Nile,2,0,"",""
ball,1,29.7,Afghanistan,Gulbadin Naib,Najibullah Zadran,NM Coulter-Nile,0,0,"",""
ball,1,30.1,Afghanistan,Najibullah Zadran,Gulbadin Naib,MA Starc,0,0,"",""
ball,1,30.2,Afghanistan,Najibullah Zadran,Gulbadin Naib,MA Starc,0,0,"",""
ball,1,30.3,Afghanistan,Najibullah Zadran,Gulbadin Naib,MA Starc,0,0,"",""
ball,1,30.4,Afghanistan,Najibullah Zadran,Gulbadin Naib,MA Starc,4,0,"",""
ball,1,30.5,Afghanistan,Najibullah Zadran,Gulbadin Naib,MA Starc,1,0,"",""
ball,1,30.6,Afghanistan,Gulbadin Naib,Najibullah Zadran,MA Starc,4,0,"",""
ball,1,31.1,Afghanistan,Najibullah Zadran,Gulbadin Naib,NM Coulter-Nile,1,0,"",""
ball,1,31.2,Afghanistan,Gulbadin Naib,Najibullah Zadran,NM Coulter-Nile,1,0,"",""
ball,1,31.3,Afghanistan,Najibullah Zadran,Gulbadin Naib,NM Coulter-Nile,1,0,"",""
ball,1,31.4,Afghanistan,Najibullah Zadran,Gulbadin Naib,NM Coulter-Nile,0,0,"",""
ball,1,31.5,Afghanistan,Najibullah Zadran,Gulbadin Naib,NM Coulter-Nile,1,0,"",""
ball,1,31.6,Afghanistan,Gulbadin Naib,Najibullah Zadran,NM Coulter-Nile,6,0,"",""
ball,1,32.1,Afghanistan,Najibullah Zadran,Gulbadin Naib,MA Starc,0,0,"",""
ball,1,32.2,Afghanistan,Najibullah Zadran,Gulbadin Naib,MA Starc,0,0,"",""
ball,1,32.3,Afghanistan,Najibullah Zadran,Gulbadin Naib,MA Starc,0,1,"",""
ball,1,32.4,Afghanistan,Najibullah Zadran,Gulbadin Naib,MA Starc,1,0,"",""
ball,1,32.5,Afghanistan,Gulbadin Naib,Najibullah Zadran,MA Starc,0,1,"",""
ball,1,32.6,Afghanistan,Najibullah Zadran,Gulbadin Naib,MA Starc,0,0,"",""
ball,1,32.7,Afghanistan,Najibullah Zadran,Gulbadin Naib,MA Starc,4,0,"",""
ball,1,33.1,Afghanistan,Gulbadin Naib,Najibullah Zadran,MP Stoinis,0,0,caught,Gulbadin Naib
ball,1,33.2,Afghanistan,Najibullah Zadran,Rashid Khan,MP Stoinis,0,0,"",""
ball,1,33.3,Afghanistan,Najibullah Zadran,Rashid Khan,MP Stoinis,1,0,"",""
ball,1,33.4,Afghanistan,Rashid Khan,Najibullah Zadran,MP Stoinis,1,0,"",""
ball,1,33.5,Afghanistan,Najibullah Zadran,Rashid Khan,MP Stoinis,0,0,caught,Najibullah Zadran
ball,1,33.6,Afghanistan,Rashid Khan,Dawlat Zadran,MP Stoinis,0,0,"",""
ball,1,34.1,Afghanistan,Dawlat Zadran,Rashid Khan,PJ Cummins,0,0,"",""
ball,1,34.2,Afghanistan,Dawlat Zadran,Rashid Khan,PJ Cummins,0,0,"",""
ball,1,34.3,Afghanistan,Dawlat Zadran,Rashid Khan,PJ Cummins,0,0,"",""
ball,1,34.4,Afghanistan,Dawlat Zadran,Rashid Khan,PJ Cummins,0,0,"",""
ball,1,34.5,Afghanistan,Dawlat Zadran,Rashid Khan,PJ Cummins,4,0,"",""
ball,1,34.6,Afghanistan,Dawlat Zadran,Rashid Khan,PJ Cummins,0,0,caught,Dawlat Zadran
ball,1,35.1,Afghanistan,Rashid Khan,Mujeeb Ur Rahman,MP Stoinis,0,1,"",""
ball,1,35.2,Afghanistan,Rashid Khan,Mujeeb Ur Rahman,MP Stoinis,0,0,"",""
ball,1,35.3,Afghanistan,Rashid Khan,Mujeeb Ur Rahman,MP Stoinis,6,0,"",""
ball,1,35.4,Afghanistan,Rashid Khan,Mujeeb Ur Rahman,MP Stoinis,0,0,"",""
ball,1,35.5,Afghanistan,Rashid Khan,Mujeeb Ur Rahman,MP Stoinis,4,0,"",""
ball,1,35.6,Afghanistan,Rashid Khan,Mujeeb Ur Rahman,MP Stoinis,4,0,"",""
ball,1,35.7,Afghanistan,Rashid Khan,Mujeeb Ur Rahman,MP Stoinis,6,0,"",""
ball,1,36.1,Afghanistan,Mujeeb Ur Rahman,Rashid Khan,PJ Cummins,0,0,"",""
ball,1,36.2,Afghanistan,Mujeeb Ur Rahman,Rashid Khan,PJ Cummins,4,0,"",""
ball,1,36.3,Afghanistan,Mujeeb Ur Rahman,Rashid Khan,PJ Cummins,0,0,"",""
ball,1,36.4,Afghanistan,Mujeeb Ur Rahman,Rashid Khan,PJ Cummins,6,0,"",""
ball,1,36.5,Afghanistan,Mujeeb Ur Rahman,Rashid Khan,PJ Cummins,1,0,"",""
ball,1,36.6,Afghanistan,Rashid Khan,Mujeeb Ur Rahman,PJ Cummins,0,0,"",""
ball,1,37.1,Afghanistan,Mujeeb Ur Rahman,Rashid Khan,A Zampa,1,0,"",""
ball,1,37.2,Afghanistan,Rashid Khan,Mujeeb Ur Rahman,A Zampa,6,0,"",""
ball,1,37.3,Afghanistan,Rashid Khan,Mujeeb Ur Rahman,A Zampa,0,0,lbw,Rashid Khan
ball,1,37.4,Afghanistan,Hamid Hassan,Mujeeb Ur Rahman,A Zampa,1,0,"",""
ball,1,37.5,Afghanistan,Mujeeb Ur Rahman,Hamid Hassan,A Zampa,1,0,"",""
ball,1,37.6,Afghanistan,Hamid Hassan,Mujeeb Ur Rahman,A Zampa,0,0,"",""
ball,1,38.1,Afghanistan,Mujeeb Ur Rahman,Hamid Hassan,PJ Cummins,0,0,"",""
ball,1,38.2,Afghanistan,Mujeeb Ur Rahman,Hamid Hassan,PJ Cummins,0,0,bowled,Mujeeb Ur Rahman
ball,2,0.1,Australia,AJ Finch,DA Warner,Mujeeb Ur Rahman,1,0,"",""
ball,2,0.2,Australia,DA Warner,AJ Finch,Mujeeb Ur Rahman,1,0,"",""
ball,2,0.3,Australia,AJ Finch,DA Warner,Mujeeb Ur Rahman,4,0,"",""
ball,2,0.4,Australia,AJ Finch,DA Warner,Mujeeb Ur Rahman,4,0,"",""
ball,2,0.5,Australia,AJ Finch,DA Warner,Mujeeb Ur Rahman,0,0,"",""
ball,2,0.6,Australia,AJ Finch,DA Warner,Mujeeb Ur Rahman,0,0,"",""
ball,2,1.1,Australia,DA Warner,AJ Finch,Hamid Hassan,0,0,"",""
ball,2,1.2,Australia,DA Warner,AJ Finch,Hamid Hassan,0,0,"",""
ball,2,1.3,Australia,DA Warner,AJ Finch,Hamid Hassan,0,0,"",""
ball,2,1.4,Australia,DA Warner,AJ Finch,Hamid Hassan,0,0,"",""
ball,2,1.5,Australia,DA Warner,AJ Finch,Hamid Hassan,0,0,"",""
ball,2,1.6,Australia,DA Warner,AJ Finch,Hamid Hassan,0,0,"",""
ball,2,2.1,Australia,AJ Finch,DA Warner,Mujeeb Ur Rahman,0,0,"",""
ball,2,2.2,Australia,AJ Finch,DA Warner,Mujeeb Ur Rahman,6,0,"",""
ball,2,2.3,Australia,AJ Finch,DA Warner,Mujeeb Ur Rahman,0,0,"",""
ball,2,2.4,Australia,AJ Finch,DA Warner,Mujeeb Ur Rahman,1,0,"",""
ball,2,2.5,Australia,DA Warner,AJ Finch,Mujeeb Ur Rahman,3,0,"",""
ball,2,2.6,Australia,AJ Finch,DA Warner,Mujeeb Ur Rahman,4,0,"",""
ball,2,3.1,Australia,DA Warner,AJ Finch,Hamid Hassan,1,0,"",""
ball,2,3.2,Australia,AJ Finch,DA Warner,Hamid Hassan,0,0,"",""
ball,2,3.3,Australia,AJ Finch,DA Warner,Hamid Hassan,0,0,"",""
ball,2,3.4,Australia,AJ Finch,DA Warner,Hamid Hassan,0,0,"",""
ball,2,3.5,Australia,AJ Finch,DA Warner,Hamid Hassan,0,0,"",""
ball,2,3.6,Australia,AJ Finch,DA Warner,Hamid Hassan,4,0,"",""
ball,2,4.1,Australia,DA Warner,AJ Finch,Dawlat Zadran,0,1,"",""
ball,2,4.2,Australia,DA Warner,AJ Finch,Dawlat Zadran,4,0,"",""
ball,2,4.3,Australia,DA Warner,AJ Finch,Dawlat Zadran,0,0,"",""
ball,2,4.4,Australia,DA Warner,AJ Finch,Dawlat Zadran,0,0,"",""
ball,2,4.5,Australia,DA Warner,AJ Finch,Dawlat Zadran,0,0,"",""
ball,2,4.6,Australia,DA Warner,AJ Finch,Dawlat Zadran,1,0,"",""
ball,2,4.7,Australia,AJ Finch,DA Warner,Dawlat Zadran,0,0,"",""
ball,2,5.1,Australia,DA Warner,AJ Finch,Hamid Hassan,4,0,"",""
ball,2,5.2,Australia,DA Warner,AJ Finch,Hamid Hassan,0,0,"",""
ball,2,5.3,Australia,DA Warner,AJ Finch,Hamid Hassan,1,0,"",""
ball,2,5.4,Australia,AJ Finch,DA Warner,Hamid Hassan,0,0,"",""
ball,2,5.5,Australia,AJ Finch,DA Warner,Hamid Hassan,0,0,"",""
ball,2,5.6,Australia,AJ Finch,DA Warner,Hamid Hassan,0,0,"",""
ball,2,6.1,Australia,DA Warner,AJ Finch,Dawlat Zadran,0,0,"",""
ball,2,6.2,Australia,DA Warner,AJ Finch,Dawlat Zadran,0,0,"",""
ball,2,6.3,Australia,DA Warner,AJ Finch,Dawlat Zadran,0,0,"",""
ball,2,6.4,Australia,DA Warner,AJ Finch,Dawlat Zadran,1,0,"",""
ball,2,6.5,Australia,AJ Finch,DA Warner,Dawlat Zadran,0,1,"",""
ball,2,6.6,Australia,AJ Finch,DA Warner,Dawlat Zadran,2,0,"",""
ball,2,6.7,Australia,AJ Finch,DA Warner,Dawlat Zadran,0,0,"",""
ball,2,7.1,Australia,DA Warner,AJ Finch,Hamid Hassan,0,0,"",""
ball,2,7.2,Australia,DA Warner,AJ Finch,Hamid Hassan,0,0,"",""
ball,2,7.3,Australia,DA Warner,AJ Finch,Hamid Hassan,0,0,"",""
ball,2,7.4,Australia,DA Warner,AJ Finch,Hamid Hassan,0,0,"",""
ball,2,7.5,Australia,DA Warner,AJ Finch,Hamid Hassan,0,0,"",""
ball,2,7.6,Australia,DA Warner,AJ Finch,Hamid Hassan,0,0,"",""
ball,2,8.1,Australia,AJ Finch,DA Warner,Dawlat Zadran,0,0,"",""
ball,2,8.2,Australia,AJ Finch,DA Warner,Dawlat Zadran,0,0,"",""
ball,2,8.3,Australia,AJ Finch,DA Warner,Dawlat Zadran,6,0,"",""
ball,2,8.4,Australia,AJ Finch,DA Warner,Dawlat Zadran,0,0,"",""
ball,2,8.5,Australia,AJ Finch,DA Warner,Dawlat Zadran,0,0,"",""
ball,2,8.6,Australia,AJ Finch,DA Warner,Dawlat Zadran,4,0,"",""
ball,2,9.1,Australia,DA Warner,AJ Finch,Gulbadin Naib,0,0,"",""
ball,2,9.2,Australia,DA Warner,AJ Finch,Gulbadin Naib,0,0,"",""
ball,2,9.3,Australia,DA Warner,AJ Finch,Gulbadin Naib,0,0,"",""
ball,2,9.4,Australia,DA Warner,AJ Finch,Gulbadin Naib,1,0,"",""
ball,2,9.5,Australia,AJ Finch,DA Warner,Gulbadin Naib,0,0,"",""
ball,2,9.6,Australia,AJ Finch,DA Warner,Gulbadin Naib,0,0,"",""
ball,2,10.1,Australia,DA Warner,AJ Finch,Mohammad Nabi,1,0,"",""
ball,2,10.2,Australia,AJ Finch,DA Warner,Mohammad Nabi,2,0,"",""
ball,2,10.3,Australia,AJ Finch,DA Warner,Mohammad Nabi,0,0,"",""
ball,2,10.4,Australia,AJ Finch,DA Warner,Mohammad Nabi,0,0,"",""
ball,2,10.5,Australia,AJ Finch,DA Warner,Mohammad Nabi,0,0,"",""
ball,2,10.6,Australia,AJ Finch,DA Warner,Mohammad Nabi,0,0,"",""
ball,2,11.1,Australia,DA Warner,AJ Finch,Gulbadin Naib,1,0,"",""
ball,2,11.2,Australia,AJ Finch,DA Warner,Gulbadin Naib,0,0,"",""
ball,2,11.3,Australia,AJ Finch,DA Warner,Gulbadin Naib,6,0,"",""
ball,2,11.4,Australia,AJ Finch,DA Warner,Gulbadin Naib,1,0,"",""
ball,2,11.5,Australia,DA Warner,AJ Finch,Gulbadin Naib,0,0,"",""
ball,2,11.6,Australia,DA Warner,AJ Finch,Gulbadin Naib,0,0,"",""
ball,2,12.1,Australia,AJ Finch,DA Warner,Mohammad Nabi,1,0,"",""
ball,2,12.2,Australia,DA Warner,AJ Finch,Mohammad Nabi,0,0,"",""
ball,2,12.3,Australia,DA Warner,AJ Finch,Mohammad Nabi,0,0,"",""
ball,2,12.4,Australia,DA Warner,AJ Finch,Mohammad Nabi,0,0,"",""
ball,2,12.5,Australia,DA Warner,AJ Finch,Mohammad Nabi,1,0,"",""
ball,2,12.6,Australia,AJ Finch,DA Warner,Mohammad Nabi,1,0,"",""
ball,2,13.1,Australia,AJ Finch,DA Warner,Rashid Khan,4,0,"",""
ball,2,13.2,Australia,AJ Finch,DA Warner,Rashid Khan,6,0,"",""
ball,2,13.3,Australia,AJ Finch,DA Warner,Rashid Khan,1,0,"",""
ball,2,13.4,Australia,DA Warner,AJ Finch,Rashid Khan,2,0,"",""
ball,2,13.5,Australia,DA Warner,AJ Finch,Rashid Khan,0,0,"",""
ball,2,13.6,Australia,DA Warner,AJ Finch,Rashid Khan,1,0,"",""
ball,2,14.1,Australia,DA Warner,AJ Finch,Mohammad Nabi,1,0,"",""
ball,2,14.2,Australia,AJ Finch,DA Warner,Mohammad Nabi,1,0,"",""
ball,2,14.3,Australia,DA Warner,AJ Finch,Mohammad Nabi,0,0,"",""
ball,2,14.4,Australia,DA Warner,AJ Finch,Mohammad Nabi,0,0,"",""
ball,2,14.5,Australia,DA Warner,AJ Finch,Mohammad Nabi,1,0,"",""
ball,2,14.6,Australia,AJ Finch,DA Warner,Mohammad Nabi,1,0,"",""
ball,2,15.1,Australia,AJ Finch,DA Warner,Rashid Khan,2,0,"",""
ball,2,15.2,Australia,AJ Finch,DA Warner,Rashid Khan,1,0,"",""
ball,2,15.3,Australia,DA Warner,AJ Finch,Rashid Khan,0,0,"",""
ball,2,15.4,Australia,DA Warner,AJ Finch,Rashid Khan,2,0,"",""
ball,2,15.5,Australia,DA Warner,AJ Finch,Rashid Khan,1,0,"",""
ball,2,15.6,Australia,AJ Finch,DA Warner,Rashid Khan,1,0,"",""
ball,2,16.1,Australia,AJ Finch,DA Warner,Gulbadin Naib,2,0,"",""
ball,2,16.2,Australia,AJ Finch,DA Warner,Gulbadin Naib,0,0,caught,AJ Finch
ball,2,16.3,Australia,DA Warner,UT Khawaja,Gulbadin Naib,0,1,"",""
ball,2,16.4,Australia,DA Warner,UT Khawaja,Gulbadin Naib,0,0,"",""
ball,2,16.5,Australia,DA Warner,UT Khawaja,Gulbadin Naib,0,0,"",""
ball,2,16.6,Australia,DA Warner,UT Khawaja,Gulbadin Naib,0,0,"",""
ball,2,16.7,Australia,DA Warner,UT Khawaja,Gulbadin Naib,1,0,"",""
ball,2,17.1,Australia,DA Warner,UT Khawaja,Rashid Khan,0,0,"",""
ball,2,17.2,Australia,DA Warner,UT Khawaja,Rashid Khan,0,0,"",""
ball,2,17.3,Australia,DA Warner,UT Khawaja,Rashid Khan,4,0,"",""
ball,2,17.4,Australia,DA Warner,UT Khawaja,Rashid Khan,1,0,"",""
ball,2,17.5,Australia,UT Khawaja,DA Warner,Rashid Khan,0,0,"",""
ball,2,17.6,Australia,UT Khawaja,DA Warner,Rashid Khan,0,0,"",""
ball,2,18.1,Australia,DA Warner,UT Khawaja,Gulbadin Naib,0,0,"",""
ball,2,18.2,Australia,DA Warner,UT Khawaja,Gulbadin Naib,0,0,"",""
ball,2,18.3,Australia,DA Warner,UT Khawaja,Gulbadin Naib,1,0,"",""
ball,2,18.4,Australia,UT Khawaja,DA Warner,Gulbadin Naib,1,0,"",""
ball,2,18.5,Australia,DA Warner,UT Khawaja,Gulbadin Naib,4,0,"",""
ball,2,18.6,Australia,DA Warner,UT Khawaja,Gulbadin Naib,0,0,"",""
ball,2,19.1,Australia,UT Khawaja,DA Warner,Mohammad Nabi,0,0,"",""
ball,2,19.2,Australia,UT Khawaja,DA Warner,Mohammad Nabi,1,0,"",""
ball,2,19.3,Australia,DA Warner,UT Khawaja,Mohammad Nabi,1,0,"",""
ball,2,19.4,Australia,UT Khawaja,DA Warner,Mohammad Nabi,0,5,"",""
ball,2,19.5,Australia,UT Khawaja,DA Warner,Mohammad Nabi,1,0,"",""
ball,2,19.6,Australia,DA Warner,UT Khawaja,Mohammad Nabi,0,0,"",""
ball,2,19.7,Australia,DA Warner,UT Khawaja,Mohammad Nabi,0,0,"",""
ball,2,20.1,Australia,UT Khawaja,DA Warner,Gulbadin Naib,2,0,"",""
ball,2,20.2,Australia,UT Khawaja,DA Warner,Gulbadin Naib,1,0,"",""
ball,2,20.3,Australia,DA Warner,UT Khawaja,Gulbadin Naib,0,0,"",""
ball,2,20.4,Australia,DA Warner,UT Khawaja,Gulbadin Naib,4,0,"",""
ball,2,20.5,Australia,DA Warner,UT Khawaja,Gulbadin Naib,2,0,"",""
ball,2,20.6,Australia,DA Warner,UT Khawaja,Gulbadin Naib,0,1,"",""
ball,2,20.7,Australia,DA Warner,UT Khawaja,Gulbadin Naib,0,1,"",""
ball,2,20.8,Australia,DA Warner,UT Khawaja,Gulbadin Naib,2,0,"",""
ball,2,21.1,Australia,UT Khawaja,DA Warner,Mohammad Nabi,0,5,"",""
ball,2,21.2,Australia,UT Khawaja,DA Warner,Mohammad Nabi,1,0,"",""
ball,2,21.3,Australia,DA Warner,UT Khawaja,Mohammad Nabi,0,0,"",""
ball,2,21.4,Australia,DA Warner,UT Khawaja,Mohammad Nabi,1,0,"",""
ball,2,21.5,Australia,UT Khawaja,DA Warner,Mohammad Nabi,4,0,"",""
ball,2,21.6,Australia,UT Khawaja,DA Warner,Mohammad Nabi,0,0,"",""
ball,2,21.7,Australia,UT Khawaja,DA Warner,Mohammad Nabi,1,0,"",""
ball,2,22.1,Australia,UT Khawaja,DA Warner,Rashid Khan,1,0,"",""
ball,2,22.2,Australia,DA Warner,UT Khawaja,Rashid Khan,4,0,"",""
ball,2,22.3,Australia,DA Warner,UT Khawaja,Rashid Khan,1,0,"",""
ball,2,22.4,Australia,UT Khawaja,DA Warner,Rashid Khan,0,0,"",""
ball,2,22.5,Australia,UT Khawaja,DA Warner,Rashid Khan,0,0,"",""
ball,2,22.6,Australia,UT Khawaja,DA Warner,Rashid Khan,0,0,"",""
ball,2,23.1,Australia,DA Warner,UT Khawaja,Mohammad Nabi,1,0,"",""
ball,2,23.2,Australia,UT Khawaja,DA Warner,Mohammad Nabi,1,0,"",""
ball,2,23.3,Australia,DA Warner,UT Khawaja,Mohammad Nabi,0,0,"",""
ball,2,23.4,Australia,DA Warner,UT Khawaja,Mohammad Nabi,0,0,"",""
ball,2,23.5,Australia,DA Warner,UT Khawaja,Mohammad Nabi,0,0,"",""
ball,2,23.6,Australia,DA Warner,UT Khawaja,Mohammad Nabi,0,0,"",""
ball,2,24.1,Australia,UT Khawaja,DA Warner,Rashid Khan,1,0,"",""
ball,2,24.2,Australia,DA Warner,UT Khawaja,Rashid Khan,0,0,"",""
ball,2,24.3,Australia,DA Warner,UT Khawaja,Rashid Khan,4,0,"",""
ball,2,24.4,Australia,DA Warner,UT Khawaja,Rashid Khan,1,0,"",""
ball,2,24.5,Australia,UT Khawaja,DA Warner,Rashid Khan,0,0,"",""
ball,2,24.6,Australia,UT Khawaja,DA Warner,Rashid Khan,0,0,lbw,UT Khawaja
ball,2,25.1,Australia,DA Warner,SPD Smith,Hamid Hassan,1,0,"",""
ball,2,25.2,Australia,SPD Smith,DA Warner,Hamid Hassan,0,1,"",""
ball,2,25.3,Australia,SPD Smith,DA Warner,Hamid Hassan,1,0,"",""
ball,2,25.4,Australia,DA Warner,SPD Smith,Hamid Hassan,0,0,"",""
ball,2,25.5,Australia,DA Warner,SPD Smith,Hamid Hassan,0,0,"",""
ball,2,25.6,Australia,DA Warner,SPD Smith,Hamid Hassan,1,0,"",""
ball,2,25.7,Australia,SPD Smith,DA Warner,Hamid Hassan,0,0,"",""
ball,2,26.1,Australia,DA Warner,SPD Smith,Rashid Khan,1,0,"",""
ball,2,26.2,Australia,SPD Smith,DA Warner,Rashid Khan,0,0,"",""
ball,2,26.3,Australia,SPD Smith,DA Warner,Rashid Khan,0,0,"",""
ball,2,26.4,Australia,SPD Smith,DA Warner,Rashid Khan,1,0,"",""
ball,2,26.5,Australia,DA Warner,SPD Smith,Rashid Khan,1,0,"",""
ball,2,26.6,Australia,SPD Smith,DA Warner,Rashid Khan,1,0,"",""
ball,2,27.1,Australia,SPD Smith,DA Warner,Hamid Hassan,0,0,"",""
ball,2,27.2,Australia,SPD Smith,DA Warner,Hamid Hassan,0,0,"",""
ball,2,27.3,Australia,SPD Smith,DA Warner,Hamid Hassan,1,0,"",""
ball,2,27.4,Australia,DA Warner,SPD Smith,Hamid Hassan,0,1,"",""
ball,2,27.5,Australia,SPD Smith,DA Warner,Hamid Hassan,0,0,"",""
ball,2,27.6,Australia,SPD Smith,DA Warner,Hamid Hassan,0,0,"",""
ball,2,28.1,Australia,DA Warner,SPD Smith,Rashid Khan,1,0,"",""
ball,2,28.2,Australia,SPD Smith,DA Warner,Rashid Khan,1,0,"",""
ball,2,28.3,Australia,DA Warner,SPD Smith,Rashid Khan,0,0,"",""
ball,2,28.4,Australia,DA Warner,SPD Smith,Rashid Khan,1,0,"",""
ball,2,28.5,Australia,SPD Smith,DA Warner,Rashid Khan,1,0,"",""
ball,2,28.6,Australia,DA Warner,SPD Smith,Rashid Khan,1,0,"",""
ball,2,29.1,Australia,DA Warner,SPD Smith,Dawlat Zadran,2,0,"",""
ball,2,29.2,Australia,DA Warner,SPD Smith,Dawlat Zadran,0,0,"",""
ball,2,29.3,Australia,DA Warner,SPD Smith,Dawlat Zadran,2,0,"",""
ball,2,29.4,Australia,DA Warner,SPD Smith,Dawlat Zadran,4,0,"",""
ball,2,29.5,Australia,DA Warner,SPD Smith,Dawlat Zadran,0,0,"",""
ball,2,29.6,Australia,DA Warner,SPD Smith,Dawlat Zadran,1,0,"",""
ball,2,30.1,Australia,DA Warner,SPD Smith,Mujeeb Ur Rahman,2,0,"",""
ball,2,30.2,Australia,DA Warner,SPD Smith,Mujeeb Ur Rahman,0,0,"",""
ball,2,30.3,Australia,DA Warner,SPD Smith,Mujeeb Ur Rahman,1,0,"",""
ball,2,30.4,Australia,SPD Smith,DA Warner,Mujeeb Ur Rahman,4,0,"",""
ball,2,30.5,Australia,SPD Smith,DA Warner,Mujeeb Ur Rahman,0,0,"",""
ball,2,30.6,Australia,SPD Smith,DA Warner,Mujeeb Ur Rahman,1,0,"",""
ball,2,31.1,Australia,SPD Smith,DA Warner,Dawlat Zadran,0,0,"",""
ball,2,31.2,Australia,SPD Smith,DA Warner,Dawlat Zadran,1,0,"",""
ball,2,31.3,Australia,DA Warner,SPD Smith,Dawlat Zadran,1,0,"",""
ball,2,31.4,Australia,SPD Smith,DA Warner,Dawlat Zadran,0,0,"",""
ball,2,31.5,Australia,SPD Smith,DA Warner,Dawlat Zadran,0,0,"",""
ball,2,31.6,Australia,SPD Smith,DA Warner,Dawlat Zadran,1,0,"",""
ball,2,32.1,Australia,SPD Smith,DA Warner,Mujeeb Ur Rahman,1,0,"",""
ball,2,32.2,Australia,DA Warner,SPD Smith,Mujeeb Ur Rahman,2,0,"",""
ball,2,32.3,Australia,DA Warner,SPD Smith,Mujeeb Ur Rahman,1,0,"",""
ball,2,32.4,Australia,SPD Smith,DA Warner,Mujeeb Ur Rahman,2,0,"",""
ball,2,32.5,Australia,SPD Smith,DA Warner,Mujeeb Ur Rahman,1,0,"",""
ball,2,32.6,Australia,DA Warner,SPD Smith,Mujeeb Ur Rahman,1,0,"",""
ball,2,33.1,Australia,DA Warner,SPD Smith,Rashid Khan,0,0,"",""
ball,2,33.2,Australia,DA Warner,SPD Smith,Rashid Khan,2,0,"",""
ball,2,33.3,Australia,DA Warner,SPD Smith,Rashid Khan,1,0,"",""
ball,2,33.4,Australia,SPD Smith,DA Warner,Rashid Khan,1,0,"",""
ball,2,33.5,Australia,DA Warner,SPD Smith,Rashid Khan,0,0,"",""
ball,2,33.6,Australia,DA Warner,SPD Smith,Rashid Khan,1,0,"",""
ball,2,34.1,Australia,DA Warner,SPD Smith,Mujeeb Ur Rahman,0,0,"",""
ball,2,34.2,Australia,DA Warner,SPD Smith,Mujeeb Ur Rahman,1,0,"",""
ball,2,34.3,Australia,SPD Smith,DA Warner,Mujeeb Ur Rahman,0,0,"",""
ball,2,34.4,Australia,SPD Smith,DA Warner,Mujeeb Ur Rahman,0,0,caught,SPD Smith
ball,2,34.5,Australia,GJ Maxwell,DA Warner,Mujeeb Ur Rahman,4,0,"",""
